구분	프로젝트	파일	라인	멤버	호출_문맥	캡처_변수	실행_스레드	호출_시점	예외_전달	위험도	변경_방법
Lambda	Drilling.Common	Drilling.Common/Alarm/CAlarmManager.cs	71	Drilling.Common.Alarm.CAlarmManager.Build(Drilling.Common.Managers.ST_DEVICE_STATUS, Drilling.Common.InterLock.ST_INTERLOCK_SUMMARY)	status.Motors.Where	-	열거를 수행하는 호출자 스레드	기존 LINQ 열거 시점	기존 열거 시 호출자에게 전달	낮음	이름 있는 조건/선택 메서드 또는 for/foreach
Lambda	Drilling.Common	Drilling.Common/Alarm/CAlarmManager.cs	94	Drilling.Common.Alarm.CAlarmManager.Build(Drilling.Common.Managers.ST_DEVICE_STATUS, Drilling.Common.InterLock.ST_INTERLOCK_SUMMARY)	candidates              .Select	-	열거를 수행하는 호출자 스레드	기존 LINQ 열거 시점	기존 열거 시 호출자에게 전달	낮음	이름 있는 조건/선택 메서드 또는 for/foreach
Lambda	Drilling.Common	Drilling.Common/Alarm/CAlarmManager.cs	97	Drilling.Common.Alarm.CAlarmManager.Build(Drilling.Common.Managers.ST_DEVICE_STATUS, Drilling.Common.InterLock.ST_INTERLOCK_SUMMARY)	_activeSince.Keys.Where	activeCodes	열거를 수행하는 호출자 스레드	기존 LINQ 열거 시점	기존 열거 시 호출자에게 전달	중간	이름 있는 조건/선택 메서드 또는 for/foreach
Lambda	Drilling.Common	Drilling.Common/Alarm/CAlarmManager.cs	103	Drilling.Common.Alarm.CAlarmManager.Build(Drilling.Common.Managers.ST_DEVICE_STATUS, Drilling.Common.InterLock.ST_INTERLOCK_SUMMARY)	candidates              .Select	this,now	열거를 수행하는 호출자 스레드	기존 LINQ 열거 시점	기존 열거 시 호출자에게 전달	중간	이름 있는 조건/선택 메서드 또는 for/foreach
Lambda	Drilling.Common	Drilling.Common/Alarm/CAlarmManager.cs	104	Drilling.Common.Alarm.CAlarmManager.Build(Drilling.Common.Managers.ST_DEVICE_STATUS, Drilling.Common.InterLock.ST_INTERLOCK_SUMMARY)	candidates              .Select(alarm => ToAlarmData(alarm, now))              .OrderByDescending	-	열거를 수행하는 호출자 스레드	기존 LINQ 열거 시점	기존 열거 시 호출자에게 전달	낮음	이름 있는 조건/선택 메서드 또는 for/foreach
Lambda	Drilling.Common	Drilling.Common/Alarm/CAlarmManager.cs	105	Drilling.Common.Alarm.CAlarmManager.Build(Drilling.Common.Managers.ST_DEVICE_STATUS, Drilling.Common.InterLock.ST_INTERLOCK_SUMMARY)	candidates              .Select(alarm => ToAlarmData(alarm, now))              .OrderByDescending(alarm => alarm.Severity)              .ThenBy	-	열거를 수행하는 호출자 스레드	기존 LINQ 열거 시점	기존 열거 시 호출자에게 전달	낮음	이름 있는 조건/선택 메서드 또는 for/foreach
Lambda	Drilling.Common	Drilling.Common/Alarm/CAlarmManager.cs	113	Drilling.Common.Alarm.CAlarmManager.AddInterLockAlarms(System.Collections.Generic.ICollection<Drilling.Common.Alarm.CAlarmManager.ST_ALARM_CANDIDATE>, Drilling.Common.InterLock.ST_INTERLOCK_SUMMARY)	interLock.Items.Where	-	열거를 수행하는 호출자 스레드	기존 LINQ 열거 시점	기존 열거 시 호출자에게 전달	낮음	이름 있는 조건/선택 메서드 또는 for/foreach
Lambda	Drilling.Common	Drilling.Common/Interface/Automation1/CAutomation1Comm.cs	82	Drilling.Common.Interface.CAutomation1Comm.Execute(string, System.Threading.CancellationToken)	Task.Run	this,function,executeCancellationToken,controller	기존 작업/스레드/타이머 실행 스레드	기존 작업 예약 또는 타이머 발생 시점	기존 Task/스레드 경로 유지	높음	이름 있는 작업/스레드 콜백
SwitchExpression	Drilling.Common	Drilling.Common/Interface/Automation1/CAutomation1Comm.cs	323	Drilling.Common.Interface.CAutomation1Comm.ExecuteAutomation1Function(Aerotech.Automation1.DotNet.Controller, string, System.Threading.CancellationToken)	ReturnStatement	-	호출자 스레드	기존 식 평가 시점	기존 호출자에게 직접 전달	중간	일반 switch 문과 명시적 return/대입
SwitchExpression	Drilling.Common	Drilling.Common/Interface/Automation1/CAutomation1Comm.cs	348	Drilling.Common.Interface.CAutomation1Comm.ExecuteScriptFunction(Aerotech.Automation1.DotNet.Controller, string, System.Threading.CancellationToken)	ReturnStatement	-	호출자 스레드	기존 식 평가 시점	기존 호출자에게 직접 전달	중간	일반 switch 문과 명시적 return/대입
SwitchExpression	Drilling.Common	Drilling.Common/Interface/Automation1/CAutomation1Comm.cs	376	Drilling.Common.Interface.CAutomation1Comm.ExecuteTaskFunction(Aerotech.Automation1.DotNet.Controller, string)	ReturnStatement	-	호출자 스레드	기존 식 평가 시점	기존 호출자에게 직접 전달	중간	일반 switch 문과 명시적 return/대입
SwitchExpression	Drilling.Common	Drilling.Common/Interface/Automation1/CAutomation1Comm.cs	394	Drilling.Common.Interface.CAutomation1Comm.ExecuteTaskFunction(Aerotech.Automation1.DotNet.Controller, string)	ReturnStatement	-	호출자 스레드	기존 식 평가 시점	기존 호출자에게 직접 전달	중간	일반 switch 문과 명시적 return/대입
Lambda	Drilling.Common	Drilling.Common/Interface/Automation1/CAutomation1Comm.cs	586	Drilling.Common.Interface.CAutomation1Comm.RunBufferedControllerFiles(Aerotech.Automation1.DotNet.Controller, System.Collections.Generic.IReadOnlyList<Drilling.Common.Interface.CAutomation1Comm.CBufferedRunRequest>, int, int, int, System.Threading.CancellationToken)	commandQueues.Select	-	열거를 수행하는 호출자 스레드	기존 LINQ 열거 시점	기존 열거 시 호출자에게 전달	낮음	이름 있는 조건/선택 메서드 또는 for/foreach
Lambda	Drilling.Common	Drilling.Common/Interface/Automation1/CAutomation1Comm.cs	629	Drilling.Common.Interface.CAutomation1Comm.WaitForBufferedRunTasksComplete(Aerotech.Automation1.DotNet.Controller, System.Collections.Generic.IReadOnlyList<Drilling.Common.Interface.CAutomation1Comm.CBufferedRunQueue>, int, System.Threading.CancellationToken)	queueList                  .Select	controller	열거를 수행하는 호출자 스레드	기존 LINQ 열거 시점	기존 열거 시 호출자에게 전달	중간	이름 있는 조건/선택 메서드 또는 for/foreach
Lambda	Drilling.Common	Drilling.Common/Interface/Automation1/CAutomation1Comm.cs	631	Drilling.Common.Interface.CAutomation1Comm.WaitForBufferedRunTasksComplete(Aerotech.Automation1.DotNet.Controller, System.Collections.Generic.IReadOnlyList<Drilling.Common.Interface.CAutomation1Comm.CBufferedRunQueue>, int, System.Threading.CancellationToken)	states.FirstOrDefault	-	열거를 수행하는 호출자 스레드	기존 LINQ 열거 시점	기존 열거 시 호출자에게 전달	낮음	이름 있는 조건/선택 메서드 또는 for/foreach
Lambda	Drilling.Common	Drilling.Common/Interface/Automation1/CAutomation1Comm.cs	638	Drilling.Common.Interface.CAutomation1Comm.WaitForBufferedRunTasksComplete(Aerotech.Automation1.DotNet.Controller, System.Collections.Generic.IReadOnlyList<Drilling.Common.Interface.CAutomation1Comm.CBufferedRunQueue>, int, System.Threading.CancellationToken)	states.All	-	열거를 수행하는 호출자 스레드	기존 LINQ 열거 시점	기존 열거 시 호출자에게 전달	낮음	이름 있는 조건/선택 메서드 또는 for/foreach
Lambda	Drilling.Common	Drilling.Common/Interface/Automation1/CAutomation1Comm.cs	686	Drilling.Common.Interface.CAutomation1Comm.FormatBufferedRunTaskStates(System.Collections.Generic.IReadOnlyList<Drilling.Common.Interface.CAutomation1Comm.CBufferedRunTaskState>)	states.Select	-	열거를 수행하는 호출자 스레드	기존 LINQ 열거 시점	기존 열거 시 호출자에게 전달	낮음	이름 있는 조건/선택 메서드 또는 for/foreach
Lambda	Drilling.Common	Drilling.Common/Interface/Automation1/CAutomation1Comm.cs	695	Drilling.Common.Interface.CAutomation1Comm.StopBufferedRunTasks(Aerotech.Automation1.DotNet.Controller, System.Collections.Generic.IEnumerable<Drilling.Common.Interface.CAutomation1Comm.CBufferedRunRequest>, System.Collections.Generic.ICollection<System.Exception>)	requests.Select	-	열거를 수행하는 호출자 스레드	기존 LINQ 열거 시점	기존 열거 시 호출자에게 전달	낮음	이름 있는 조건/선택 메서드 또는 for/foreach
Lambda	Drilling.Common	Drilling.Common/Interface/Automation1/CAutomation1Comm.cs	749	Drilling.Common.Interface.CAutomation1Comm.AddCleanupExceptions(System.Exception, System.Collections.Generic.IReadOnlyCollection<System.Exception>)	cleanupExceptions.Select	-	열거를 수행하는 호출자 스레드	기존 LINQ 열거 시점	기존 열거 시 호출자에게 전달	낮음	이름 있는 조건/선택 메서드 또는 for/foreach
Lambda	Drilling.Common	Drilling.Common/Interface/Automation1/CAutomation1Comm.cs	801	Drilling.Common.Interface.CAutomation1Comm.ExecuteAxisFunction(Aerotech.Automation1.DotNet.Controller, System.Collections.Generic.IReadOnlyList<string>)	ExecuteAxis	controller	호출자 스레드	기존 식 평가 시점	기존 호출자에게 직접 전달	중간	이름 있는 메서드 또는 명시적 반복문
Lambda	Drilling.Common	Drilling.Common/Interface/Automation1/CAutomation1Comm.cs	802	Drilling.Common.Interface.CAutomation1Comm.ExecuteAxisFunction(Aerotech.Automation1.DotNet.Controller, System.Collections.Generic.IReadOnlyList<string>)	ExecuteAxis	controller	호출자 스레드	기존 식 평가 시점	기존 호출자에게 직접 전달	중간	이름 있는 메서드 또는 명시적 반복문
Lambda	Drilling.Common	Drilling.Common/Interface/Automation1/CAutomation1Comm.cs	807	Drilling.Common.Interface.CAutomation1Comm.ExecuteAxisFunction(Aerotech.Automation1.DotNet.Controller, System.Collections.Generic.IReadOnlyList<string>)	ExecuteAxis	controller	호출자 스레드	기존 식 평가 시점	기존 호출자에게 직접 전달	중간	이름 있는 메서드 또는 명시적 반복문
Lambda	Drilling.Common	Drilling.Common/Interface/Automation1/CAutomation1Comm.cs	808	Drilling.Common.Interface.CAutomation1Comm.ExecuteAxisFunction(Aerotech.Automation1.DotNet.Controller, System.Collections.Generic.IReadOnlyList<string>)	ExecuteAxis	controller	호출자 스레드	기존 식 평가 시점	기존 호출자에게 직접 전달	중간	이름 있는 메서드 또는 명시적 반복문
Lambda	Drilling.Common	Drilling.Common/Interface/Automation1/CAutomation1Comm.cs	813	Drilling.Common.Interface.CAutomation1Comm.ExecuteAxisFunction(Aerotech.Automation1.DotNet.Controller, System.Collections.Generic.IReadOnlyList<string>)	ExecuteAxis	controller	호출자 스레드	기존 식 평가 시점	기존 호출자에게 직접 전달	중간	이름 있는 메서드 또는 명시적 반복문
Lambda	Drilling.Common	Drilling.Common/Interface/Automation1/CAutomation1Comm.cs	814	Drilling.Common.Interface.CAutomation1Comm.ExecuteAxisFunction(Aerotech.Automation1.DotNet.Controller, System.Collections.Generic.IReadOnlyList<string>)	ExecuteAxis	controller	호출자 스레드	기존 식 평가 시점	기존 호출자에게 직접 전달	중간	이름 있는 메서드 또는 명시적 반복문
Lambda	Drilling.Common	Drilling.Common/Interface/Automation1/CAutomation1Comm.cs	819	Drilling.Common.Interface.CAutomation1Comm.ExecuteAxisFunction(Aerotech.Automation1.DotNet.Controller, System.Collections.Generic.IReadOnlyList<string>)	ExecuteAxis	controller	호출자 스레드	기존 식 평가 시점	기존 호출자에게 직접 전달	중간	이름 있는 메서드 또는 명시적 반복문
Lambda	Drilling.Common	Drilling.Common/Interface/Automation1/CAutomation1Comm.cs	820	Drilling.Common.Interface.CAutomation1Comm.ExecuteAxisFunction(Aerotech.Automation1.DotNet.Controller, System.Collections.Generic.IReadOnlyList<string>)	ExecuteAxis	controller	호출자 스레드	기존 식 평가 시점	기존 호출자에게 직접 전달	중간	이름 있는 메서드 또는 명시적 반복문
Lambda	Drilling.Common	Drilling.Common/Interface/Automation1/CAutomation1Comm.cs	827	Drilling.Common.Interface.CAutomation1Comm.ExecuteAxisFunction(Aerotech.Automation1.DotNet.Controller, System.Collections.Generic.IReadOnlyList<string>)	ExecuteAxis	controller	호출자 스레드	기존 식 평가 시점	기존 호출자에게 직접 전달	중간	이름 있는 메서드 또는 명시적 반복문
Lambda	Drilling.Common	Drilling.Common/Interface/Automation1/CAutomation1Comm.cs	828	Drilling.Common.Interface.CAutomation1Comm.ExecuteAxisFunction(Aerotech.Automation1.DotNet.Controller, System.Collections.Generic.IReadOnlyList<string>)	ExecuteAxis	controller	호출자 스레드	기존 식 평가 시점	기존 호출자에게 직접 전달	중간	이름 있는 메서드 또는 명시적 반복문
Lambda	Drilling.Common	Drilling.Common/Interface/Automation1/CAutomation1Comm.cs	838	Drilling.Common.Interface.CAutomation1Comm.ExecuteAxisFunction(Aerotech.Automation1.DotNet.Controller, System.Collections.Generic.IReadOnlyList<string>)	ExecuteAxis	controller	호출자 스레드	기존 식 평가 시점	기존 호출자에게 직접 전달	중간	이름 있는 메서드 또는 명시적 반복문
Lambda	Drilling.Common	Drilling.Common/Interface/Automation1/CAutomation1Comm.cs	839	Drilling.Common.Interface.CAutomation1Comm.ExecuteAxisFunction(Aerotech.Automation1.DotNet.Controller, System.Collections.Generic.IReadOnlyList<string>)	ExecuteAxis	controller	호출자 스레드	기존 식 평가 시점	기존 호출자에게 직접 전달	중간	이름 있는 메서드 또는 명시적 반복문
ExpressionBody	Drilling.Common	Drilling.Common/Interface/Automation1/CAutomation1Comm.cs	1172	Drilling.Common.Interface.CAutomation1Comm.CAutoAxis.CommandText.get	PropertyDeclaration	-	호출자 스레드	기존 식 평가 시점	기존 호출자에게 직접 전달	낮음	블록 본문과 명시적 return/get/set
ExpressionBody	Drilling.Common	Drilling.Common/Interface/Automation1/CAutomation1Comm.cs	1195	Drilling.Common.Interface.CAutomation1Comm.CBufferedRunTaskState.HasQueueEmptiedAfterStart.get	PropertyDeclaration	-	호출자 스레드	기존 식 평가 시점	기존 호출자에게 직접 전달	낮음	블록 본문과 명시적 return/get/set
Lambda	Drilling.Common	Drilling.Common/Interface/CComm.cs	17	Drilling.Common.Interface.CCommTypeAttribute.DeviceNames.field	deviceNames          .Where	-	열거를 수행하는 호출자 스레드	기존 LINQ 열거 시점	기존 열거 시 호출자에게 전달	낮음	이름 있는 조건/선택 메서드 또는 for/foreach
Lambda	Drilling.Common	Drilling.Common/Interface/CComm.cs	77	Drilling.Common.Interface.CComm.Create(Drilling.Common.Interface.ST_INTERFACE_DATA, Drilling.Common.Interface.ST_INTERFACE_CONNECT_OPTION)	CommTypes              .Where	interfaceType,deviceName	열거를 수행하는 호출자 스레드	기존 LINQ 열거 시점	기존 열거 시 호출자에게 전달	중간	이름 있는 조건/선택 메서드 또는 for/foreach
Lambda	Drilling.Common	Drilling.Common/Interface/CComm.cs	78	Drilling.Common.Interface.CComm.Create(Drilling.Common.Interface.ST_INTERFACE_DATA, Drilling.Common.Interface.ST_INTERFACE_CONNECT_OPTION)	CommTypes              .Where(item => item.IsMatch(interfaceType, deviceName))              .OrderByDescending	-	열거를 수행하는 호출자 스레드	기존 LINQ 열거 시점	기존 열거 시 호출자에게 전달	낮음	이름 있는 조건/선택 메서드 또는 for/foreach
Lambda	Drilling.Common	Drilling.Common/Interface/CComm.cs	95	Drilling.Common.Interface.CComm.LoadCommTypes()	typeof(CCommBase)              .Assembly              .GetTypes()              .Where	-	열거를 수행하는 호출자 스레드	기존 LINQ 열거 시점	기존 열거 시 호출자에게 전달	낮음	이름 있는 조건/선택 메서드 또는 for/foreach
Lambda	Drilling.Common	Drilling.Common/Interface/CComm.cs	96	Drilling.Common.Interface.CComm.LoadCommTypes()	typeof(CCommBase)              .Assembly              .GetTypes()              .Where(type => !type.IsAbstract && typeof(CCommBase).IsAssignableFrom(type))              .SelectMany	type	열거를 수행하는 호출자 스레드	기존 LINQ 열거 시점	기존 열거 시 호출자에게 전달	중간	이름 있는 조건/선택 메서드 또는 for/foreach
Lambda	Drilling.Common	Drilling.Common/Interface/CComm.cs	97	lambda expression	type.GetCustomAttributes<CCommTypeAttribute>()                  .Select	type	열거를 수행하는 호출자 스레드	기존 LINQ 열거 시점	기존 열거 시 호출자에게 전달	중간	이름 있는 조건/선택 메서드 또는 for/foreach
ExpressionBody	Drilling.Common	Drilling.Common/Interface/CComm.cs	126	Drilling.Common.Interface.CCommBase.Endpoint.get	PropertyDeclaration	-	호출자 스레드	기존 식 평가 시점	기존 호출자에게 직접 전달	낮음	블록 본문과 명시적 return/get/set
ExpressionBody	Drilling.Common	Drilling.Common/Interface/CInterfaceManager.cs	93	Drilling.Common.Interface.ST_INTERFACE_COMM_STATUS.InstanceKey.get	PropertyDeclaration	-	호출자 스레드	기존 식 평가 시점	기존 호출자에게 직접 전달	낮음	블록 본문과 명시적 return/get/set
ExpressionBody	Drilling.Common	Drilling.Common/Interface/CInterfaceManager.cs	115	Drilling.Common.Interface.ST_INTERFACE_DATA.InstanceKey.get	PropertyDeclaration	-	호출자 스레드	기존 식 평가 시점	기존 호출자에게 직접 전달	낮음	블록 본문과 명시적 return/get/set
ExpressionBody	Drilling.Common	Drilling.Common/Interface/CInterfaceManager.cs	436	Drilling.Common.Interface.CInterfaceManager.IsSimulation.get	PropertyDeclaration	-	호출자 스레드	기존 식 평가 시점	기존 호출자에게 직접 전달	낮음	블록 본문과 명시적 return/get/set
Lambda	Drilling.Common	Drilling.Common/Interface/CInterfaceManager.cs	438	Drilling.Common.Interface.CInterfaceManager.IsSimulation.get	_devices.Values.All	-	열거를 수행하는 호출자 스레드	기존 LINQ 열거 시점	기존 열거 시 호출자에게 전달	낮음	이름 있는 조건/선택 메서드 또는 for/foreach
ExpressionBody	Drilling.Common	Drilling.Common/Interface/CInterfaceManager.cs	440	Drilling.Common.Interface.CInterfaceManager.Devices.get	PropertyDeclaration	-	호출자 스레드	기존 식 평가 시점	기존 호출자에게 직접 전달	낮음	블록 본문과 명시적 return/get/set
ExpressionBody	Drilling.Common	Drilling.Common/Interface/CInterfaceManager.cs	442	Drilling.Common.Interface.CInterfaceManager.Melsec.get	PropertyDeclaration	-	호출자 스레드	기존 식 평가 시점	기존 호출자에게 직접 전달	낮음	블록 본문과 명시적 return/get/set
Lambda	Drilling.Common	Drilling.Common/Interface/CInterfaceManager.cs	675	Drilling.Common.Interface.CInterfaceManager.GetInterfaceList(Drilling.Common.Interface.EN_EQP_MODULE?)	_devices.Values              .Where	module	열거를 수행하는 호출자 스레드	기존 LINQ 열거 시점	기존 열거 시 호출자에게 전달	중간	이름 있는 조건/선택 메서드 또는 for/foreach
Lambda	Drilling.Common	Drilling.Common/Interface/CInterfaceManager.cs	676	Drilling.Common.Interface.CInterfaceManager.GetInterfaceList(Drilling.Common.Interface.EN_EQP_MODULE?)	_devices.Values              .Where(device => module is null || device.Data.Device == module)              .Select	-	열거를 수행하는 호출자 스레드	기존 LINQ 열거 시점	기존 열거 시 호출자에게 전달	낮음	이름 있는 조건/선택 메서드 또는 for/foreach
Lambda	Drilling.Common	Drilling.Common/Interface/CInterfaceManager.cs	677	Drilling.Common.Interface.CInterfaceManager.GetInterfaceList(Drilling.Common.Interface.EN_EQP_MODULE?)	_devices.Values              .Where(device => module is null || device.Data.Device == module)              .Select(device => device.Data)              .OrderBy	-	열거를 수행하는 호출자 스레드	기존 LINQ 열거 시점	기존 열거 시 호출자에게 전달	낮음	이름 있는 조건/선택 메서드 또는 for/foreach
Lambda	Drilling.Common	Drilling.Common/Interface/CInterfaceManager.cs	678	Drilling.Common.Interface.CInterfaceManager.GetInterfaceList(Drilling.Common.Interface.EN_EQP_MODULE?)	_devices.Values              .Where(device => module is null || device.Data.Device == module)              .Select(device => device.Data)              .OrderBy(data => data.Device)              .ThenBy	-	열거를 수행하는 호출자 스레드	기존 LINQ 열거 시점	기존 열거 시 호출자에게 전달	낮음	이름 있는 조건/선택 메서드 또는 for/foreach
Lambda	Drilling.Common	Drilling.Common/Interface/CInterfaceManager.cs	679	Drilling.Common.Interface.CInterfaceManager.GetInterfaceList(Drilling.Common.Interface.EN_EQP_MODULE?)	_devices.Values              .Where(device => module is null || device.Data.Device == module)              .Select(device => device.Data)              .OrderBy(data => data.Device)              .ThenBy(data => data.Number)              .ThenBy	-	열거를 수행하는 호출자 스레드	기존 LINQ 열거 시점	기존 열거 시 호출자에게 전달	낮음	이름 있는 조건/선택 메서드 또는 for/foreach
Lambda	Drilling.Common	Drilling.Common/Interface/CInterfaceManager.cs	686	Drilling.Common.Interface.CInterfaceManager.GetInterfaceCommunicationList(Drilling.Common.Interface.EN_EQP_MODULE?)	_devices.Values              .Where	module	열거를 수행하는 호출자 스레드	기존 LINQ 열거 시점	기존 열거 시 호출자에게 전달	중간	이름 있는 조건/선택 메서드 또는 for/foreach
Lambda	Drilling.Common	Drilling.Common/Interface/CInterfaceManager.cs	687	Drilling.Common.Interface.CInterfaceManager.GetInterfaceCommunicationList(Drilling.Common.Interface.EN_EQP_MODULE?)	_devices.Values              .Where(device => module is null || device.Data.Device == module)              .Select	-	열거를 수행하는 호출자 스레드	기존 LINQ 열거 시점	기존 열거 시 호출자에게 전달	낮음	이름 있는 조건/선택 메서드 또는 for/foreach
Lambda	Drilling.Common	Drilling.Common/Interface/CInterfaceManager.cs	688	Drilling.Common.Interface.CInterfaceManager.GetInterfaceCommunicationList(Drilling.Common.Interface.EN_EQP_MODULE?)	_devices.Values              .Where(device => module is null || device.Data.Device == module)              .Select(device => device.GetCommunicationStatus())              .OrderBy	-	열거를 수행하는 호출자 스레드	기존 LINQ 열거 시점	기존 열거 시 호출자에게 전달	낮음	이름 있는 조건/선택 메서드 또는 for/foreach
Lambda	Drilling.Common	Drilling.Common/Interface/CInterfaceManager.cs	689	Drilling.Common.Interface.CInterfaceManager.GetInterfaceCommunicationList(Drilling.Common.Interface.EN_EQP_MODULE?)	_devices.Values              .Where(device => module is null || device.Data.Device == module)              .Select(device => device.GetCommunicationStatus())              .OrderBy(status => status.Module)              .ThenBy	-	열거를 수행하는 호출자 스레드	기존 LINQ 열거 시점	기존 열거 시 호출자에게 전달	낮음	이름 있는 조건/선택 메서드 또는 for/foreach
Lambda	Drilling.Common	Drilling.Common/Interface/CInterfaceManager.cs	690	Drilling.Common.Interface.CInterfaceManager.GetInterfaceCommunicationList(Drilling.Common.Interface.EN_EQP_MODULE?)	_devices.Values              .Where(device => module is null || device.Data.Device == module)              .Select(device => device.GetCommunicationStatus())              .OrderBy(status => status.Module)              .ThenBy(status => status.Number)              .ThenBy	-	열거를 수행하는 호출자 스레드	기존 LINQ 열거 시점	기존 열거 시 호출자에게 전달	낮음	이름 있는 조건/선택 메서드 또는 for/foreach
Lambda	Drilling.Common	Drilling.Common/Interface/CInterfaceManager.cs	715	Drilling.Common.Interface.CInterfaceManager.GetCommunicationStatus(System.Threading.CancellationToken)	_devices.Values              .GroupBy	-	열거를 수행하는 호출자 스레드	기존 LINQ 열거 시점	기존 열거 시 호출자에게 전달	낮음	이름 있는 조건/선택 메서드 또는 for/foreach
Lambda	Drilling.Common	Drilling.Common/Interface/CInterfaceManager.cs	716	Drilling.Common.Interface.CInterfaceManager.GetCommunicationStatus(System.Threading.CancellationToken)	_devices.Values              .GroupBy(device => device.Data.Device)              .Select	-	열거를 수행하는 호출자 스레드	기존 LINQ 열거 시점	기존 열거 시 호출자에게 전달	낮음	이름 있는 조건/선택 메서드 또는 for/foreach
Lambda	Drilling.Common	Drilling.Common/Interface/CInterfaceManager.cs	718	lambda expression	group.Select	-	열거를 수행하는 호출자 스레드	기존 LINQ 열거 시점	기존 열거 시 호출자에게 전달	낮음	이름 있는 조건/선택 메서드 또는 for/foreach
Lambda	Drilling.Common	Drilling.Common/Interface/CInterfaceManager.cs	719	Drilling.Common.Interface.CInterfaceManager.GetCommunicationStatus(System.Threading.CancellationToken)	_devices.Values              .GroupBy(device => device.Data.Device)              .Select(group => new ST_DEVICE_COMM_STATUS(                  group.Key,                  CollapseConnectionState(group.Select(device => device.ConnectionState))))              .OrderBy	-	열거를 수행하는 호출자 스레드	기존 LINQ 열거 시점	기존 열거 시 호출자에게 전달	낮음	이름 있는 조건/선택 메서드 또는 for/foreach
Lambda	Drilling.Common	Drilling.Common/Interface/CInterfaceManager.cs	729	Drilling.Common.Interface.CInterfaceManager.CollapseConnectionState(System.Collections.Generic.IEnumerable<Drilling.Common.Interface.EN_COMM_STATE>)	stateArray.Any	-	열거를 수행하는 호출자 스레드	기존 LINQ 열거 시점	기존 열거 시 호출자에게 전달	낮음	이름 있는 조건/선택 메서드 또는 for/foreach
Lambda	Drilling.Common	Drilling.Common/Interface/CInterfaceManager.cs	734	Drilling.Common.Interface.CInterfaceManager.CollapseConnectionState(System.Collections.Generic.IEnumerable<Drilling.Common.Interface.EN_COMM_STATE>)	stateArray.All	-	열거를 수행하는 호출자 스레드	기존 LINQ 열거 시점	기존 열거 시 호출자에게 전달	낮음	이름 있는 조건/선택 메서드 또는 for/foreach
Lambda	Drilling.Common	Drilling.Common/Interface/CInterfaceManager.cs	805	Drilling.Common.Interface.CInterfaceManager.TryGetDeviceByNickName(string, out Drilling.Common.Interface.CInterfaceDevice?, bool)	_devices.Values              .Where	normalized	열거를 수행하는 호출자 스레드	기존 LINQ 열거 시점	기존 열거 시 호출자에게 전달	중간	이름 있는 조건/선택 메서드 또는 for/foreach
Lambda	Drilling.Common	Drilling.Common/Interface/CInterfaceManager.cs	816	Drilling.Common.Interface.CInterfaceManager.TryGetDeviceByNickName(string, out Drilling.Common.Interface.CInterfaceDevice?, bool)	matches.Select	-	열거를 수행하는 호출자 스레드	기존 LINQ 열거 시점	기존 열거 시 호출자에게 전달	낮음	이름 있는 조건/선택 메서드 또는 for/foreach
SwitchExpression	Drilling.Common	Drilling.Common/Interface/CInterfaceManager.cs	985	Drilling.Common.Interface.CInterfaceManager.FormatConnectionState(Drilling.Common.Interface.EN_COMM_STATE)	ReturnStatement	-	호출자 스레드	기존 식 평가 시점	기존 호출자에게 직접 전달	중간	일반 switch 문과 명시적 return/대입
SwitchExpression	Drilling.Common	Drilling.Common/Interface/CInterfaceManager.cs	1258	Drilling.Common.Interface.CInterfaceManager.FormatChillerRunState(Drilling.Common.Interface.EN_CHILLER_RUN_STATE)	ReturnStatement	-	호출자 스레드	기존 식 평가 시점	기존 호출자에게 직접 전달	중간	일반 switch 문과 명시적 return/대입
Lambda	Drilling.Common	Drilling.Common/Interface/CInterfaceManager.cs	1611	Drilling.Common.Interface.CInterfaceManager.ExecuteBETCommand(int, Drilling.Common.Interface.EN_BET_COMMAND, double, double, System.Threading.CancellationToken)	table.FirstOrDefault	index	열거를 수행하는 호출자 스레드	기존 LINQ 열거 시점	기존 열거 시 호출자에게 전달	중간	이름 있는 조건/선택 메서드 또는 for/foreach
Lambda	Drilling.Common	Drilling.Common/Interface/CInterfaceManager.cs	1949	Drilling.Common.Interface.CInterfaceManager.GetPicoMotorStatus(System.Threading.CancellationToken)	GetInterfaceList(EN_EQP_MODULE.PicoMotor)              .OrderBy	-	열거를 수행하는 호출자 스레드	기존 LINQ 열거 시점	기존 열거 시 호출자에게 전달	낮음	이름 있는 조건/선택 메서드 또는 for/foreach
Lambda	Drilling.Common	Drilling.Common/Interface/CInterfaceManager.cs	1969	Drilling.Common.Interface.CInterfaceManager.GetPicoMotorStatus(int, System.Threading.CancellationToken)	GetInterfaceList(EN_EQP_MODULE.PicoMotor)              .FirstOrDefault	number	열거를 수행하는 호출자 스레드	기존 LINQ 열거 시점	기존 열거 시 호출자에게 전달	중간	이름 있는 조건/선택 메서드 또는 for/foreach
ExpressionBody	Drilling.Common	Drilling.Common/Interface/CInterfaceManager.cs	1999	Drilling.Common.Interface.CInterfaceManager.RefreshPicoMotorStatus(System.Threading.CancellationToken)	MethodDeclaration	-	호출자 스레드	기존 식 평가 시점	기존 호출자에게 직접 전달	낮음	블록 본문과 명시적 return/get/set
ExpressionBody	Drilling.Common	Drilling.Common/Interface/CInterfaceManager.cs	2004	Drilling.Common.Interface.CInterfaceManager.RefreshPicoMotorStatus(int, System.Threading.CancellationToken)	MethodDeclaration	-	호출자 스레드	기존 식 평가 시점	기존 호출자에게 직접 전달	낮음	블록 본문과 명시적 return/get/set
Lambda	Drilling.Common	Drilling.Common/Interface/CInterfaceManager.cs	2014	Drilling.Common.Interface.CInterfaceManager.ExecutePicoMotorCommand(Drilling.Common.Interface.EN_PICO_MOTOR_COMMAND, int, double, System.Threading.CancellationToken)	GetInterfaceList(EN_EQP_MODULE.PicoMotor)              .OrderBy	-	열거를 수행하는 호출자 스레드	기존 LINQ 열거 시점	기존 열거 시 호출자에게 전달	낮음	이름 있는 조건/선택 메서드 또는 for/foreach
Lambda	Drilling.Common	Drilling.Common/Interface/CInterfaceManager.cs	2032	Drilling.Common.Interface.CInterfaceManager.ExecutePicoMotorCommand(int, Drilling.Common.Interface.EN_PICO_MOTOR_COMMAND, int, double, System.Threading.CancellationToken)	GetInterfaceList(EN_EQP_MODULE.PicoMotor)              .FirstOrDefault	number	열거를 수행하는 호출자 스레드	기존 LINQ 열거 시점	기존 열거 시 호출자에게 전달	중간	이름 있는 조건/선택 메서드 또는 for/foreach
Lambda	Drilling.Common	Drilling.Common/Interface/CInterfaceManager.cs	2064	Drilling.Common.Interface.CInterfaceManager.ExecutePicoMotorAllMove(System.Collections.Generic.IReadOnlyCollection<int>, double, int, System.Threading.CancellationToken)	GetInterfaceList(EN_EQP_MODULE.PicoMotor)              .OrderBy	-	열거를 수행하는 호출자 스레드	기존 LINQ 열거 시점	기존 열거 시 호출자에게 전달	낮음	이름 있는 조건/선택 메서드 또는 for/foreach
Lambda	Drilling.Common	Drilling.Common/Interface/CInterfaceManager.cs	2082	Drilling.Common.Interface.CInterfaceManager.ExecutePicoMotorAllMove(int, System.Collections.Generic.IReadOnlyCollection<int>, double, int, System.Threading.CancellationToken)	GetInterfaceList(EN_EQP_MODULE.PicoMotor)              .FirstOrDefault	number	열거를 수행하는 호출자 스레드	기존 LINQ 열거 시점	기존 열거 시 호출자에게 전달	중간	이름 있는 조건/선택 메서드 또는 for/foreach
Lambda	Drilling.Common	Drilling.Common/Interface/CInterfaceManager.cs	2240	Drilling.Common.Interface.CInterfaceManager.PruneDeviceStateMap<T>(System.Collections.Generic.Dictionary<int, T>, Drilling.Common.Interface.EN_EQP_MODULE)	GetInterfaceList(module)              .Select	-	열거를 수행하는 호출자 스레드	기존 LINQ 열거 시점	기존 열거 시 호출자에게 전달	낮음	이름 있는 조건/선택 메서드 또는 for/foreach
Lambda	Drilling.Common	Drilling.Common/Interface/CInterfaceManager.cs	2243	Drilling.Common.Interface.CInterfaceManager.PruneDeviceStateMap<T>(System.Collections.Generic.Dictionary<int, T>, Drilling.Common.Interface.EN_EQP_MODULE)	statusMap.Keys.Where	validNumbers	열거를 수행하는 호출자 스레드	기존 LINQ 열거 시점	기존 열거 시 호출자에게 전달	중간	이름 있는 조건/선택 메서드 또는 for/foreach
Lambda	Drilling.Common	Drilling.Common/Interface/CInterfaceManager.cs	2252	Drilling.Common.Interface.CInterfaceManager.GetTalonInterfaceData()	GetInterfaceList(EN_EQP_MODULE.TalonLaser)              .OrderBy	-	열거를 수행하는 호출자 스레드	기존 LINQ 열거 시점	기존 열거 시 호출자에게 전달	낮음	이름 있는 조건/선택 메서드 또는 for/foreach
Lambda	Drilling.Common	Drilling.Common/Interface/CInterfaceManager.cs	2253	Drilling.Common.Interface.CInterfaceManager.GetTalonInterfaceData()	GetInterfaceList(EN_EQP_MODULE.TalonLaser)              .OrderBy(data => data.Number)              .ThenBy	-	열거를 수행하는 호출자 스레드	기존 LINQ 열거 시점	기존 열거 시 호출자에게 전달	낮음	이름 있는 조건/선택 메서드 또는 for/foreach
Lambda	Drilling.Common	Drilling.Common/Interface/CInterfaceManager.cs	2265	Drilling.Common.Interface.CInterfaceManager.GetAttenuatorInterfaceData()	GetInterfaceList(EN_EQP_MODULE.Attenuator)              .OrderBy	-	열거를 수행하는 호출자 스레드	기존 LINQ 열거 시점	기존 열거 시 호출자에게 전달	낮음	이름 있는 조건/선택 메서드 또는 for/foreach
Lambda	Drilling.Common	Drilling.Common/Interface/CInterfaceManager.cs	2266	Drilling.Common.Interface.CInterfaceManager.GetAttenuatorInterfaceData()	GetInterfaceList(EN_EQP_MODULE.Attenuator)              .OrderBy(data => data.Number)              .ThenBy	-	열거를 수행하는 호출자 스레드	기존 LINQ 열거 시점	기존 열거 시 호출자에게 전달	낮음	이름 있는 조건/선택 메서드 또는 for/foreach
Lambda	Drilling.Common	Drilling.Common/Interface/CInterfaceManager.cs	2278	Drilling.Common.Interface.CInterfaceManager.GetBETInterfaceData()	GetInterfaceList(EN_EQP_MODULE.Bet)              .OrderBy	-	열거를 수행하는 호출자 스레드	기존 LINQ 열거 시점	기존 열거 시 호출자에게 전달	낮음	이름 있는 조건/선택 메서드 또는 for/foreach
Lambda	Drilling.Common	Drilling.Common/Interface/CInterfaceManager.cs	2279	Drilling.Common.Interface.CInterfaceManager.GetBETInterfaceData()	GetInterfaceList(EN_EQP_MODULE.Bet)              .OrderBy(data => data.Number)              .ThenBy	-	열거를 수행하는 호출자 스레드	기존 LINQ 열거 시점	기존 열거 시 호출자에게 전달	낮음	이름 있는 조건/선택 메서드 또는 for/foreach
Lambda	Drilling.Common	Drilling.Common/Interface/CInterfaceManager.cs	2291	Drilling.Common.Interface.CInterfaceManager.GetPowerMeterInterfaceData()	GetInterfaceList(EN_EQP_MODULE.PowerMeter)              .OrderBy	-	열거를 수행하는 호출자 스레드	기존 LINQ 열거 시점	기존 열거 시 호출자에게 전달	낮음	이름 있는 조건/선택 메서드 또는 for/foreach
Lambda	Drilling.Common	Drilling.Common/Interface/CInterfaceManager.cs	2292	Drilling.Common.Interface.CInterfaceManager.GetPowerMeterInterfaceData()	GetInterfaceList(EN_EQP_MODULE.PowerMeter)              .OrderBy(data => data.Number)              .ThenBy	-	열거를 수행하는 호출자 스레드	기존 LINQ 열거 시점	기존 열거 시 호출자에게 전달	낮음	이름 있는 조건/선택 메서드 또는 for/foreach
Lambda	Drilling.Common	Drilling.Common/Interface/CInterfaceManager.cs	2304	Drilling.Common.Interface.CInterfaceManager.GetChillerInterfaceData()	GetInterfaceList(EN_EQP_MODULE.Chiller)              .OrderBy	-	열거를 수행하는 호출자 스레드	기존 LINQ 열거 시점	기존 열거 시 호출자에게 전달	낮음	이름 있는 조건/선택 메서드 또는 for/foreach
Lambda	Drilling.Common	Drilling.Common/Interface/CInterfaceManager.cs	2305	Drilling.Common.Interface.CInterfaceManager.GetChillerInterfaceData()	GetInterfaceList(EN_EQP_MODULE.Chiller)              .OrderBy(data => data.Number)              .ThenBy	-	열거를 수행하는 호출자 스레드	기존 LINQ 열거 시점	기존 열거 시 호출자에게 전달	낮음	이름 있는 조건/선택 메서드 또는 for/foreach
ExpressionBody	Drilling.Common	Drilling.Common/Interface/CInterfaceManager.cs	2410	Drilling.Common.Interface.CInterfaceDevice.ConnectionState.get	PropertyDeclaration	-	호출자 스레드	기존 식 평가 시점	기존 호출자에게 직접 전달	낮음	블록 본문과 명시적 return/get/set
ExpressionBody	Drilling.Common	Drilling.Common/Interface/CInterfaceManager.cs	2414	Drilling.Common.Interface.CInterfaceDevice.IsSimulation.get	PropertyDeclaration	-	호출자 스레드	기존 식 평가 시점	기존 호출자에게 직접 전달	낮음	블록 본문과 명시적 return/get/set
Lambda	Drilling.Common	Drilling.Common/Interface/CInterfaceManager.cs	2527	Drilling.Common.Interface.CInterfaceConnectOption.Parse(Drilling.Common.Interface.ST_INTERFACE_DATA)	data.Arguments              .Select	-	열거를 수행하는 호출자 스레드	기존 LINQ 열거 시점	기존 열거 시 호출자에게 전달	낮음	이름 있는 조건/선택 메서드 또는 for/foreach
SwitchExpression	Drilling.Common	Drilling.Common/Interface/CInterfaceManager.cs	2532	Drilling.Common.Interface.CInterfaceConnectOption.Parse(Drilling.Common.Interface.ST_INTERFACE_DATA)	ReturnStatement	-	호출자 스레드	기존 식 평가 시점	기존 호출자에게 직접 전달	중간	일반 switch 문과 명시적 return/대입
ExpressionBody	Drilling.Common	Drilling.Common/Interface/Melsec/CMelsec.cs	108	Drilling.Common.Interface.CMelsec.Map.get	PropertyDeclaration	-	호출자 스레드	기존 식 평가 시점	기존 호출자에게 직접 전달	낮음	블록 본문과 명시적 return/get/set
Lambda	Drilling.Common	Drilling.Common/Interface/Melsec/CMelsec.cs	109	Drilling.Common.Interface.CMelsec.Map.get	_map.Values          .OrderBy	-	열거를 수행하는 호출자 스레드	기존 LINQ 열거 시점	기존 열거 시 호출자에게 전달	낮음	이름 있는 조건/선택 메서드 또는 for/foreach
Lambda	Drilling.Common	Drilling.Common/Interface/Melsec/CMelsec.cs	110	Drilling.Common.Interface.CMelsec.Map.get	_map.Values          .OrderBy(data => data.Group, StringComparer.OrdinalIgnoreCase)          .ThenBy	-	열거를 수행하는 호출자 스레드	기존 LINQ 열거 시점	기존 열거 시 호출자에게 전달	낮음	이름 있는 조건/선택 메서드 또는 for/foreach
Lambda	Drilling.Common	Drilling.Common/Interface/Melsec/CMelsec.cs	111	Drilling.Common.Interface.CMelsec.Map.get	_map.Values          .OrderBy(data => data.Group, StringComparer.OrdinalIgnoreCase)          .ThenBy(data => data.DeviceNo)          .ThenBy	-	열거를 수행하는 호출자 스레드	기존 LINQ 열거 시점	기존 열거 시 호출자에게 전달	낮음	이름 있는 조건/선택 메서드 또는 for/foreach
Lambda	Drilling.Common	Drilling.Common/Interface/Melsec/CMelsec.cs	117	Drilling.Common.Interface.CMelsec.ReloadMap(System.Collections.Generic.IReadOnlyList<Drilling.Common.Interface.ST_MELSEC_MAP_DATA>)	map              .Where	-	열거를 수행하는 호출자 스레드	기존 LINQ 열거 시점	기존 열거 시 호출자에게 전달	낮음	이름 있는 조건/선택 메서드 또는 for/foreach
Lambda	Drilling.Common	Drilling.Common/Interface/Melsec/CMelsec.cs	118	Drilling.Common.Interface.CMelsec.ReloadMap(System.Collections.Generic.IReadOnlyList<Drilling.Common.Interface.ST_MELSEC_MAP_DATA>)	map              .Where(data => data.Use)              .ToDictionary	-	열거를 수행하는 호출자 스레드	기존 LINQ 열거 시점	기존 열거 시 호출자에게 전달	낮음	이름 있는 조건/선택 메서드 또는 for/foreach
Lambda	Drilling.Common	Drilling.Common/Interface/Melsec/CMelsec.cs	126	Drilling.Common.Interface.CMelsec.GetMapList(string)	Map              .Where	normalizedGroup	열거를 수행하는 호출자 스레드	기존 LINQ 열거 시점	기존 열거 시 호출자에게 전달	중간	이름 있는 조건/선택 메서드 또는 for/foreach
Lambda	Drilling.Common	Drilling.Common/Interface/Melsec/CMelsec.cs	141	Drilling.Common.Interface.CMelsec.GetMapData(string)	_map.Keys.OrderBy	-	열거를 수행하는 호출자 스레드	기존 LINQ 열거 시점	기존 열거 시 호출자에게 전달	낮음	이름 있는 조건/선택 메서드 또는 for/foreach
SwitchExpression	Drilling.Common	Drilling.Common/Interface/Melsec/CMelsec.cs	679	Drilling.Common.Interface.CMelsec.GetDeviceCode(string)	ReturnStatement	-	호출자 스레드	기존 식 평가 시점	기존 호출자에게 직접 전달	중간	일반 switch 문과 명시적 return/대입
Lambda	Drilling.Common	Drilling.Common/Interface/Melsec/CMelsec.cs	906	Drilling.Common.Interface.CMelsec.WordsToHexText(System.Collections.Generic.IReadOnlyList<ushort>)	words.Select	-	열거를 수행하는 호출자 스레드	기존 LINQ 열거 시점	기존 열거 시 호출자에게 전달	낮음	이름 있는 조건/선택 메서드 또는 for/foreach
ExpressionBody	Drilling.Common	Drilling.Common/Interface/PicoMotor/CPicoMotor.cs	166	Drilling.Common.Interface.CPicoMotorCommandSession.IsConnected.get	PropertyDeclaration	-	호출자 스레드	기존 식 평가 시점	기존 호출자에게 직접 전달	낮음	블록 본문과 명시적 return/get/set
ExpressionBody	Drilling.Common	Drilling.Common/Interface/PicoMotor/CPicoMotor.cs	168	Drilling.Common.Interface.CPicoMotorCommandSession.DeviceKey.get	PropertyDeclaration	-	호출자 스레드	기존 식 평가 시점	기존 호출자에게 직접 전달	낮음	블록 본문과 명시적 return/get/set
Lambda	Drilling.Common	Drilling.Common/Interface/PicoMotor/CPicoMotor.cs	224	Drilling.Common.Interface.CPicoMotorCommandSession.GetIdentification()	Execute	this,id	호출자 스레드	기존 식 평가 시점	기존 호출자에게 직접 전달	중간	이름 있는 메서드 또는 명시적 반복문
Lambda	Drilling.Common	Drilling.Common/Interface/PicoMotor/CPicoMotor.cs	232	Drilling.Common.Interface.CPicoMotorCommandSession.GetPositionStep(int)	ExecuteOrThrow	this,motorNo,position	호출자 스레드	기존 식 평가 시점	기존 호출자에게 직접 전달	중간	이름 있는 메서드 또는 명시적 반복문
Lambda	Drilling.Common	Drilling.Common/Interface/PicoMotor/CPicoMotor.cs	239	Drilling.Common.Interface.CPicoMotorCommandSession.GetVelocityStep(int)	ExecuteOrThrow	this,motorNo,velocity	호출자 스레드	기존 식 평가 시점	기존 호출자에게 직접 전달	중간	이름 있는 메서드 또는 명시적 반복문
Lambda	Drilling.Common	Drilling.Common/Interface/PicoMotor/CPicoMotor.cs	246	Drilling.Common.Interface.CPicoMotorCommandSession.GetAccelerationStep(int)	ExecuteOrThrow	this,motorNo,acceleration	호출자 스레드	기존 식 평가 시점	기존 호출자에게 직접 전달	중간	이름 있는 메서드 또는 명시적 반복문
Lambda	Drilling.Common	Drilling.Common/Interface/PicoMotor/CPicoMotor.cs	253	Drilling.Common.Interface.CPicoMotorCommandSession.GetMotionDone(int)	ExecuteOrThrow	this,motorNo,isDone	호출자 스레드	기존 식 평가 시점	기존 호출자에게 직접 전달	중간	이름 있는 메서드 또는 명시적 반복문
Lambda	Drilling.Common	Drilling.Common/Interface/PicoMotor/CPicoMotor.cs	260	Drilling.Common.Interface.CPicoMotorCommandSession.GetErrorCode()	ExecuteOrThrow	this,error	호출자 스레드	기존 식 평가 시점	기존 호출자에게 직접 전달	중간	이름 있는 메서드 또는 명시적 반복문
Lambda	Drilling.Common	Drilling.Common/Interface/PicoMotor/CPicoMotor.cs	269	Drilling.Common.Interface.CPicoMotorCommandSession.GetHomePositionStep(int)	ExecuteOrThrow	this,motorNo,home	호출자 스레드	기존 식 평가 시점	기존 호출자에게 직접 전달	중간	이름 있는 메서드 또는 명시적 반복문
Lambda	Drilling.Common	Drilling.Common/Interface/PicoMotor/CPicoMotor.cs	277	Drilling.Common.Interface.CPicoMotorCommandSession.SetVelocity(int, int)	ExecuteOrThrow	this,motorNo,velocityStep	호출자 스레드	기존 식 평가 시점	기존 호출자에게 직접 전달	중간	이름 있는 메서드 또는 명시적 반복문
Lambda	Drilling.Common	Drilling.Common/Interface/PicoMotor/CPicoMotor.cs	282	Drilling.Common.Interface.CPicoMotorCommandSession.SetAcceleration(int, int)	ExecuteOrThrow	this,motorNo,accelerationStep	호출자 스레드	기존 식 평가 시점	기존 호출자에게 직접 전달	중간	이름 있는 메서드 또는 명시적 반복문
Lambda	Drilling.Common	Drilling.Common/Interface/PicoMotor/CPicoMotor.cs	287	Drilling.Common.Interface.CPicoMotorCommandSession.StopMotion(int)	ExecuteOrThrow	this,motorNo	호출자 스레드	기존 식 평가 시점	기존 호출자에게 직접 전달	중간	이름 있는 메서드 또는 명시적 반복문
Lambda	Drilling.Common	Drilling.Common/Interface/PicoMotor/CPicoMotor.cs	292	Drilling.Common.Interface.CPicoMotorCommandSession.AbortMotion()	ExecuteOrThrow	this	호출자 스레드	기존 식 평가 시점	기존 호출자에게 직접 전달	중간	이름 있는 메서드 또는 명시적 반복문
Lambda	Drilling.Common	Drilling.Common/Interface/PicoMotor/CPicoMotor.cs	303	Drilling.Common.Interface.CPicoMotorCommandSession.JogNegative(int)	ExecuteOrThrow	this,motorNo	호출자 스레드	기존 식 평가 시점	기존 호출자에게 직접 전달	중간	이름 있는 메서드 또는 명시적 반복문
Lambda	Drilling.Common	Drilling.Common/Interface/PicoMotor/CPicoMotor.cs	308	Drilling.Common.Interface.CPicoMotorCommandSession.JogPositive(int)	ExecuteOrThrow	this,motorNo	호출자 스레드	기존 식 평가 시점	기존 호출자에게 직접 전달	중간	이름 있는 메서드 또는 명시적 반복문
Lambda	Drilling.Common	Drilling.Common/Interface/PicoMotor/CPicoMotor.cs	313	Drilling.Common.Interface.CPicoMotorCommandSession.RelativeMove(int, long)	ExecuteOrThrow	this,motorNo,step	호출자 스레드	기존 식 평가 시점	기존 호출자에게 직접 전달	중간	이름 있는 메서드 또는 명시적 반복문
Lambda	Drilling.Common	Drilling.Common/Interface/PicoMotor/CPicoMotor.cs	318	Drilling.Common.Interface.CPicoMotorCommandSession.AbsoluteMove(int, long)	ExecuteOrThrow	this,motorNo,step	호출자 스레드	기존 식 평가 시점	기존 호출자에게 직접 전달	중간	이름 있는 메서드 또는 명시적 반복문
SwitchExpression	Drilling.Common	Drilling.Common/Interface/PicoMotor/CPicoMotor.cs	354	Drilling.Common.Interface.CPicoMotorCommandSession.ToInt32Step(long)	ReturnStatement	-	호출자 스레드	기존 식 평가 시점	기존 호출자에게 직접 전달	중간	일반 switch 문과 명시적 return/대입
Lambda	Drilling.Common	Drilling.Common/Interface/PicoMotor/CPicoMotorService.cs	32	Drilling.Common.Interface.CPicoMotorService.Refresh(int, bool, System.Threading.CancellationToken)	Task.Run	this,number,cancellationToken	기존 작업/스레드/타이머 실행 스레드	기존 작업 예약 또는 타이머 발생 시점	기존 Task/스레드 경로 유지	높음	이름 있는 작업/스레드 콜백
Lambda	Drilling.Common	Drilling.Common/Interface/PicoMotor/CPicoMotorService.cs	114	Drilling.Common.Interface.CPicoMotorService.Execute(int, bool, Drilling.Common.Interface.EN_PICO_MOTOR_COMMAND, int, double, System.Threading.CancellationToken)	Task.Run	this,number,command,motorNo,parameter	기존 작업/스레드/타이머 실행 스레드	기존 작업 예약 또는 타이머 발생 시점	기존 Task/스레드 경로 유지	높음	이름 있는 작업/스레드 콜백
Lambda	Drilling.Common	Drilling.Common/Interface/PicoMotor/CPicoMotorService.cs	142	Drilling.Common.Interface.CPicoMotorService.ExecuteAllMove(int, bool, System.Collections.Generic.IReadOnlyCollection<int>, double, int, System.Threading.CancellationToken)	motorNos              .Where	-	열거를 수행하는 호출자 스레드	기존 LINQ 열거 시점	기존 열거 시 호출자에게 전달	낮음	이름 있는 조건/선택 메서드 또는 for/foreach
Lambda	Drilling.Common	Drilling.Common/Interface/PicoMotor/CPicoMotorService.cs	144	Drilling.Common.Interface.CPicoMotorService.ExecuteAllMove(int, bool, System.Collections.Generic.IReadOnlyCollection<int>, double, int, System.Threading.CancellationToken)	motorNos              .Where(value => value is >= 1 and <= 4)              .Distinct()              .OrderBy	-	열거를 수행하는 호출자 스레드	기존 LINQ 열거 시점	기존 열거 시 호출자에게 전달	낮음	이름 있는 조건/선택 메서드 또는 for/foreach
Lambda	Drilling.Common	Drilling.Common/Interface/PicoMotor/CPicoMotorService.cs	201	Drilling.Common.Interface.CPicoMotorService.ExecuteAllMove(int, bool, System.Collections.Generic.IReadOnlyCollection<int>, double, int, System.Threading.CancellationToken)	Task.Run	motors,linked,session,moveStep	기존 작업/스레드/타이머 실행 스레드	기존 작업 예약 또는 타이머 발생 시점	기존 Task/스레드 경로 유지	높음	이름 있는 작업/스레드 콜백
ExpressionBody	Drilling.Common	Drilling.Common/Interface/PicoMotor/CPicoMotorService.cs	280	Drilling.Common.Interface.CPicoMotorService.IsMoveCommand(Drilling.Common.Interface.EN_PICO_MOTOR_COMMAND)	MethodDeclaration	-	호출자 스레드	기존 식 평가 시점	기존 호출자에게 직접 전달	낮음	블록 본문과 명시적 return/get/set
Lambda	Drilling.Common	Drilling.Common/Interface/PicoMotor/CPicoMotorService.cs	321	Drilling.Common.Interface.CPicoMotorService.SimulateAllMotorMoveByDelta(int, System.Collections.Generic.IReadOnlyList<int>, double, System.Threading.CancellationToken)	motorNos.ToDictionary	-	열거를 수행하는 호출자 스레드	기존 LINQ 열거 시점	기존 열거 시 호출자에게 전달	낮음	이름 있는 조건/선택 메서드 또는 for/foreach
Lambda	Drilling.Common	Drilling.Common/Interface/PicoMotor/CPicoMotorService.cs	322	Drilling.Common.Interface.CPicoMotorService.SimulateAllMotorMoveByDelta(int, System.Collections.Generic.IReadOnlyList<int>, double, System.Threading.CancellationToken)	motorNos.ToDictionary	deltaPosition,start	열거를 수행하는 호출자 스레드	기존 LINQ 열거 시점	기존 열거 시 호출자에게 전달	중간	이름 있는 조건/선택 메서드 또는 for/foreach
Lambda	Drilling.Common	Drilling.Common/Interface/PicoMotor/CPicoMotorService.cs	374	Drilling.Common.Interface.CPicoMotorService.WaitAllMotorsDone(Drilling.Common.Interface.CPicoMotorCommandSession, System.Collections.Generic.IReadOnlyList<int>, System.Threading.CancellationToken)	Task.Run	session,motorNos	기존 작업/스레드/타이머 실행 스레드	기존 작업 예약 또는 타이머 발생 시점	기존 Task/스레드 경로 유지	높음	이름 있는 작업/스레드 콜백
ExpressionBody	Drilling.Common	Drilling.Common/Interface/PicoMotor/CPicoMotorService.cs	390	Drilling.Common.Interface.CPicoMotorService.GetSimulationStepDistance(Drilling.Common.Interface.ST_PICO_MOTOR_STATUS)	MethodDeclaration	-	호출자 스레드	기존 식 평가 시점	기존 호출자에게 직접 전달	낮음	블록 본문과 명시적 return/get/set
ExpressionBody	Drilling.Common	Drilling.Common/Interface/PicoMotor/CPicoMotorService.cs	407	Drilling.Common.Interface.CPicoMotorService.Dispose()	MethodDeclaration	-	호출자 스레드	기존 식 평가 시점	기존 호출자에게 직접 전달	낮음	블록 본문과 명시적 return/get/set
SwitchExpression	Drilling.Common	Drilling.Common/Interface/PicoMotor/CPicoMotorService.cs	448	Drilling.Common.Interface.CPicoMotorService.ExecuteLive(int, Drilling.Common.Interface.EN_PICO_MOTOR_COMMAND, int, double)	SimpleAssignmentExpression	-	호출자 스레드	기존 식 평가 시점	기존 호출자에게 직접 전달	중간	일반 switch 문과 명시적 return/대입
SwitchExpression	Drilling.Common	Drilling.Common/Interface/PicoMotor/CPicoMotorService.cs	467	Drilling.Common.Interface.CPicoMotorService.ExecuteSimulation(int, Drilling.Common.Interface.EN_PICO_MOTOR_COMMAND, int, double)	SimpleAssignmentExpression	-	호출자 스레드	기존 식 평가 시점	기존 호출자에게 직접 전달	중간	일반 switch 문과 명시적 return/대입
SwitchExpression	Drilling.Common	Drilling.Common/Interface/PicoMotor/CPicoMotorService.cs	481	Drilling.Common.Interface.CPicoMotorService.ExecuteSimulation(int, Drilling.Common.Interface.EN_PICO_MOTOR_COMMAND, int, double)	EqualsValueClause	-	호출자 스레드	기존 식 평가 시점	기존 호출자에게 직접 전달	중간	일반 switch 문과 명시적 return/대입
SwitchExpression	Drilling.Common	Drilling.Common/Interface/PicoMotor/CPicoMotorService.cs	515	Drilling.Common.Interface.CPicoMotorService.ExecuteSimulationPositionMove(int, Drilling.Common.Interface.EN_PICO_MOTOR_COMMAND, int, double, System.Threading.CancellationToken)	EqualsValueClause	-	호출자 스레드	기존 식 평가 시점	기존 호출자에게 직접 전달	중간	일반 switch 문과 명시적 return/대입
SwitchExpression	Drilling.Common	Drilling.Common/Interface/PicoMotor/CPicoMotorService.cs	522	Drilling.Common.Interface.CPicoMotorService.ExecuteSimulationPositionMove(int, Drilling.Common.Interface.EN_PICO_MOTOR_COMMAND, int, double, System.Threading.CancellationToken)	EqualsValueClause	-	호출자 스레드	기존 식 평가 시점	기존 호출자에게 직접 전달	중간	일반 switch 문과 명시적 return/대입
ExpressionBody	Drilling.Common	Drilling.Common/Interface/PicoMotor/CPicoMotorService.cs	600	Drilling.Common.Interface.CPicoMotorService.GetPosition(Drilling.Common.Interface.ST_PICO_MOTOR_STATUS, int)	MethodDeclaration	-	호출자 스레드	기존 식 평가 시점	기존 호출자에게 직접 전달	낮음	블록 본문과 명시적 return/get/set
SwitchExpression	Drilling.Common	Drilling.Common/Interface/PicoMotor/CPicoMotorService.cs	600	Drilling.Common.Interface.CPicoMotorService.GetPosition(Drilling.Common.Interface.ST_PICO_MOTOR_STATUS, int)	ArrowExpressionClause	-	호출자 스레드	기존 식 평가 시점	기존 호출자에게 직접 전달	중간	일반 switch 문과 명시적 return/대입
ExpressionBody	Drilling.Common	Drilling.Common/Interface/PicoMotor/CPicoMotorService.cs	606	Drilling.Common.Interface.CPicoMotorService.SetPosition(Drilling.Common.Interface.ST_PICO_MOTOR_STATUS, int, double)	MethodDeclaration	-	호출자 스레드	기존 식 평가 시점	기존 호출자에게 직접 전달	낮음	블록 본문과 명시적 return/get/set
SwitchExpression	Drilling.Common	Drilling.Common/Interface/PicoMotor/CPicoMotorService.cs	606	Drilling.Common.Interface.CPicoMotorService.SetPosition(Drilling.Common.Interface.ST_PICO_MOTOR_STATUS, int, double)	ArrowExpressionClause	-	호출자 스레드	기존 식 평가 시점	기존 호출자에게 직접 전달	중간	일반 switch 문과 명시적 return/대입
SwitchExpression	Drilling.Common	Drilling.Common/Interface/Serial/CBeamExpander.cs	47	Drilling.Common.Interface.CBeamExpander.Build(Drilling.Common.Interface.EN_BET_COMMAND, double, double)	ReturnStatement	-	호출자 스레드	기존 식 평가 시점	기존 호출자에게 직접 전달	중간	일반 switch 문과 명시적 return/대입
SwitchExpression	Drilling.Common	Drilling.Common/Interface/Serial/CBeamExpander.cs	70	Drilling.Common.Interface.CBeamExpander.BuildLogText(Drilling.Common.Interface.EN_BET_COMMAND, double, double)	ReturnStatement	-	호출자 스레드	기존 식 평가 시점	기존 호출자에게 직접 전달	중간	일반 switch 문과 명시적 return/대입
SwitchExpression	Drilling.Common	Drilling.Common/Interface/Serial/CBeamExpander.cs	117	Drilling.Common.Interface.CBeamExpander.Apply(Drilling.Common.Interface.EN_BET_COMMAND, double, double, string, Drilling.Common.Interface.ST_BET_STATUS, bool)	ReturnStatement	-	호출자 스레드	기존 식 평가 시점	기존 호출자에게 직접 전달	중간	일반 switch 문과 명시적 return/대입
Lambda	Drilling.Common	Drilling.Common/Interface/Serial/CBeamExpander.cs	213	Drilling.Common.Interface.CBeamExpander.ExecuteBeamExpander(string, System.Threading.CancellationToken)	Task.Run	this,function	기존 작업/스레드/타이머 실행 스레드	기존 작업 예약 또는 타이머 발생 시점	기존 Task/스레드 경로 유지	높음	이름 있는 작업/스레드 콜백
SwitchExpression	Drilling.Common	Drilling.Common/Interface/Serial/CBeamExpander.cs	253	Drilling.Common.Interface.CBeamExpander.ExecuteBeamExpander(string)	ConditionalExpression	-	호출자 스레드	기존 식 평가 시점	기존 호출자에게 직접 전달	중간	일반 switch 문과 명시적 return/대입
SwitchExpression	Drilling.Common	Drilling.Common/Interface/Serial/CBeamExpander.cs	293	Drilling.Common.Interface.CBeamExpander.SendPolling(string)	EqualsValueClause	-	호출자 스레드	기존 식 평가 시점	기존 호출자에게 직접 전달	중간	일반 switch 문과 명시적 return/대입
SwitchExpression	Drilling.Common	Drilling.Common/Interface/Serial/CBeamExpander.cs	416	Drilling.Common.Interface.CBeamExpander.CreateSimulationResponse(Drilling.Common.Interface.EN_BET_COMMAND, double, double, Drilling.Common.Interface.ST_BET_STATUS)	ReturnStatement	-	호출자 스레드	기존 식 평가 시점	기존 호출자에게 직접 전달	중간	일반 switch 문과 명시적 return/대입
SwitchExpression	Drilling.Common	Drilling.Common/Interface/Serial/CBeamExpander.cs	439	Drilling.Common.Interface.CBeamExpander.ReadError(string)	ReturnStatement	-	호출자 스레드	기존 식 평가 시점	기존 호출자에게 직접 전달	중간	일반 switch 문과 명시적 return/대입
Lambda	Drilling.Common	Drilling.Common/Interface/Serial/CBeamExpander.cs	466	Drilling.Common.Interface.CBeamExpander.ReadBeamPosition(string)	value              .TakeWhile	-	호출자 스레드	기존 식 평가 시점	기존 호출자에게 직접 전달	낮음	이름 있는 메서드 또는 명시적 반복문
ExpressionBody	Drilling.Common	Drilling.Common/Interface/Serial/CBeamExpander.cs	505	Drilling.Common.Interface.ST_BET_TABLE_DATA.SpotSize.get	PropertyDeclaration	-	호출자 스레드	기존 식 평가 시점	기존 호출자에게 직접 전달	낮음	블록 본문과 명시적 return/get/set
SwitchExpression	Drilling.Common	Drilling.Common/Interface/Serial/CConex_AGP.cs	42	Drilling.Common.Interface.CConex_AGP.Build(Drilling.Common.Interface.EN_ATTENUATOR_COMMAND, double)	ReturnStatement	-	호출자 스레드	기존 식 평가 시점	기존 호출자에게 직접 전달	중간	일반 switch 문과 명시적 return/대입
SwitchExpression	Drilling.Common	Drilling.Common/Interface/Serial/CConex_AGP.cs	91	Drilling.Common.Interface.CConex_AGP.Apply(Drilling.Common.Interface.EN_ATTENUATOR_COMMAND, double, string, Drilling.Common.Interface.ST_ATTENUATOR_STATUS, bool)	ReturnStatement	-	호출자 스레드	기존 식 평가 시점	기존 호출자에게 직접 전달	중간	일반 switch 문과 명시적 return/대입
Lambda	Drilling.Common	Drilling.Common/Interface/Serial/CConex_AGP.cs	164	Drilling.Common.Interface.CConex_AGP.ExecuteConex(string, System.Threading.CancellationToken)	Task.Run	this,function	기존 작업/스레드/타이머 실행 스레드	기존 작업 예약 또는 타이머 발생 시점	기존 Task/스레드 경로 유지	높음	이름 있는 작업/스레드 콜백
SwitchExpression	Drilling.Common	Drilling.Common/Interface/Serial/CConex_AGP.cs	199	Drilling.Common.Interface.CConex_AGP.ExecuteConex(string)	ReturnStatement	-	호출자 스레드	기존 식 평가 시점	기존 호출자에게 직접 전달	중간	일반 switch 문과 명시적 return/대입
SwitchExpression	Drilling.Common	Drilling.Common/Interface/Serial/CConex_AGP.cs	325	Drilling.Common.Interface.CConex_AGP.CreateSimulationResponse(Drilling.Common.Interface.EN_ATTENUATOR_COMMAND, double, Drilling.Common.Interface.ST_ATTENUATOR_STATUS)	ReturnStatement	-	호출자 스레드	기존 식 평가 시점	기존 호출자에게 직접 전달	중간	일반 switch 문과 명시적 return/대입
SwitchExpression	Drilling.Common	Drilling.Common/Interface/Serial/CConex_AGP.cs	347	Drilling.Common.Interface.CConex_AGP.ReadError(string)	ReturnStatement	-	호출자 스레드	기존 식 평가 시점	기존 호출자에게 직접 전달	중간	일반 switch 문과 명시적 return/대입
SwitchExpression	Drilling.Common	Drilling.Common/Interface/Serial/CConex_AGP.cs	386	Drilling.Common.Interface.CConex_AGP.NormalizeControllerState(string)	ReturnStatement	-	호출자 스레드	기존 식 평가 시점	기존 호출자에게 직접 전달	중간	일반 switch 문과 명시적 return/대입
SwitchExpression	Drilling.Common	Drilling.Common/Interface/Serial/COrionChiller.cs	59	Drilling.Common.Interface.COrionChiller.Build(Drilling.Common.Interface.EN_CHILLER_COMMAND, double)	ReturnStatement	-	호출자 스레드	기존 식 평가 시점	기존 호출자에게 직접 전달	중간	일반 switch 문과 명시적 return/대입
SwitchExpression	Drilling.Common	Drilling.Common/Interface/Serial/COrionChiller.cs	76	Drilling.Common.Interface.COrionChiller.DescribeCommand(Drilling.Common.Interface.EN_CHILLER_COMMAND, double)	ReturnStatement	-	호출자 스레드	기존 식 평가 시점	기존 호출자에게 직접 전달	중간	일반 switch 문과 명시적 return/대입
SwitchExpression	Drilling.Common	Drilling.Common/Interface/Serial/COrionChiller.cs	134	Drilling.Common.Interface.COrionChiller.Apply(Drilling.Common.Interface.EN_CHILLER_COMMAND, double, string, Drilling.Common.Interface.ST_ORION_CHILLER_STATUS, bool)	ReturnStatement	-	호출자 스레드	기존 식 평가 시점	기존 호출자에게 직접 전달	중간	일반 switch 문과 명시적 return/대입
Lambda	Drilling.Common	Drilling.Common/Interface/Serial/COrionChiller.cs	182	Drilling.Common.Interface.COrionChiller.ExecuteOrion(string, System.Threading.CancellationToken)	Task.Run	this,function	기존 작업/스레드/타이머 실행 스레드	기존 작업 예약 또는 타이머 발생 시점	기존 Task/스레드 경로 유지	높음	이름 있는 작업/스레드 콜백
SwitchExpression	Drilling.Common	Drilling.Common/Interface/Serial/COrionChiller.cs	210	Drilling.Common.Interface.COrionChiller.ExecuteOrion(string)	ReturnStatement	-	호출자 스레드	기존 식 평가 시점	기존 호출자에게 직접 전달	중간	일반 switch 문과 명시적 return/대입
SwitchExpression	Drilling.Common	Drilling.Common/Interface/Serial/COrionChiller.cs	270	Drilling.Common.Interface.COrionChiller.SendSelecting(string, string)	ReturnStatement	-	호출자 스레드	기존 식 평가 시점	기존 호출자에게 직접 전달	중간	일반 switch 문과 명시적 return/대입
SwitchExpression	Drilling.Common	Drilling.Common/Interface/Serial/COrionChiller.cs	308	Drilling.Common.Interface.COrionChiller.DescribeFunction(string)	ReturnStatement	-	호출자 스레드	기존 식 평가 시점	기존 호출자에게 직접 전달	중간	일반 switch 문과 명시적 return/대입
Lambda	Drilling.Common	Drilling.Common/Interface/Serial/COrionChiller.cs	375	Drilling.Common.Interface.COrionChiller.FormatTxFrame(System.Collections.Generic.IReadOnlyList<byte>)	frame.Select	-	열거를 수행하는 호출자 스레드	기존 LINQ 열거 시점	기존 열거 시 호출자에게 전달	낮음	이름 있는 조건/선택 메서드 또는 for/foreach
SwitchExpression	Drilling.Common	Drilling.Common/Interface/Serial/COrionChiller.cs	383	Drilling.Common.Interface.COrionChiller.CreateSimulationResponse(Drilling.Common.Interface.EN_CHILLER_COMMAND, double, Drilling.Common.Interface.ST_ORION_CHILLER_STATUS)	ReturnStatement	-	호출자 스레드	기존 식 평가 시점	기존 호출자에게 직접 전달	중간	일반 switch 문과 명시적 return/대입
SwitchExpression	Drilling.Common	Drilling.Common/Interface/Serial/COrionChiller.cs	408	Drilling.Common.Interface.COrionChiller.ReadError(string)	ReturnStatement	-	호출자 스레드	기존 식 평가 시점	기존 호출자에게 직접 전달	중간	일반 switch 문과 명시적 return/대입
SwitchExpression	Drilling.Common	Drilling.Common/Interface/Serial/COrionChiller.cs	556	Drilling.Common.Interface.COrionChiller.NormalizeId(string)	ReturnStatement	-	호출자 스레드	기존 식 평가 시점	기존 호출자에게 직접 전달	중간	일반 switch 문과 명시적 return/대입
ExpressionBody	Drilling.Common	Drilling.Common/Interface/Serial/CPowerMeter.cs	60	Drilling.Common.Interface.ST_POWER_METER_TABLE_DATA.Empty.get	PropertyDeclaration	-	호출자 스레드	기존 식 평가 시점	기존 호출자에게 직접 전달	낮음	블록 본문과 명시적 return/get/set
ExpressionBody	Drilling.Common	Drilling.Common/Interface/Serial/CPowerMeter.cs	96	Drilling.Common.Interface.CPowerMeter.CommandNewLine.get	PropertyDeclaration	-	호출자 스레드	기존 식 평가 시점	기존 호출자에게 직접 전달	낮음	블록 본문과 명시적 return/get/set
SwitchExpression	Drilling.Common	Drilling.Common/Interface/Serial/CPowerMeter.cs	107	Drilling.Common.Interface.CPowerMeter.Build(Drilling.Common.Interface.EN_POWER_METER_COMMAND, double)	ReturnStatement	-	호출자 스레드	기존 식 평가 시점	기존 호출자에게 직접 전달	중간	일반 switch 문과 명시적 return/대입
SwitchExpression	Drilling.Common	Drilling.Common/Interface/Serial/CPowerMeter.cs	155	Drilling.Common.Interface.CPowerMeter.Apply(Drilling.Common.Interface.EN_POWER_METER_COMMAND, double, string, Drilling.Common.Managers.ST_POWER_METER_STATUS, bool)	ReturnStatement	-	호출자 스레드	기존 식 평가 시점	기존 호출자에게 직접 전달	중간	일반 switch 문과 명시적 return/대입
SwitchExpression	Drilling.Common	Drilling.Common/Interface/Serial/CPowerMeter.cs	226	Drilling.Common.Interface.CPowerMeter.CreateSimulationResponse(Drilling.Common.Interface.EN_POWER_METER_COMMAND, double, Drilling.Common.Managers.ST_POWER_METER_STATUS)	ReturnStatement	-	호출자 스레드	기존 식 평가 시점	기존 호출자에게 직접 전달	중간	일반 switch 문과 명시적 return/대입
Lambda	Drilling.Common	Drilling.Common/Interface/Serial/CPowerMeter.cs	264	Drilling.Common.Interface.CPowerMeter.ReadLeadingNumber(string)	value.Trim()              .TakeWhile	-	호출자 스레드	기존 식 평가 시점	기존 호출자에게 직접 전달	낮음	이름 있는 메서드 또는 명시적 반복문
Lambda	Drilling.Common	Drilling.Common/Interface/Serial/CSerialComm.cs	102	Drilling.Common.Interface.CSerialComm.ExecuteSerial(string, System.Threading.CancellationToken)	Task.Run	this	기존 작업/스레드/타이머 실행 스레드	기존 작업 예약 또는 타이머 발생 시점	기존 Task/스레드 경로 유지	높음	이름 있는 작업/스레드 콜백
ExpressionBody	Drilling.Common	Drilling.Common/Interface/Serial/CSerialComm.cs	137	Drilling.Common.Interface.CSerialComm.CommandNewLine.get	PropertyDeclaration	-	호출자 스레드	기존 식 평가 시점	기존 호출자에게 직접 전달	낮음	블록 본문과 명시적 return/get/set
SwitchExpression	Drilling.Common	Drilling.Common/Interface/Serial/CSerialComm.cs	181	Drilling.Common.Interface.CSerialComm.ParseHandshake(string)	ReturnStatement	-	호출자 스레드	기존 식 평가 시점	기존 호출자에게 직접 전달	중간	일반 switch 문과 명시적 return/대입
ExpressionBody	Drilling.Common	Drilling.Common/Interface/Serial/CTalonLaser.cs	58	Drilling.Common.Interface.CTalonLaser.CommandNewLine.get	PropertyDeclaration	-	호출자 스레드	기존 식 평가 시점	기존 호출자에게 직접 전달	낮음	블록 본문과 명시적 return/get/set
SwitchExpression	Drilling.Common	Drilling.Common/Interface/Serial/CTalonLaser.cs	67	Drilling.Common.Interface.CTalonLaser.Build(Drilling.Common.Interface.EN_TALON_COMMAND, double)	ReturnStatement	-	호출자 스레드	기존 식 평가 시점	기존 호출자에게 직접 전달	중간	일반 switch 문과 명시적 return/대입
SwitchExpression	Drilling.Common	Drilling.Common/Interface/Serial/CTalonLaser.cs	125	Drilling.Common.Interface.CTalonLaser.Apply(Drilling.Common.Interface.EN_TALON_COMMAND, double, string, Drilling.Common.Interface.ST_TALON_STATUS, bool)	ReturnStatement	-	호출자 스레드	기존 식 평가 시점	기존 호출자에게 직접 전달	중간	일반 switch 문과 명시적 return/대입
SwitchExpression	Drilling.Common	Drilling.Common/Interface/Serial/CTalonLaser.cs	163	Drilling.Common.Interface.CTalonLaser.CreateSimulationResponse(Drilling.Common.Interface.EN_TALON_COMMAND, double, Drilling.Common.Interface.ST_TALON_STATUS)	ReturnStatement	-	호출자 스레드	기존 식 평가 시점	기존 호출자에게 직접 전달	중간	일반 switch 문과 명시적 return/대입
Lambda	Drilling.Common	Drilling.Common/Interface/Serial/CTalonLaser.cs	226	Drilling.Common.Interface.CTalonLaser.ReadLeadingNumber(string)	value.Trim()              .TakeWhile	-	호출자 스레드	기존 식 평가 시점	기존 호출자에게 직접 전달	낮음	이름 있는 메서드 또는 명시적 반복문
Lambda	Drilling.Common	Drilling.Common/Interface/Socket/CSocketComm.cs	44	Drilling.Common.Interface.CSocketComm.Connect(System.Threading.CancellationToken)	Task.Run	this,client	기존 작업/스레드/타이머 실행 스레드	기존 작업 예약 또는 타이머 발생 시점	기존 Task/스레드 경로 유지	높음	이름 있는 작업/스레드 콜백
Lambda	Drilling.Common	Drilling.Common/Interface/Socket/CSocketServerComm.cs	55	Drilling.Common.Interface.CSocketServerComm.Connect(System.Threading.CancellationToken)	Task.Run	this,listener	기존 작업/스레드/타이머 실행 스레드	기존 작업 예약 또는 타이머 발생 시점	기존 Task/스레드 경로 유지	높음	이름 있는 작업/스레드 콜백
Lambda	Drilling.Common	Drilling.Common/Interface/Socket/CSocketServerComm.cs	167	Drilling.Common.Interface.CSocketServerComm.AcceptLoop(System.Net.Sockets.TcpListener, System.Threading.CancellationToken)	Task.Run	this,cancellationToken,client,clientId	기존 작업/스레드/타이머 실행 스레드	기존 작업 예약 또는 타이머 발생 시점	기존 Task/스레드 경로 유지	높음	이름 있는 작업/스레드 콜백
Lambda	Drilling.Common	Drilling.Common/Interface/Socket/CSocketServerComm.cs	171	Drilling.Common.Interface.CSocketServerComm.AcceptLoop(System.Net.Sockets.TcpListener, System.Threading.CancellationToken)	receiveTask.ContinueWith	this,clientId	호출자 스레드	기존 식 평가 시점	기존 호출자에게 직접 전달	중간	이름 있는 메서드 또는 명시적 반복문
Lambda	Drilling.Common	Drilling.Common/InterLock/CInterLockManager.cs	69	Drilling.Common.InterLock.CInterLockManager.Evaluate(Drilling.Common.Managers.ST_DEVICE_STATUS)	Rules              .Select	status	열거를 수행하는 호출자 스레드	기존 LINQ 열거 시점	기존 열거 시 호출자에게 전달	중간	이름 있는 조건/선택 메서드 또는 for/foreach
Lambda	Drilling.Common	Drilling.Common/InterLock/CInterLockManager.cs	73	Drilling.Common.InterLock.CInterLockManager.Evaluate(Drilling.Common.Managers.ST_DEVICE_STATUS)	checks              .Select	-	열거를 수행하는 호출자 스레드	기존 LINQ 열거 시점	기존 열거 시 호출자에게 전달	낮음	이름 있는 조건/선택 메서드 또는 for/foreach
Lambda	Drilling.Common	Drilling.Common/InterLock/CInterLockManager.cs	76	Drilling.Common.InterLock.CInterLockManager.Evaluate(Drilling.Common.Managers.ST_DEVICE_STATUS)	status.Motors.Any	-	열거를 수행하는 호출자 스레드	기존 LINQ 열거 시점	기존 열거 시 호출자에게 전달	낮음	이름 있는 조건/선택 메서드 또는 for/foreach
Lambda	Drilling.Common	Drilling.Common/InterLock/CInterLockManager.cs	97	Drilling.Common.InterLock.CInterLockManager.Evaluate(Drilling.Common.Managers.ST_DEVICE_STATUS)	items.Any	-	열거를 수행하는 호출자 스레드	기존 LINQ 열거 시점	기존 열거 시 호출자에게 전달	낮음	이름 있는 조건/선택 메서드 또는 for/foreach
Lambda	Drilling.Common	Drilling.Common/InterLock/CInterLockManager.cs	114	Drilling.Common.InterLock.CInterLockManager.EvaluateRule(Drilling.Common.InterLock.ST_INTERLOCK_RULE, Drilling.Common.Managers.ST_DEVICE_STATUS)	status.Io.FirstOrDefault	rule	열거를 수행하는 호출자 스레드	기존 LINQ 열거 시점	기존 열거 시 호출자에게 전달	중간	이름 있는 조건/선택 메서드 또는 for/foreach
Lambda	Drilling.Common	Drilling.Common/InterLock/CInterLockManager.cs	147	Drilling.Common.InterLock.CInterLockManager.IsTargetOk(System.Collections.Generic.IEnumerable<Drilling.Common.InterLock.CInterLockManager.ST_INTERLOCK_CHECK>, Drilling.Common.InterLock.EN_INTERLOCK_TARGET)	checks              .Where	target	열거를 수행하는 호출자 스레드	기존 LINQ 열거 시점	기존 열거 시 호출자에게 전달	중간	이름 있는 조건/선택 메서드 또는 for/foreach
Lambda	Drilling.Common	Drilling.Common/InterLock/CInterLockManager.cs	148	Drilling.Common.InterLock.CInterLockManager.IsTargetOk(System.Collections.Generic.IEnumerable<Drilling.Common.InterLock.CInterLockManager.ST_INTERLOCK_CHECK>, Drilling.Common.InterLock.EN_INTERLOCK_TARGET)	checks              .Where(check => check.Rule.Targets.HasFlag(target))              .All	-	열거를 수행하는 호출자 스레드	기존 LINQ 열거 시점	기존 열거 시 호출자에게 전달	낮음	이름 있는 조건/선택 메서드 또는 for/foreach
Lambda	Drilling.Common	Drilling.Common/Log/CLogManager.cs	108	Drilling.Common.Log.CLogManager.ReadRecipeRecent(string, string, int, int)	EnumerateRecentLogFiles(_recipeLogRoot, days)              .SelectMany(ReadLogFile)              .Select(ParseRecipeLine)              .Where	-	열거를 수행하는 호출자 스레드	기존 LINQ 열거 시점	기존 열거 시 호출자에게 전달	낮음	이름 있는 조건/선택 메서드 또는 for/foreach
Lambda	Drilling.Common	Drilling.Common/Log/CLogManager.cs	110	Drilling.Common.Log.CLogManager.ReadRecipeRecent(string, string, int, int)	EnumerateRecentLogFiles(_recipeLogRoot, days)              .SelectMany(ReadLogFile)              .Select(ParseRecipeLine)              .Where(item => item is not null)              .Cast<ST_RECIPE_HISTORY>()              .Where	names	열거를 수행하는 호출자 스레드	기존 LINQ 열거 시점	기존 열거 시 호출자에게 전달	중간	이름 있는 조건/선택 메서드 또는 for/foreach
Lambda	Drilling.Common	Drilling.Common/Log/CLogManager.cs	111	Drilling.Common.Log.CLogManager.ReadRecipeRecent(string, string, int, int)	EnumerateRecentLogFiles(_recipeLogRoot, days)              .SelectMany(ReadLogFile)              .Select(ParseRecipeLine)              .Where(item => item is not null)              .Cast<ST_RECIPE_HISTORY>()              .Where(item => names.Contains(item.RecipeName))              .OrderByDescending	-	열거를 수행하는 호출자 스레드	기존 LINQ 열거 시점	기존 열거 시 호출자에게 전달	낮음	이름 있는 조건/선택 메서드 또는 for/foreach
Lambda	Drilling.Common	Drilling.Common/Log/CLogManager.cs	164	Drilling.Common.Log.CLogManager.ReadSettingRecent(Drilling.Common.Managers.EN_SETTING_TAB, int, int)	EnumerateRecentLogFiles(_settingLogRoot, days)              .SelectMany(ReadLogFile)              .Select(ParseSettingLine)              .Where	-	열거를 수행하는 호출자 스레드	기존 LINQ 열거 시점	기존 열거 시 호출자에게 전달	낮음	이름 있는 조건/선택 메서드 또는 for/foreach
Lambda	Drilling.Common	Drilling.Common/Log/CLogManager.cs	166	Drilling.Common.Log.CLogManager.ReadSettingRecent(Drilling.Common.Managers.EN_SETTING_TAB, int, int)	EnumerateRecentLogFiles(_settingLogRoot, days)              .SelectMany(ReadLogFile)              .Select(ParseSettingLine)              .Where(item => item is not null)              .Cast<ST_SETTING_HISTORY>()              .Where	section	열거를 수행하는 호출자 스레드	기존 LINQ 열거 시점	기존 열거 시 호출자에게 전달	중간	이름 있는 조건/선택 메서드 또는 for/foreach
Lambda	Drilling.Common	Drilling.Common/Log/CLogManager.cs	167	Drilling.Common.Log.CLogManager.ReadSettingRecent(Drilling.Common.Managers.EN_SETTING_TAB, int, int)	EnumerateRecentLogFiles(_settingLogRoot, days)              .SelectMany(ReadLogFile)              .Select(ParseSettingLine)              .Where(item => item is not null)              .Cast<ST_SETTING_HISTORY>()              .Where(item => item.Section == section)              .OrderByDescending	-	열거를 수행하는 호출자 스레드	기존 LINQ 열거 시점	기존 열거 시 호출자에게 전달	낮음	이름 있는 조건/선택 메서드 또는 for/foreach
Lambda	Drilling.Common	Drilling.Common/Log/CLogManager.cs	246	Drilling.Common.Log.CLogManager.ReadInterfaceRecent(Drilling.Common.Interface.EN_EQP_MODULE?, string, int, int)	EnumerateInterfaceLogFiles(module, days)              .SelectMany(ReadLogFile)              .Select(ParseInterfaceLine)              .Where	-	열거를 수행하는 호출자 스레드	기존 LINQ 열거 시점	기존 열거 시 호출자에게 전달	낮음	이름 있는 조건/선택 메서드 또는 for/foreach
Lambda	Drilling.Common	Drilling.Common/Log/CLogManager.cs	248	Drilling.Common.Log.CLogManager.ReadInterfaceRecent(Drilling.Common.Interface.EN_EQP_MODULE?, string, int, int)	EnumerateInterfaceLogFiles(module, days)              .SelectMany(ReadLogFile)              .Select(ParseInterfaceLine)              .Where(item => item is not null)              .Cast<ST_INTERFACE_HISTORY>()              .Where	normalizedNickName	열거를 수행하는 호출자 스레드	기존 LINQ 열거 시점	기존 열거 시 호출자에게 전달	중간	이름 있는 조건/선택 메서드 또는 for/foreach
Lambda	Drilling.Common	Drilling.Common/Log/CLogManager.cs	250	Drilling.Common.Log.CLogManager.ReadInterfaceRecent(Drilling.Common.Interface.EN_EQP_MODULE?, string, int, int)	EnumerateInterfaceLogFiles(module, days)              .SelectMany(ReadLogFile)              .Select(ParseInterfaceLine)              .Where(item => item is not null)              .Cast<ST_INTERFACE_HISTORY>()              .Where(item => string.IsNullOrWhiteSpace(normalizedNickName) ||                  item.NickName.Equals(normalizedNickName, StringComparison.OrdinalIgnoreCase))              .OrderByDescending	-	열거를 수행하는 호출자 스레드	기존 LINQ 열거 시점	기존 열거 시 호출자에게 전달	낮음	이름 있는 조건/선택 메서드 또는 for/foreach
Lambda	Drilling.Common	Drilling.Common/Log/CLogManager.cs	389	Drilling.Common.Log.CLogManager.EnumerateInterfaceLogFiles(Drilling.Common.Interface.EN_EQP_MODULE?, int)	Directory              .EnumerateDirectories(_interfaceLogRoot)              .SelectMany	days	열거를 수행하는 호출자 스레드	기존 LINQ 열거 시점	기존 열거 시 호출자에게 전달	중간	이름 있는 조건/선택 메서드 또는 for/foreach
SwitchExpression	Drilling.Common	Drilling.Common/Log/CLogManager.cs	416	Drilling.Common.Log.CLogManager.ParseRecipeLine(string)	ReturnStatement	-	호출자 스레드	기존 식 평가 시점	기존 호출자에게 직접 전달	중간	일반 switch 문과 명시적 return/대입
SwitchExpression	Drilling.Common	Drilling.Common/Log/CLogManager.cs	579	Drilling.Common.Log.CLogManager.ModuleLogName(Drilling.Common.Interface.EN_EQP_MODULE)	ReturnStatement	-	호출자 스레드	기존 식 평가 시점	기존 호출자에게 직접 전달	중간	일반 switch 문과 명시적 return/대입
SwitchExpression	Drilling.Common	Drilling.Common/Log/CLogManager.cs	621	Drilling.Common.Log.CLogManager.TryReadSection(string, out Drilling.Common.Managers.EN_SETTING_TAB)	SimpleAssignmentExpression	-	호출자 스레드	기존 식 평가 시점	기존 호출자에게 직접 전달	중간	일반 switch 문과 명시적 return/대입
ExpressionBody	Drilling.Common	Drilling.Common/Log/CProgramOpenLog.cs	7	Drilling.Common.Log.CProgramOpenLog.LogDirectory.get	PropertyDeclaration	-	호출자 스레드	기존 식 평가 시점	기존 호출자에게 직접 전달	낮음	블록 본문과 명시적 return/get/set
ExpressionBody	Drilling.Common	Drilling.Common/Log/CProgramOpenLog.cs	12	Drilling.Common.Log.CProgramOpenLog.LogPath.get	PropertyDeclaration	-	호출자 스레드	기존 식 평가 시점	기존 호출자에게 직접 전달	낮음	블록 본문과 명시적 return/get/set
ExpressionBody	Drilling.Common	Drilling.Common/Managers/CManager.cs	82	Drilling.Common.Managers.ST_POWER_METER_STATUS.Empty.get	PropertyDeclaration	-	호출자 스레드	기존 식 평가 시점	기존 호출자에게 직접 전달	낮음	블록 본문과 명시적 return/get/set
ExpressionBody	Drilling.Common	Drilling.Common/Managers/CManager.cs	329	Drilling.Common.Managers.CManager.ConfigRoot.get	PropertyDeclaration	-	호출자 스레드	기존 식 평가 시점	기존 호출자에게 직접 전달	낮음	블록 본문과 명시적 return/get/set
Lambda	Drilling.Common	Drilling.Common/Managers/CManager.cs	394	Drilling.Common.Managers.CManager.Initialize(System.Threading.CancellationToken)	RunInitializeStep	this,cancellationToken	호출자 스레드	기존 식 평가 시점	기존 호출자에게 직접 전달	중간	이름 있는 메서드 또는 명시적 반복문
Lambda	Drilling.Common	Drilling.Common/Managers/CManager.cs	399	Drilling.Common.Managers.CManager.Initialize(System.Threading.CancellationToken)	RunInitializeStep	this,cancellationToken	호출자 스레드	기존 식 평가 시점	기존 호출자에게 직접 전달	중간	이름 있는 메서드 또는 명시적 반복문
ExpressionBody	Drilling.Common	Drilling.Common/Managers/CManager.cs	462	Drilling.Common.Managers.CManager.automation.get	PropertyDeclaration	-	호출자 스레드	기존 식 평가 시점	기존 호출자에게 직접 전달	낮음	블록 본문과 명시적 return/get/set
Lambda	Drilling.Common	Drilling.Common/Managers/CManager.cs	780	Drilling.Common.Managers.CManager.GetMotionSimulationMode(bool?)	_interfaceManager              .GetInterfaceList(EN_EQP_MODULE.Motion)              .DefaultIfEmpty()              .All	-	열거를 수행하는 호출자 스레드	기존 LINQ 열거 시점	기존 열거 시 호출자에게 전달	낮음	이름 있는 조건/선택 메서드 또는 for/foreach
Lambda	Drilling.Common	Drilling.Common/Managers/CManager.cs	789	Drilling.Common.Managers.CManager.GetScriptDirectory()	_settingFile              .Load(EN_SETTING_TAB.Option)              .GetAwaiter()              .GetResult()              .FirstOrDefault	-	열거를 수행하는 호출자 스레드	기존 LINQ 열거 시점	기존 열거 시 호출자에게 전달	낮음	이름 있는 조건/선택 메서드 또는 for/foreach
Lambda	Drilling.Common	Drilling.Common/Managers/CSettingManager.cs	141	Drilling.Common.Managers.CSettingManager.GetValue(Drilling.Common.Managers.EN_SETTING_TAB, string, string, System.Threading.CancellationToken)	parameters.FirstOrDefault	name	열거를 수행하는 호출자 스레드	기존 LINQ 열거 시점	기존 열거 시 호출자에게 전달	중간	이름 있는 조건/선택 메서드 또는 for/foreach
Lambda	Drilling.Common	Drilling.Common/Managers/CSettingManager.cs	161	Drilling.Common.Managers.CSettingManager.SetValue(Drilling.Common.Managers.EN_SETTING_TAB, string, string, System.Threading.CancellationToken)	parameters              .Select	name,value,found	열거를 수행하는 호출자 스레드	기존 LINQ 열거 시점	기존 열거 시 호출자에게 전달	중간	이름 있는 조건/선택 메서드 또는 for/foreach
ExpressionBody	Drilling.Common	Drilling.Common/Motion/A3200/CA3200Motion.cs	14	Drilling.Common.Motion.CA3200Motion.CommandPrefix.get	PropertyDeclaration	-	호출자 스레드	기존 식 평가 시점	기존 호출자에게 직접 전달	낮음	블록 본문과 명시적 return/get/set
SwitchExpression	Drilling.Common	Drilling.Common/Motion/ACS/CACSComm.cs	125	Drilling.Common.Motion.CACSComm.ExecuteACSFunction(ACS.SPiiPlusNET.Api, string)	ReturnStatement	-	호출자 스레드	기존 식 평가 시점	기존 호출자에게 직접 전달	중간	일반 switch 문과 명시적 return/대입
ExpressionBody	Drilling.Common	Drilling.Common/Motion/ACS/CACSMotion.cs	14	Drilling.Common.Motion.CACSMotion.CommandPrefix.get	PropertyDeclaration	-	호출자 스레드	기존 식 평가 시점	기존 호출자에게 직접 전달	낮음	블록 본문과 명시적 return/get/set
ExpressionBody	Drilling.Common	Drilling.Common/Motion/AJIN/CAjinMotion.cs	14	Drilling.Common.Motion.CAjinMotion.CommandPrefix.get	PropertyDeclaration	-	호출자 스레드	기존 식 평가 시점	기존 호출자에게 직접 전달	낮음	블록 본문과 명시적 return/get/set
Lambda	Drilling.Common	Drilling.Common/Motion/CMotionController.cs	14	Drilling.Common.Motion.CMotionControllerTypeAttribute.ControllerNames.field	controllerNames          .Where	-	열거를 수행하는 호출자 스레드	기존 LINQ 열거 시점	기존 열거 시 호출자에게 전달	낮음	이름 있는 조건/선택 메서드 또는 for/foreach
ExpressionBody	Drilling.Common	Drilling.Common/Motion/CMotionController.cs	36	Drilling.Common.Motion.CMotionController.PrimaryModule.get	PropertyDeclaration	-	호출자 스레드	기존 식 평가 시점	기존 호출자에게 직접 전달	낮음	블록 본문과 명시적 return/get/set
SwitchExpression	Drilling.Common	Drilling.Common/Motion/CMotionController.cs	140	Drilling.Common.Motion.CMotionController.BuildAxisCommand(Drilling.Common.Motion.ST_MOTOR_DATA, Drilling.Common.Motion.EN_MOTION_COMMAND, double)	EqualsValueClause	-	호출자 스레드	기존 식 평가 시점	기존 호출자에게 직접 전달	중간	일반 switch 문과 명시적 return/대입
Lambda	Drilling.Common	Drilling.Common/Motion/CMotionController.cs	249	Drilling.Common.Motion.CMotionController.GetInterfaceData()	_interfaceManager              .GetInterfaceList(PrimaryModule)              .Where	this	열거를 수행하는 호출자 스레드	기존 LINQ 열거 시점	기존 열거 시 호출자에게 전달	중간	이름 있는 조건/선택 메서드 또는 for/foreach
Lambda	Drilling.Common	Drilling.Common/Motion/CMotionController.cs	250	Drilling.Common.Motion.CMotionController.GetInterfaceData()	_interfaceManager              .GetInterfaceList(PrimaryModule)              .Where(data => data.Number == DeviceNo)              .OrderBy	-	열거를 수행하는 호출자 스레드	기존 LINQ 열거 시점	기존 열거 시 호출자에게 전달	낮음	이름 있는 조건/선택 메서드 또는 for/foreach
Lambda	Drilling.Common	Drilling.Common/Motion/CMotionController.cs	260	Drilling.Common.Motion.CMotionController.GetInterfaceData()	_interfaceManager              .GetInterfaceList(EN_EQP_MODULE.Motion)              .Where	this	열거를 수행하는 호출자 스레드	기존 LINQ 열거 시점	기존 열거 시 호출자에게 전달	중간	이름 있는 조건/선택 메서드 또는 for/foreach
Lambda	Drilling.Common	Drilling.Common/Motion/CMotionController.cs	261	Drilling.Common.Motion.CMotionController.GetInterfaceData()	_interfaceManager              .GetInterfaceList(EN_EQP_MODULE.Motion)              .Where(data => data.Number == DeviceNo)              .OrderBy	-	열거를 수행하는 호출자 스레드	기존 LINQ 열거 시점	기존 열거 시 호출자에게 전달	낮음	이름 있는 조건/선택 메서드 또는 for/foreach
Lambda	Drilling.Common	Drilling.Common/Motion/CMotionManager.cs	234	Drilling.Common.Motion.CMotionManager.CMotionManager(Drilling.Common.Interface.IInterfaceManager?, System.Collections.Generic.IReadOnlyList<Drilling.Common.Motion.ST_MOTOR_DATA>?, System.Collections.Generic.IReadOnlyList<Drilling.Common.Motion.ST_IO_DATA>?, bool)	_motors              .Where	-	열거를 수행하는 호출자 스레드	기존 LINQ 열거 시점	기존 열거 시 호출자에게 전달	낮음	이름 있는 조건/선택 메서드 또는 for/foreach
Lambda	Drilling.Common	Drilling.Common/Motion/CMotionManager.cs	235	Drilling.Common.Motion.CMotionManager.CMotionManager(Drilling.Common.Interface.IInterfaceManager?, System.Collections.Generic.IReadOnlyList<Drilling.Common.Motion.ST_MOTOR_DATA>?, System.Collections.Generic.IReadOnlyList<Drilling.Common.Motion.ST_IO_DATA>?, bool)	_motors              .Where(axis => axis.Use)              .ToDictionary	-	열거를 수행하는 호출자 스레드	기존 LINQ 열거 시점	기존 열거 시 호출자에게 전달	낮음	이름 있는 조건/선택 메서드 또는 for/foreach
Lambda	Drilling.Common	Drilling.Common/Motion/CMotionManager.cs	240	Drilling.Common.Motion.CMotionManager.CMotionManager(Drilling.Common.Interface.IInterfaceManager?, System.Collections.Generic.IReadOnlyList<Drilling.Common.Motion.ST_MOTOR_DATA>?, System.Collections.Generic.IReadOnlyList<Drilling.Common.Motion.ST_IO_DATA>?, bool)	_axisData.Values              .Select	-	열거를 수행하는 호출자 스레드	기존 LINQ 열거 시점	기존 열거 시 호출자에게 전달	낮음	이름 있는 조건/선택 메서드 또는 for/foreach
Lambda	Drilling.Common	Drilling.Common/Motion/CMotionManager.cs	241	Drilling.Common.Motion.CMotionManager.CMotionManager(Drilling.Common.Interface.IInterfaceManager?, System.Collections.Generic.IReadOnlyList<Drilling.Common.Motion.ST_MOTOR_DATA>?, System.Collections.Generic.IReadOnlyList<Drilling.Common.Motion.ST_IO_DATA>?, bool)	_io.Values.Select	-	열거를 수행하는 호출자 스레드	기존 LINQ 열거 시점	기존 열거 시 호출자에게 전달	낮음	이름 있는 조건/선택 메서드 또는 for/foreach
Lambda	Drilling.Common	Drilling.Common/Motion/CMotionManager.cs	242	Drilling.Common.Motion.CMotionManager.CMotionManager(Drilling.Common.Interface.IInterfaceManager?, System.Collections.Generic.IReadOnlyList<Drilling.Common.Motion.ST_MOTOR_DATA>?, System.Collections.Generic.IReadOnlyList<Drilling.Common.Motion.ST_IO_DATA>?, bool)	_axisData.Values              .Select(axis => (axis.DevType, axis.DevNo))              .Concat(_io.Values.Select(channel => (channel.DevType, channel.DevNo)))              .GroupBy	-	열거를 수행하는 호출자 스레드	기존 LINQ 열거 시점	기존 열거 시 호출자에게 전달	낮음	이름 있는 조건/선택 메서드 또는 for/foreach
ExpressionBody	Drilling.Common	Drilling.Common/Motion/CMotionManager.cs	256	Drilling.Common.Motion.CMotionManager.IsSimulation.get	PropertyDeclaration	-	호출자 스레드	기존 식 평가 시점	기존 호출자에게 직접 전달	낮음	블록 본문과 명시적 return/get/set
Lambda	Drilling.Common	Drilling.Common/Motion/CMotionManager.cs	256	Drilling.Common.Motion.CMotionManager.IsSimulation.get	_controllers.Values.All	-	열거를 수행하는 호출자 스레드	기존 LINQ 열거 시점	기존 열거 시 호출자에게 전달	낮음	이름 있는 조건/선택 메서드 또는 for/foreach
Lambda	Drilling.Common	Drilling.Common/Motion/CMotionManager.cs	267	Drilling.Common.Motion.CMotionManager.Initialize(System.Threading.CancellationToken)	_axisData.Values.GroupBy	-	열거를 수행하는 호출자 스레드	기존 LINQ 열거 시점	기존 열거 시 호출자에게 전달	낮음	이름 있는 조건/선택 메서드 또는 for/foreach
Lambda	Drilling.Common	Drilling.Common/Motion/CMotionManager.cs	320	Drilling.Common.Motion.CMotionManager.GetAxisStatus(System.Threading.CancellationToken)	_axes.Values              .OrderBy	-	열거를 수행하는 호출자 스레드	기존 LINQ 열거 시점	기존 열거 시 호출자에게 전달	낮음	이름 있는 조건/선택 메서드 또는 for/foreach
Lambda	Drilling.Common	Drilling.Common/Motion/CMotionManager.cs	321	Drilling.Common.Motion.CMotionManager.GetAxisStatus(System.Threading.CancellationToken)	_axes.Values              .OrderBy(axis => axis.DisplayOrder)              .Select	-	열거를 수행하는 호출자 스레드	기존 LINQ 열거 시점	기존 열거 시 호출자에게 전달	낮음	이름 있는 조건/선택 메서드 또는 for/foreach
Lambda	Drilling.Common	Drilling.Common/Motion/CMotionManager.cs	344	Drilling.Common.Motion.CMotionManager.GetIoStatus(System.Threading.CancellationToken)	_io.Values              .OrderBy	-	열거를 수행하는 호출자 스레드	기존 LINQ 열거 시점	기존 열거 시 호출자에게 전달	낮음	이름 있는 조건/선택 메서드 또는 for/foreach
Lambda	Drilling.Common	Drilling.Common/Motion/CMotionManager.cs	345	Drilling.Common.Motion.CMotionManager.GetIoStatus(System.Threading.CancellationToken)	_io.Values              .OrderBy(channel => channel.DisplayOrder)              .Select	-	열거를 수행하는 호출자 스레드	기존 LINQ 열거 시점	기존 열거 시 호출자에게 전달	낮음	이름 있는 조건/선택 메서드 또는 for/foreach
Lambda	Drilling.Common	Drilling.Common/Motion/CMotionManager.cs	360	Drilling.Common.Motion.CMotionManager.GetStationStatus(System.Threading.CancellationToken)	axes.ToDictionary	-	열거를 수행하는 호출자 스레드	기존 LINQ 열거 시점	기존 열거 시 호출자에게 전달	낮음	이름 있는 조건/선택 메서드 또는 for/foreach
Lambda	Drilling.Common	Drilling.Common/Motion/CMotionManager.cs	363	Drilling.Common.Motion.CMotionManager.GetStationStatus(System.Threading.CancellationToken)	_axisData.Values              .GroupBy	-	열거를 수행하는 호출자 스레드	기존 LINQ 열거 시점	기존 열거 시 호출자에게 전달	낮음	이름 있는 조건/선택 메서드 또는 for/foreach
Lambda	Drilling.Common	Drilling.Common/Motion/CMotionManager.cs	364	Drilling.Common.Motion.CMotionManager.GetStationStatus(System.Threading.CancellationToken)	_axisData.Values              .GroupBy(axis => NormalizeStationName(axis.StationName))              .OrderBy	-	열거를 수행하는 호출자 스레드	기존 LINQ 열거 시점	기존 열거 시 호출자에게 전달	낮음	이름 있는 조건/선택 메서드 또는 for/foreach
Lambda	Drilling.Common	Drilling.Common/Motion/CMotionManager.cs	365	Drilling.Common.Motion.CMotionManager.GetStationStatus(System.Threading.CancellationToken)	_axisData.Values              .GroupBy(axis => NormalizeStationName(axis.StationName))              .OrderBy(group => group.Key, StringComparer.OrdinalIgnoreCase)              .Select	statusMap	열거를 수행하는 호출자 스레드	기존 LINQ 열거 시점	기존 열거 시 호출자에게 전달	중간	이름 있는 조건/선택 메서드 또는 for/foreach
Lambda	Drilling.Common	Drilling.Common/Motion/CMotionManager.cs	368	lambda expression	group                      .Select	statusMap	열거를 수행하는 호출자 스레드	기존 LINQ 열거 시점	기존 열거 시 호출자에게 전달	중간	이름 있는 조건/선택 메서드 또는 for/foreach
Lambda	Drilling.Common	Drilling.Common/Motion/CMotionManager.cs	371	lambda expression	group                      .Select(axis => statusMap.TryGetValue(NormalizeAxisId(axis.Name), out var status)                          ? status                          : null)                      .Where	-	열거를 수행하는 호출자 스레드	기존 LINQ 열거 시점	기존 열거 시 호출자에게 전달	낮음	이름 있는 조건/선택 메서드 또는 for/foreach
Lambda	Drilling.Common	Drilling.Common/Motion/CMotionManager.cs	373	lambda expression	group                      .Select(axis => statusMap.TryGetValue(NormalizeAxisId(axis.Name), out var status)                          ? status                          : null)                      .Where(status => status is not null)                      .Cast<ST_MOTOR_AXIS_STATUS>()                      .OrderBy	-	열거를 수행하는 호출자 스레드	기존 LINQ 열거 시점	기존 열거 시 호출자에게 전달	낮음	이름 있는 조건/선택 메서드 또는 for/foreach
Lambda	Drilling.Common	Drilling.Common/Motion/CMotionManager.cs	378	lambda expression	group.Select	-	열거를 수행하는 호출자 스레드	기존 LINQ 열거 시점	기존 열거 시 호출자에게 전달	낮음	이름 있는 조건/선택 메서드 또는 for/foreach
Lambda	Drilling.Common	Drilling.Common/Motion/CMotionManager.cs	378	lambda expression	group.Select(axis => axis.System).FirstOrDefault	-	열거를 수행하는 호출자 스레드	기존 LINQ 열거 시점	기존 열거 시 호출자에게 전달	낮음	이름 있는 조건/선택 메서드 또는 for/foreach
Lambda	Drilling.Common	Drilling.Common/Motion/CMotionManager.cs	379	lambda expression	stationAxes.Any	-	열거를 수행하는 호출자 스레드	기존 LINQ 열거 시점	기존 열거 시 호출자에게 전달	낮음	이름 있는 조건/선택 메서드 또는 for/foreach
Lambda	Drilling.Common	Drilling.Common/Motion/CMotionManager.cs	391	Drilling.Common.Motion.CMotionManager.GetControllerStatus(System.Threading.CancellationToken)	_axisData.Values              .GroupBy	-	열거를 수행하는 호출자 스레드	기존 LINQ 열거 시점	기존 열거 시 호출자에게 전달	낮음	이름 있는 조건/선택 메서드 또는 for/foreach
Lambda	Drilling.Common	Drilling.Common/Motion/CMotionManager.cs	392	Drilling.Common.Motion.CMotionManager.GetControllerStatus(System.Threading.CancellationToken)	_axisData.Values              .GroupBy(axis => GetControllerKey(axis.DevType, axis.DevNo), StringComparer.OrdinalIgnoreCase)              .Select	this	열거를 수행하는 호출자 스레드	기존 LINQ 열거 시점	기존 열거 시 호출자에게 전달	중간	이름 있는 조건/선택 메서드 또는 for/foreach
Lambda	Drilling.Common	Drilling.Common/Motion/CMotionManager.cs	397	lambda expression	group                      .Select	-	열거를 수행하는 호출자 스레드	기존 LINQ 열거 시점	기존 열거 시 호출자에게 전달	낮음	이름 있는 조건/선택 메서드 또는 for/foreach
Lambda	Drilling.Common	Drilling.Common/Motion/CMotionManager.cs	398	lambda expression	group                      .Select(axis => NormalizeAxisId(axis.Name))                      .OrderBy	-	열거를 수행하는 호출자 스레드	기존 LINQ 열거 시점	기존 열거 시 호출자에게 전달	낮음	이름 있는 조건/선택 메서드 또는 for/foreach
Lambda	Drilling.Common	Drilling.Common/Motion/CMotionManager.cs	409	Drilling.Common.Motion.CMotionManager.GetControllerStatus(System.Threading.CancellationToken)	_axisData.Values              .GroupBy(axis => GetControllerKey(axis.DevType, axis.DevNo), StringComparer.OrdinalIgnoreCase)              .Select(group =>              {                  var first = group.First();                  var registered = _controllers.TryGetValue(group.Key, out var controller);                  var axes = group                      .Select(axis => NormalizeAxisId(axis.Name))                      .OrderBy(axis => axis, StringComparer.OrdinalIgnoreCase)                      .ToArray();                    return new ST_MOTION_CONTROLLER_STATUS(                      NormalizeControllerName(first.DevType),                      first.DevNo,                      registered,                      controller?.IsSimulation() ?? true,                      axes.Length,                      axes);              })              .OrderBy	-	열거를 수행하는 호출자 스레드	기존 LINQ 열거 시점	기존 열거 시 호출자에게 전달	낮음	이름 있는 조건/선택 메서드 또는 for/foreach
Lambda	Drilling.Common	Drilling.Common/Motion/CMotionManager.cs	410	Drilling.Common.Motion.CMotionManager.GetControllerStatus(System.Threading.CancellationToken)	_axisData.Values              .GroupBy(axis => GetControllerKey(axis.DevType, axis.DevNo), StringComparer.OrdinalIgnoreCase)              .Select(group =>              {                  var first = group.First();                  var registered = _controllers.TryGetValue(group.Key, out var controller);                  var axes = group                      .Select(axis => NormalizeAxisId(axis.Name))                      .OrderBy(axis => axis, StringComparer.OrdinalIgnoreCase)                      .ToArray();                    return new ST_MOTION_CONTROLLER_STATUS(                      NormalizeControllerName(first.DevType),                      first.DevNo,                      registered,                      controller?.IsSimulation() ?? true,                      axes.Length,                      axes);              })              .OrderBy(item => item.DevType, StringComparer.OrdinalIgnoreCase)              .ThenBy	-	열거를 수행하는 호출자 스레드	기존 LINQ 열거 시점	기존 열거 시 호출자에게 전달	낮음	이름 있는 조건/선택 메서드 또는 for/foreach
Lambda	Drilling.Common	Drilling.Common/Motion/CMotionManager.cs	814	Drilling.Common.Motion.CMotionManager.NormalizeMotors(System.Collections.Generic.IReadOnlyList<Drilling.Common.Motion.ST_MOTOR_DATA>?)	.Where	-	열거를 수행하는 호출자 스레드	기존 LINQ 열거 시점	기존 열거 시 호출자에게 전달	낮음	이름 있는 조건/선택 메서드 또는 for/foreach
Lambda	Drilling.Common	Drilling.Common/Motion/CMotionManager.cs	823	Drilling.Common.Motion.CMotionManager.CreateAxes(System.Collections.Generic.IReadOnlyList<Drilling.Common.Motion.ST_MOTOR_DATA>)	motors              .Where	-	열거를 수행하는 호출자 스레드	기존 LINQ 열거 시점	기존 열거 시 호출자에게 전달	낮음	이름 있는 조건/선택 메서드 또는 for/foreach
Lambda	Drilling.Common	Drilling.Common/Motion/CMotionManager.cs	824	Drilling.Common.Motion.CMotionManager.CreateAxes(System.Collections.Generic.IReadOnlyList<Drilling.Common.Motion.ST_MOTOR_DATA>)	motors              .Where(axis => axis.Use)              .Select	-	열거를 수행하는 호출자 스레드	기존 LINQ 열거 시점	기존 열거 시 호출자에게 전달	낮음	이름 있는 조건/선택 메서드 또는 for/foreach
Lambda	Drilling.Common	Drilling.Common/Motion/CMotionManager.cs	840	Drilling.Common.Motion.CMotionManager.CreateAxes(System.Collections.Generic.IReadOnlyList<Drilling.Common.Motion.ST_MOTOR_DATA>)	motors              .Where(axis => axis.Use)              .Select(axis =>              {                  var position = GetInitialPosition(axis.Name);                  return new ST_AXIS_STATE(                      NormalizeAxisId(axis.Name),                      string.IsNullOrWhiteSpace(axis.DisplayName) ? axis.Name : axis.DisplayName,                      position,                      position,                      position,                      true,                      true,                      false,                      false,                      false,                      axis.Axis);              })              .ToDictionary	-	열거를 수행하는 호출자 스레드	기존 LINQ 열거 시점	기존 열거 시 호출자에게 전달	낮음	이름 있는 조건/선택 메서드 또는 for/foreach
SwitchExpression	Drilling.Common	Drilling.Common/Motion/CMotionManager.cs	901	Drilling.Common.Motion.CMotionManager.GetInitialPosition(string)	ReturnStatement	-	호출자 스레드	기존 식 평가 시점	기존 호출자에게 직접 전달	중간	일반 switch 문과 명시적 return/대입
Lambda	Drilling.Common	Drilling.Common/Motion/CMotionManager.cs	942	Drilling.Common.Motion.CMotionManager.GetIoChannelOrThrow(string)	_io.Values              .Where	normalizedAddress	열거를 수행하는 호출자 스레드	기존 LINQ 열거 시점	기존 열거 시 호출자에게 전달	중간	이름 있는 조건/선택 메서드 또는 for/foreach
Lambda	Drilling.Common	Drilling.Common/Motion/CMotionManager.cs	952	Drilling.Common.Motion.CMotionManager.GetIoChannelOrThrow(string)	_io.Values              .Where	normalizedName	열거를 수행하는 호출자 스레드	기존 LINQ 열거 시점	기존 열거 시 호출자에게 전달	중간	이름 있는 조건/선택 메서드 또는 for/foreach
Lambda	Drilling.Common	Drilling.Common/Motion/CMotionManager.cs	967	Drilling.Common.Motion.CMotionManager.GetIoChannelOrThrow(string)	_io.Values.OrderBy	-	열거를 수행하는 호출자 스레드	기존 LINQ 열거 시점	기존 열거 시 호출자에게 전달	낮음	이름 있는 조건/선택 메서드 또는 for/foreach
Lambda	Drilling.Common	Drilling.Common/Motion/CMotionManager.cs	980	Drilling.Common.Motion.CMotionManager.NormalizeIoName(string)	value              .Trim()              .ToUpperInvariant()              .Select	-	열거를 수행하는 호출자 스레드	기존 LINQ 열거 시점	기존 열거 시 호출자에게 전달	낮음	이름 있는 조건/선택 메서드 또는 for/foreach
Lambda	Drilling.Common	Drilling.Common/Motion/CMotionManager.cs	996	Drilling.Common.Motion.CMotionManager.CreateIo(System.Collections.Generic.IReadOnlyList<Drilling.Common.Motion.ST_IO_DATA>?)	(ioData ?? [])              .Where	-	열거를 수행하는 호출자 스레드	기존 LINQ 열거 시점	기존 열거 시 호출자에게 전달	낮음	이름 있는 조건/선택 메서드 또는 for/foreach
Lambda	Drilling.Common	Drilling.Common/Motion/CMotionManager.cs	997	Drilling.Common.Motion.CMotionManager.CreateIo(System.Collections.Generic.IReadOnlyList<Drilling.Common.Motion.ST_IO_DATA>?)	(ioData ?? [])              .Where(channel => channel.Use)              .Select	-	열거를 수행하는 호출자 스레드	기존 LINQ 열거 시점	기존 열거 시 호출자에게 전달	낮음	이름 있는 조건/선택 메서드 또는 for/foreach
Lambda	Drilling.Common	Drilling.Common/Motion/CMotionManager.cs	1007	Drilling.Common.Motion.CMotionManager.CreateIo(System.Collections.Generic.IReadOnlyList<Drilling.Common.Motion.ST_IO_DATA>?)	(ioData ?? [])              .Where(channel => channel.Use)              .Select(channel => new ST_IO_STATE(                  NormalizeIoName(channel.Id),                  NormalizeAddress(channel.Address),                  string.IsNullOrWhiteSpace(channel.Name) ? channel.Id : channel.Name.Trim(),                  channel.InitialState,                  channel.IsOutput,                  NormalizeControllerName(channel.DevType),                  channel.DevNo,                  channel.DisplayOrder,                  channel.Description))              .ToDictionary	-	열거를 수행하는 호출자 스레드	기존 LINQ 열거 시점	기존 열거 시 호출자에게 전달	낮음	이름 있는 조건/선택 메서드 또는 for/foreach
Lambda	Drilling.Common	Drilling.Common/Motion/CMotionManager.cs	1029	Drilling.Common.Motion.CMotionManager.LoadMotionControllerTypes()	typeof(CMotionController)              .Assembly              .GetTypes()              .Where	-	열거를 수행하는 호출자 스레드	기존 LINQ 열거 시점	기존 열거 시 호출자에게 전달	낮음	이름 있는 조건/선택 메서드 또는 for/foreach
Lambda	Drilling.Common	Drilling.Common/Motion/CMotionManager.cs	1030	Drilling.Common.Motion.CMotionManager.LoadMotionControllerTypes()	typeof(CMotionController)              .Assembly              .GetTypes()              .Where(type => !type.IsAbstract && typeof(CMotionController).IsAssignableFrom(type))              .Select	-	열거를 수행하는 호출자 스레드	기존 LINQ 열거 시점	기존 열거 시 호출자에게 전달	낮음	이름 있는 조건/선택 메서드 또는 for/foreach
Lambda	Drilling.Common	Drilling.Common/Motion/CMotionManager.cs	1035	Drilling.Common.Motion.CMotionManager.LoadMotionControllerTypes()	typeof(CMotionController)              .Assembly              .GetTypes()              .Where(type => !type.IsAbstract && typeof(CMotionController).IsAssignableFrom(type))              .Select(type => new              {                  Type = type,                  Attribute = type.GetCustomAttribute<CMotionControllerTypeAttribute>()              })              .Where	-	열거를 수행하는 호출자 스레드	기존 LINQ 열거 시점	기존 열거 시 호출자에게 전달	낮음	이름 있는 조건/선택 메서드 또는 for/foreach
Lambda	Drilling.Common	Drilling.Common/Motion/CMotionManager.cs	1036	Drilling.Common.Motion.CMotionManager.LoadMotionControllerTypes()	typeof(CMotionController)              .Assembly              .GetTypes()              .Where(type => !type.IsAbstract && typeof(CMotionController).IsAssignableFrom(type))              .Select(type => new              {                  Type = type,                  Attribute = type.GetCustomAttribute<CMotionControllerTypeAttribute>()              })              .Where(item => item.Attribute is not null && item.Attribute.ControllerNames.Count > 0)              .SelectMany	item	열거를 수행하는 호출자 스레드	기존 LINQ 열거 시점	기존 열거 시 호출자에게 전달	중간	이름 있는 조건/선택 메서드 또는 for/foreach
Lambda	Drilling.Common	Drilling.Common/Motion/CMotionManager.cs	1036	lambda expression	item.Attribute!.ControllerNames.Select	item	열거를 수행하는 호출자 스레드	기존 LINQ 열거 시점	기존 열거 시 호출자에게 전달	중간	이름 있는 조건/선택 메서드 또는 for/foreach
Lambda	Drilling.Common	Drilling.Common/Motion/CMotionManager.cs	1041	Drilling.Common.Motion.CMotionManager.LoadMotionControllerTypes()	typeof(CMotionController)              .Assembly              .GetTypes()              .Where(type => !type.IsAbstract && typeof(CMotionController).IsAssignableFrom(type))              .Select(type => new              {                  Type = type,                  Attribute = type.GetCustomAttribute<CMotionControllerTypeAttribute>()              })              .Where(item => item.Attribute is not null && item.Attribute.ControllerNames.Count > 0)              .SelectMany(item => item.Attribute!.ControllerNames.Select(controller => new              {                  Controller = NormalizeControllerName(controller),                  item.Type              }))              .GroupBy	-	열거를 수행하는 호출자 스레드	기존 LINQ 열거 시점	기존 열거 시 호출자에게 전달	낮음	이름 있는 조건/선택 메서드 또는 for/foreach
Lambda	Drilling.Common	Drilling.Common/Motion/CMotionManager.cs	1043	Drilling.Common.Motion.CMotionManager.LoadMotionControllerTypes()	typeof(CMotionController)              .Assembly              .GetTypes()              .Where(type => !type.IsAbstract && typeof(CMotionController).IsAssignableFrom(type))              .Select(type => new              {                  Type = type,                  Attribute = type.GetCustomAttribute<CMotionControllerTypeAttribute>()              })              .Where(item => item.Attribute is not null && item.Attribute.ControllerNames.Count > 0)              .SelectMany(item => item.Attribute!.ControllerNames.Select(controller => new              {                  Controller = NormalizeControllerName(controller),                  item.Type              }))              .GroupBy(item => item.Controller, StringComparer.OrdinalIgnoreCase)              .ToDictionary	-	열거를 수행하는 호출자 스레드	기존 LINQ 열거 시점	기존 열거 시 호출자에게 전달	낮음	이름 있는 조건/선택 메서드 또는 for/foreach
Lambda	Drilling.Common	Drilling.Common/Motion/CMotionManager.cs	1044	Drilling.Common.Motion.CMotionManager.LoadMotionControllerTypes()	typeof(CMotionController)              .Assembly              .GetTypes()              .Where(type => !type.IsAbstract && typeof(CMotionController).IsAssignableFrom(type))              .Select(type => new              {                  Type = type,                  Attribute = type.GetCustomAttribute<CMotionControllerTypeAttribute>()              })              .Where(item => item.Attribute is not null && item.Attribute.ControllerNames.Count > 0)              .SelectMany(item => item.Attribute!.ControllerNames.Select(controller => new              {                  Controller = NormalizeControllerName(controller),                  item.Type              }))              .GroupBy(item => item.Controller, StringComparer.OrdinalIgnoreCase)              .ToDictionary	-	열거를 수행하는 호출자 스레드	기존 LINQ 열거 시점	기존 열거 시 호출자에게 전달	낮음	이름 있는 조건/선택 메서드 또는 for/foreach
SwitchExpression	Drilling.Common	Drilling.Common/Motion/CMotionManager.cs	1065	Drilling.Common.Motion.CMotionManager.FormatMotionCommand(Drilling.Common.Motion.EN_MOTION_COMMAND)	ReturnStatement	-	호출자 스레드	기존 식 평가 시점	기존 호출자에게 직접 전달	중간	일반 switch 문과 명시적 return/대입
ExpressionBody	Drilling.Common	Drilling.Common/Motion/PMAC/CPmacMotion.cs	14	Drilling.Common.Motion.CPmacMotion.CommandPrefix.get	PropertyDeclaration	-	호출자 스레드	기존 식 평가 시점	기존 호출자에게 직접 전달	낮음	블록 본문과 명시적 return/get/set
ExpressionBody	Drilling.Common	Drilling.Common/Motion/UMAC/CUmacMotion.cs	14	Drilling.Common.Motion.CUmacMotion.CommandPrefix.get	PropertyDeclaration	-	호출자 스레드	기존 식 평가 시점	기존 호출자에게 직접 전달	낮음	블록 본문과 명시적 return/get/set
SwitchExpression	Drilling.Common	Drilling.Common/Motion/XPS/CXpsComm.cs	123	Drilling.Common.Motion.CXpsComm.ExecuteXpsFunction(CommandInterfaceXPS.XPS, string)	ReturnStatement	-	호출자 스레드	기존 식 평가 시점	기존 호출자에게 직접 전달	중간	일반 switch 문과 명시적 return/대입
SwitchExpression	Drilling.Common	Drilling.Common/Motion/XPS/CXpsComm.cs	244	Drilling.Common.Motion.CXpsComm.ExecuteRawCommand(CommandInterfaceXPS.XPS, string)	ReturnStatement	-	호출자 스레드	기존 식 평가 시점	기존 호출자에게 직접 전달	중간	일반 switch 문과 명시적 return/대입
ExpressionBody	Drilling.Common	Drilling.Common/Motion/XPS/CXpsMotion.cs	14	Drilling.Common.Motion.CXpsMotion.CommandPrefix.get	PropertyDeclaration	-	호출자 스레드	기존 식 평가 시점	기존 호출자에게 직접 전달	낮음	블록 본문과 명시적 return/get/set
SwitchExpression	Drilling.Common	Drilling.Common/Motion/XPS/CXpsMotion.cs	32	Drilling.Common.Motion.CXpsMotion.BuildAxisCommand(Drilling.Common.Motion.ST_MOTOR_DATA, Drilling.Common.Motion.EN_MOTION_COMMAND, double)	EqualsValueClause	-	호출자 스레드	기존 식 평가 시점	기존 호출자에게 직접 전달	중간	일반 switch 문과 명시적 return/대입
Lambda	Drilling.Common	Drilling.Common/Motion/XPS/CXpsMotion.cs	111	Drilling.Common.Motion.CXpsMotion.ContainsAny(string, params string[])	patterns.Any	value	열거를 수행하는 호출자 스레드	기존 LINQ 열거 시점	기존 열거 시 호출자에게 전달	중간	이름 있는 조건/선택 메서드 또는 for/foreach
ExpressionBody	Drilling.Common	Drilling.Common/Product/CProductManager.cs	156	Drilling.Common.Product.CProductManager.Current.get	PropertyDeclaration	-	호출자 스레드	기존 식 평가 시점	기존 호출자에게 직접 전달	낮음	블록 본문과 명시적 return/get/set
Lambda	Drilling.Common	Drilling.Common/Product/CProductManager.cs	181	Drilling.Common.Product.CProductManager.CreateProduct(string, string, string, string, string, System.Collections.Generic.IReadOnlyDictionary<string, string>, System.Collections.Generic.IReadOnlyDictionary<int, int>, System.Threading.CancellationToken)	headPointCounts              .OrderBy	-	열거를 수행하는 호출자 스레드	기존 LINQ 열거 시점	기존 열거 시 호출자에게 전달	낮음	이름 있는 조건/선택 메서드 또는 for/foreach
Lambda	Drilling.Common	Drilling.Common/Product/CProductManager.cs	182	Drilling.Common.Product.CProductManager.CreateProduct(string, string, string, string, string, System.Collections.Generic.IReadOnlyDictionary<string, string>, System.Collections.Generic.IReadOnlyDictionary<int, int>, System.Threading.CancellationToken)	headPointCounts              .OrderBy(item => item.Key)              .Select	-	열거를 수행하는 호출자 스레드	기존 LINQ 열거 시점	기존 열거 시 호출자에게 전달	낮음	이름 있는 조건/선택 메서드 또는 for/foreach
Lambda	Drilling.Common	Drilling.Common/Product/CProductManager.cs	243	Drilling.Common.Product.CProductManager.SetHeadRunning(string, int, System.Threading.CancellationToken)	product.Heads                  .Select	headNo,now	열거를 수행하는 호출자 스레드	기존 LINQ 열거 시점	기존 열거 시 호출자에게 전달	중간	이름 있는 조건/선택 메서드 또는 for/foreach
Lambda	Drilling.Common	Drilling.Common/Product/CProductManager.cs	272	Drilling.Common.Product.CProductManager.SetHeadResult(string, int, bool, string, string, System.Threading.CancellationToken)	product.Heads                  .Select	headNo,isOk,errorCode,message,now	열거를 수행하는 호출자 스레드	기존 LINQ 열거 시점	기존 열거 시 호출자에게 전달	중간	이름 있는 조건/선택 메서드 또는 for/foreach
ExpressionBody	Drilling.Common	Drilling.Common/Recipe/CCellPointCalculator.cs	27	Drilling.Common.Recipe.ST_CELL_POINT_RESULT.IsValid.get	PropertyDeclaration	-	호출자 스레드	기존 식 평가 시점	기존 호출자에게 직접 전달	낮음	블록 본문과 명시적 return/get/set
ExpressionBody	Drilling.Common	Drilling.Common/Recipe/CRecipeHolePlan.cs	32	Drilling.Common.Recipe.ST_RECIPE_HOLE_POINT.OffsetX.get	PropertyDeclaration	-	호출자 스레드	기존 식 평가 시점	기존 호출자에게 직접 전달	낮음	블록 본문과 명시적 return/get/set
ExpressionBody	Drilling.Common	Drilling.Common/Recipe/CRecipeHolePlan.cs	34	Drilling.Common.Recipe.ST_RECIPE_HOLE_POINT.OffsetY.get	PropertyDeclaration	-	호출자 스레드	기존 식 평가 시점	기존 호출자에게 직접 전달	낮음	블록 본문과 명시적 return/get/set
Lambda	Drilling.Common	Drilling.Common/Recipe/CRecipeHolePlan.cs	80	Drilling.Common.Recipe.CRecipeHolePlan.Build(System.Collections.Generic.IReadOnlyDictionary<string, string>)	Enumerable.Range(1, headCount)              .ToDictionary	-	열거를 수행하는 호출자 스레드	기존 LINQ 열거 시점	기존 열거 시 호출자에게 전달	낮음	이름 있는 조건/선택 메서드 또는 for/foreach
Lambda	Drilling.Common	Drilling.Common/Recipe/CRecipeHolePlan.cs	80	Drilling.Common.Recipe.CRecipeHolePlan.Build(System.Collections.Generic.IReadOnlyDictionary<string, string>)	Enumerable.Range(1, headCount)              .ToDictionary	-	열거를 수행하는 호출자 스레드	기존 LINQ 열거 시점	기존 열거 시 호출자에게 전달	낮음	이름 있는 조건/선택 메서드 또는 for/foreach
Lambda	Drilling.Common	Drilling.Common/Recipe/CRecipeHolePlan.cs	83	Drilling.Common.Recipe.CRecipeHolePlan.Build(System.Collections.Generic.IReadOnlyDictionary<string, string>)	rawPoints              .Select	parameters,headCount,akMarginY,assignedHeadCounts	열거를 수행하는 호출자 스레드	기존 LINQ 열거 시점	기존 열거 시 호출자에게 전달	중간	이름 있는 조건/선택 메서드 또는 for/foreach
Lambda	Drilling.Common	Drilling.Common/Recipe/CRecipeHolePlan.cs	152	Drilling.Common.Recipe.CRecipeHolePlan.Build(System.Collections.Generic.IReadOnlyDictionary<string, string>)	preparedPoints.Max	-	호출자 스레드	기존 식 평가 시점	기존 호출자에게 직접 전달	낮음	이름 있는 메서드 또는 명시적 반복문
Lambda	Drilling.Common	Drilling.Common/Recipe/CRecipeHolePlan.cs	153	Drilling.Common.Recipe.CRecipeHolePlan.Build(System.Collections.Generic.IReadOnlyDictionary<string, string>)	preparedPoints.Min	-	호출자 스레드	기존 식 평가 시점	기존 호출자에게 직접 전달	낮음	이름 있는 메서드 또는 명시적 반복문
Lambda	Drilling.Common	Drilling.Common/Recipe/CRecipeHolePlan.cs	157	Drilling.Common.Recipe.CRecipeHolePlan.Build(System.Collections.Generic.IReadOnlyDictionary<string, string>)	preparedPoints              .Select	encoderScale,stageScanDirectionY,scanStartStageY	열거를 수행하는 호출자 스레드	기존 LINQ 열거 시점	기존 열거 시 호출자에게 전달	중간	이름 있는 조건/선택 메서드 또는 for/foreach
Lambda	Drilling.Common	Drilling.Common/Recipe/CRecipeHolePlan.cs	216	Drilling.Common.Recipe.CRecipeHolePlan.Build(System.Collections.Generic.IReadOnlyDictionary<string, string>)	OrderProcessPoints(calculatedPoints, stageScanDirectionY)              .Select	-	열거를 수행하는 호출자 스레드	기존 LINQ 열거 시점	기존 열거 시 호출자에게 전달	낮음	이름 있는 조건/선택 메서드 또는 for/foreach
Lambda	Drilling.Common	Drilling.Common/Recipe/CRecipeHolePlan.cs	374	Drilling.Common.Recipe.CRecipeHolePlan.BuildFallbackCellGrid(System.Collections.Generic.IReadOnlyDictionary<string, string>, int, double, double, double, double, int, int, double, double)	calculated.Points              .Select	parameters,cellNo,defaultReviewOffsetX,defaultReviewOffsetY,pixelCountX,pixelCountY	열거를 수행하는 호출자 스레드	기존 LINQ 열거 시점	기존 열거 시 호출자에게 전달	중간	이름 있는 조건/선택 메서드 또는 for/foreach
Lambda	Drilling.Common	Drilling.Common/Recipe/CRecipeHolePlan.cs	402	Drilling.Common.Recipe.CRecipeHolePlan.OrderProcessPoints(System.Collections.Generic.IReadOnlyList<Drilling.Common.Recipe.ST_RECIPE_HOLE_POINT>, double)	points              .GroupBy	-	열거를 수행하는 호출자 스레드	기존 LINQ 열거 시점	기존 열거 시 호출자에게 전달	낮음	이름 있는 조건/선택 메서드 또는 for/foreach
Lambda	Drilling.Common	Drilling.Common/Recipe/CRecipeHolePlan.cs	405	Drilling.Common.Recipe.CRecipeHolePlan.OrderProcessPoints(System.Collections.Generic.IReadOnlyList<Drilling.Common.Recipe.ST_RECIPE_HOLE_POINT>, double)	rows.OrderByDescending	-	열거를 수행하는 호출자 스레드	기존 LINQ 열거 시점	기존 열거 시 호출자에게 전달	낮음	이름 있는 조건/선택 메서드 또는 for/foreach
Lambda	Drilling.Common	Drilling.Common/Recipe/CRecipeHolePlan.cs	406	Drilling.Common.Recipe.CRecipeHolePlan.OrderProcessPoints(System.Collections.Generic.IReadOnlyList<Drilling.Common.Recipe.ST_RECIPE_HOLE_POINT>, double)	rows.OrderBy	-	열거를 수행하는 호출자 스레드	기존 LINQ 열거 시점	기존 열거 시 호출자에게 전달	낮음	이름 있는 조건/선택 메서드 또는 for/foreach
Lambda	Drilling.Common	Drilling.Common/Recipe/CRecipeHolePlan.cs	413	Drilling.Common.Recipe.CRecipeHolePlan.OrderProcessPoints(System.Collections.Generic.IReadOnlyList<Drilling.Common.Recipe.ST_RECIPE_HOLE_POINT>, double)	orderedRows[rowIndex].OrderBy	-	열거를 수행하는 호출자 스레드	기존 LINQ 열거 시점	기존 열거 시 호출자에게 전달	낮음	이름 있는 조건/선택 메서드 또는 for/foreach
Lambda	Drilling.Common	Drilling.Common/Recipe/CRecipeHolePlan.cs	413	Drilling.Common.Recipe.CRecipeHolePlan.OrderProcessPoints(System.Collections.Generic.IReadOnlyList<Drilling.Common.Recipe.ST_RECIPE_HOLE_POINT>, double)	orderedRows[rowIndex].OrderBy(point => point.DesignX).ThenBy	-	열거를 수행하는 호출자 스레드	기존 LINQ 열거 시점	기존 열거 시 호출자에게 전달	낮음	이름 있는 조건/선택 메서드 또는 for/foreach
Lambda	Drilling.Common	Drilling.Common/Recipe/CRecipeHolePlan.cs	413	Drilling.Common.Recipe.CRecipeHolePlan.OrderProcessPoints(System.Collections.Generic.IReadOnlyList<Drilling.Common.Recipe.ST_RECIPE_HOLE_POINT>, double)	orderedRows[rowIndex].OrderBy(point => point.DesignX).ThenBy(point => point.CellNo).ThenBy	-	열거를 수행하는 호출자 스레드	기존 LINQ 열거 시점	기존 열거 시 호출자에게 전달	낮음	이름 있는 조건/선택 메서드 또는 for/foreach
Lambda	Drilling.Common	Drilling.Common/Recipe/CRecipeHolePlan.cs	414	Drilling.Common.Recipe.CRecipeHolePlan.OrderProcessPoints(System.Collections.Generic.IReadOnlyList<Drilling.Common.Recipe.ST_RECIPE_HOLE_POINT>, double)	orderedRows[rowIndex].OrderByDescending	-	열거를 수행하는 호출자 스레드	기존 LINQ 열거 시점	기존 열거 시 호출자에게 전달	낮음	이름 있는 조건/선택 메서드 또는 for/foreach
Lambda	Drilling.Common	Drilling.Common/Recipe/CRecipeHolePlan.cs	414	Drilling.Common.Recipe.CRecipeHolePlan.OrderProcessPoints(System.Collections.Generic.IReadOnlyList<Drilling.Common.Recipe.ST_RECIPE_HOLE_POINT>, double)	orderedRows[rowIndex].OrderByDescending(point => point.DesignX).ThenBy	-	열거를 수행하는 호출자 스레드	기존 LINQ 열거 시점	기존 열거 시 호출자에게 전달	낮음	이름 있는 조건/선택 메서드 또는 for/foreach
Lambda	Drilling.Common	Drilling.Common/Recipe/CRecipeHolePlan.cs	414	Drilling.Common.Recipe.CRecipeHolePlan.OrderProcessPoints(System.Collections.Generic.IReadOnlyList<Drilling.Common.Recipe.ST_RECIPE_HOLE_POINT>, double)	orderedRows[rowIndex].OrderByDescending(point => point.DesignX).ThenBy(point => point.CellNo).ThenBy	-	열거를 수행하는 호출자 스레드	기존 LINQ 열거 시점	기존 열거 시 호출자에게 전달	낮음	이름 있는 조건/선택 메서드 또는 for/foreach
Lambda	Drilling.Common	Drilling.Common/Recipe/CRecipeHolePlan.cs	433	Drilling.Common.Recipe.CRecipeHolePlan.AssignHeadNo(double, int, System.Collections.Generic.IReadOnlyDictionary<string, string>, System.Collections.Generic.IReadOnlyDictionary<int, int>)	Enumerable.Range(1, headCount).Any	parameters	열거를 수행하는 호출자 스레드	기존 LINQ 열거 시점	기존 열거 시 호출자에게 전달	중간	이름 있는 조건/선택 메서드 또는 for/foreach
Lambda	Drilling.Common	Drilling.Common/Recipe/CRecipeHolePlan.cs	442	Drilling.Common.Recipe.CRecipeHolePlan.AssignHeadNo(double, int, System.Collections.Generic.IReadOnlyDictionary<string, string>, System.Collections.Generic.IReadOnlyDictionary<int, int>)	Enumerable.Range(1, headCount)                  .Select	designX,parameters	열거를 수행하는 호출자 스레드	기존 LINQ 열거 시점	기존 열거 시 호출자에게 전달	중간	이름 있는 조건/선택 메서드 또는 for/foreach
Lambda	Drilling.Common	Drilling.Common/Recipe/CRecipeHolePlan.cs	457	Drilling.Common.Recipe.CRecipeHolePlan.AssignHeadNo(double, int, System.Collections.Generic.IReadOnlyDictionary<string, string>, System.Collections.Generic.IReadOnlyDictionary<int, int>)	Enumerable.Range(1, headCount)                  .Select(headNo =>                  {                      var centerX = ReadHeadCenterX(parameters, headNo);                      var widthX = ReadNullableDouble(                              parameters,                              $"H{headNo:00}_SCAN_FIELD_WIDTH_X",                              $"H{headNo:00}_HEAD_FIELD_WIDTH_X")                          ?? 110.0;                      widthX = widthX > 0.0 ? widthX : 110.0;                      var halfWidth = widthX / 2.0;                        return designX >= centerX - halfWidth && designX <= centerX + halfWidth                          ? new ST_HEAD_ASSIGNMENT_CANDIDATE(headNo, Math.Abs(designX - centerX))                          : (ST_HEAD_ASSIGNMENT_CANDIDATE?)null;                  })                  .Where	-	열거를 수행하는 호출자 스레드	기존 LINQ 열거 시점	기존 열거 시 호출자에게 전달	낮음	이름 있는 조건/선택 메서드 또는 for/foreach
Lambda	Drilling.Common	Drilling.Common/Recipe/CRecipeHolePlan.cs	458	Drilling.Common.Recipe.CRecipeHolePlan.AssignHeadNo(double, int, System.Collections.Generic.IReadOnlyDictionary<string, string>, System.Collections.Generic.IReadOnlyDictionary<int, int>)	Enumerable.Range(1, headCount)                  .Select(headNo =>                  {                      var centerX = ReadHeadCenterX(parameters, headNo);                      var widthX = ReadNullableDouble(                              parameters,                              $"H{headNo:00}_SCAN_FIELD_WIDTH_X",                              $"H{headNo:00}_HEAD_FIELD_WIDTH_X")                          ?? 110.0;                      widthX = widthX > 0.0 ? widthX : 110.0;                      var halfWidth = widthX / 2.0;                        return designX >= centerX - halfWidth && designX <= centerX + halfWidth                          ? new ST_HEAD_ASSIGNMENT_CANDIDATE(headNo, Math.Abs(designX - centerX))                          : (ST_HEAD_ASSIGNMENT_CANDIDATE?)null;                  })                  .Where(candidate => candidate.HasValue)                  .Select	-	열거를 수행하는 호출자 스레드	기존 LINQ 열거 시점	기존 열거 시 호출자에게 전달	낮음	이름 있는 조건/선택 메서드 또는 for/foreach
Lambda	Drilling.Common	Drilling.Common/Recipe/CRecipeHolePlan.cs	467	Drilling.Common.Recipe.CRecipeHolePlan.AssignHeadNo(double, int, System.Collections.Generic.IReadOnlyDictionary<string, string>, System.Collections.Generic.IReadOnlyDictionary<int, int>)	Enumerable.Range(1, headCount)              .Select	designX,parameters	열거를 수행하는 호출자 스레드	기존 LINQ 열거 시점	기존 열거 시 호출자에게 전달	중간	이름 있는 조건/선택 메서드 또는 for/foreach
Lambda	Drilling.Common	Drilling.Common/Recipe/CRecipeHolePlan.cs	480	Drilling.Common.Recipe.CRecipeHolePlan.SelectHeadCandidate(System.Collections.Generic.IReadOnlyList<Drilling.Common.Recipe.ST_HEAD_ASSIGNMENT_CANDIDATE>, System.Collections.Generic.IReadOnlyDictionary<int, int>)	candidates              .OrderBy	-	열거를 수행하는 호출자 스레드	기존 LINQ 열거 시점	기존 열거 시 호출자에게 전달	낮음	이름 있는 조건/선택 메서드 또는 for/foreach
Lambda	Drilling.Common	Drilling.Common/Recipe/CRecipeHolePlan.cs	481	Drilling.Common.Recipe.CRecipeHolePlan.SelectHeadCandidate(System.Collections.Generic.IReadOnlyList<Drilling.Common.Recipe.ST_HEAD_ASSIGNMENT_CANDIDATE>, System.Collections.Generic.IReadOnlyDictionary<int, int>)	candidates              .OrderBy(candidate => candidate.Distance)              .ThenBy	assignedHeadCounts	열거를 수행하는 호출자 스레드	기존 LINQ 열거 시점	기존 열거 시 호출자에게 전달	중간	이름 있는 조건/선택 메서드 또는 for/foreach
Lambda	Drilling.Common	Drilling.Common/Recipe/CRecipeHolePlan.cs	484	Drilling.Common.Recipe.CRecipeHolePlan.SelectHeadCandidate(System.Collections.Generic.IReadOnlyList<Drilling.Common.Recipe.ST_HEAD_ASSIGNMENT_CANDIDATE>, System.Collections.Generic.IReadOnlyDictionary<int, int>)	candidates              .OrderBy(candidate => candidate.Distance)              .ThenBy(candidate => assignedHeadCounts.TryGetValue(candidate.HeadNo, out var count)                  ? count                  : 0)              .ThenBy	-	열거를 수행하는 호출자 스레드	기존 LINQ 열거 시점	기존 열거 시 호출자에게 전달	낮음	이름 있는 조건/선택 메서드 또는 for/foreach
Lambda	Drilling.Common	Drilling.Common/Recipe/CRecipeHolePlan.cs	572	Drilling.Common.Recipe.CRecipeHolePlan.ReadDirection(System.Collections.Generic.IReadOnlyDictionary<string, string>, double, params string[])	keys.Where	-	열거를 수행하는 호출자 스레드	기존 LINQ 열거 시점	기존 열거 시 호출자에게 전달	낮음	이름 있는 조건/선택 메서드 또는 for/foreach
Lambda	Drilling.Common	Drilling.Common/Recipe/CRecipeHolePlan.cs	631	Drilling.Common.Recipe.CRecipeHolePlan.ReadDouble(System.Collections.Generic.IReadOnlyDictionary<string, string>, double, params string[])	keys.Where	-	열거를 수행하는 호출자 스레드	기존 LINQ 열거 시점	기존 열거 시 호출자에게 전달	낮음	이름 있는 조건/선택 메서드 또는 for/foreach
Lambda	Drilling.Common	Drilling.Common/Recipe/CRecipeHolePlan.cs	647	Drilling.Common.Recipe.CRecipeHolePlan.ReadNullableDouble(System.Collections.Generic.IReadOnlyDictionary<string, string>, params string[])	keys.Where	-	열거를 수행하는 호출자 스레드	기존 LINQ 열거 시점	기존 열거 시 호출자에게 전달	낮음	이름 있는 조건/선택 메서드 또는 for/foreach
Lambda	Drilling.Common	Drilling.Common/Recipe/CRecipeHolePlan.cs	664	Drilling.Common.Recipe.CRecipeHolePlan.ReadInt(System.Collections.Generic.IReadOnlyDictionary<string, string>, int, params string[])	keys.Where	-	열거를 수행하는 호출자 스레드	기존 LINQ 열거 시점	기존 열거 시 호출자에게 전달	낮음	이름 있는 조건/선택 메서드 또는 for/foreach
ExpressionBody	Drilling.Common	Drilling.Common/Review/CReviewManager.cs	76	Drilling.Common.Review.ST_REVIEW_PLAN_POINT.HeadName.get	PropertyDeclaration	-	호출자 스레드	기존 식 평가 시점	기존 호출자에게 직접 전달	낮음	블록 본문과 명시적 return/get/set
ExpressionBody	Drilling.Common	Drilling.Common/Review/CReviewManager.cs	78	Drilling.Common.Review.ST_REVIEW_PLAN_POINT.CellName.get	PropertyDeclaration	-	호출자 스레드	기존 식 평가 시점	기존 호출자에게 직접 전달	낮음	블록 본문과 명시적 return/get/set
ExpressionBody	Drilling.Common	Drilling.Common/Review/CReviewManager.cs	80	Drilling.Common.Review.ST_REVIEW_PLAN_POINT.HoleName.get	PropertyDeclaration	-	호출자 스레드	기존 식 평가 시점	기존 호출자에게 직접 전달	낮음	블록 본문과 명시적 return/get/set
ExpressionBody	Drilling.Common	Drilling.Common/Review/CReviewManager.cs	82	Drilling.Common.Review.ST_REVIEW_PLAN_POINT.PointName.get	PropertyDeclaration	-	호출자 스레드	기존 식 평가 시점	기존 호출자에게 직접 전달	낮음	블록 본문과 명시적 return/get/set
ExpressionBody	Drilling.Common	Drilling.Common/Review/CReviewManager.cs	126	Drilling.Common.Review.ST_REVIEW_PLAN.ReviewPoints.get	PropertyDeclaration	-	호출자 스레드	기존 식 평가 시점	기존 호출자에게 직접 전달	낮음	블록 본문과 명시적 return/get/set
Lambda	Drilling.Common	Drilling.Common/Review/CReviewManager.cs	127	Drilling.Common.Review.ST_REVIEW_PLAN.ReviewPoints.get	Points          .Where	-	열거를 수행하는 호출자 스레드	기존 LINQ 열거 시점	기존 열거 시 호출자에게 전달	낮음	이름 있는 조건/선택 메서드 또는 for/foreach
ExpressionBody	Drilling.Common	Drilling.Common/Review/CReviewManager.cs	130	Drilling.Common.Review.ST_REVIEW_PLAN.TotalPointCount.get	PropertyDeclaration	-	호출자 스레드	기존 식 평가 시점	기존 호출자에게 직접 전달	낮음	블록 본문과 명시적 return/get/set
ExpressionBody	Drilling.Common	Drilling.Common/Review/CReviewManager.cs	132	Drilling.Common.Review.ST_REVIEW_PLAN.ReviewPointCount.get	PropertyDeclaration	-	호출자 스레드	기존 식 평가 시점	기존 호출자에게 직접 전달	낮음	블록 본문과 명시적 return/get/set
Lambda	Drilling.Common	Drilling.Common/Review/CReviewManager.cs	132	Drilling.Common.Review.ST_REVIEW_PLAN.ReviewPointCount.get	Points.Count	-	열거를 수행하는 호출자 스레드	기존 LINQ 열거 시점	기존 열거 시 호출자에게 전달	낮음	이름 있는 조건/선택 메서드 또는 for/foreach
Lambda	Drilling.Common	Drilling.Common/Review/CReviewManager.cs	248	Drilling.Common.Review.CReviewManager.CreatePlan(Drilling.Common.Managers.ST_RECIPE_DATA, System.Collections.Generic.IReadOnlyCollection<string>)	selectedHoleKeys              .Where	-	열거를 수행하는 호출자 스레드	기존 LINQ 열거 시점	기존 열거 시 호출자에게 전달	낮음	이름 있는 조건/선택 메서드 또는 for/foreach
Lambda	Drilling.Common	Drilling.Common/Review/CReviewManager.cs	254	Drilling.Common.Review.CReviewManager.CreatePlan(Drilling.Common.Managers.ST_RECIPE_DATA, System.Collections.Generic.IReadOnlyCollection<string>)	CreatePlanCore	selectedSet	호출자 스레드	기존 식 평가 시점	기존 호출자에게 직접 전달	중간	이름 있는 메서드 또는 명시적 반복문
Lambda	Drilling.Common	Drilling.Common/Review/CReviewManager.cs	391	Drilling.Common.Review.CReviewManager.ApplyReviewOffset(string)	.ReviewPoints.FirstOrDefault	normalizedHoleKey	열거를 수행하는 호출자 스레드	기존 LINQ 열거 시점	기존 열거 시 호출자에게 전달	중간	이름 있는 조건/선택 메서드 또는 for/foreach
Lambda	Drilling.Common	Drilling.Common/Review/CReviewManager.cs	432	Drilling.Common.Review.CReviewManager.RetryRemaining(System.Action<Drilling.Common.Review.ST_REVIEW_PLAN>?, System.Threading.CancellationToken)	plan.ReviewPoints              .Where	-	열거를 수행하는 호출자 스레드	기존 LINQ 열거 시점	기존 열거 시 호출자에게 전달	낮음	이름 있는 조건/선택 메서드 또는 for/foreach
Lambda	Drilling.Common	Drilling.Common/Review/CReviewManager.cs	464	Drilling.Common.Review.CReviewManager.CreatePlanCore(Drilling.Common.Managers.ST_RECIPE_DATA, System.Func<Drilling.Common.Review.ST_REVIEW_PLAN_POINT, bool>)	BuildHolePoints(recipe, headCount, cellCount, coordinateSettings.HeadLayout)              .Select	useSelector	열거를 수행하는 호출자 스레드	기존 LINQ 열거 시점	기존 열거 시 호출자에게 전달	중간	이름 있는 조건/선택 메서드 또는 for/foreach
Lambda	Drilling.Common	Drilling.Common/Review/CReviewManager.cs	501	Drilling.Common.Review.CReviewManager.LoadReviewCoordinateSettings()	Enumerable.Range(1, 8)              .Select	optionSettings,headNo,position,widthX	열거를 수행하는 호출자 스레드	기존 LINQ 열거 시점	기존 열거 시 호출자에게 전달	중간	이름 있는 조건/선택 메서드 또는 for/foreach
Lambda	Drilling.Common	Drilling.Common/Review/CReviewManager.cs	543	Drilling.Common.Review.CReviewManager.ReadSettingDouble(System.Collections.Generic.IReadOnlyList<Drilling.Common.Managers.ST_SYSTEM_PARAMETER>, double, params string[])	keys.Any	setting	열거를 수행하는 호출자 스레드	기존 LINQ 열거 시점	기존 열거 시 호출자에게 전달	중간	이름 있는 조건/선택 메서드 또는 for/foreach
Lambda	Drilling.Common	Drilling.Common/Review/CReviewManager.cs	566	Drilling.Common.Review.CReviewManager.ReadSettingText(System.Collections.Generic.IReadOnlyList<Drilling.Common.Managers.ST_SYSTEM_PARAMETER>, string, params string[])	keys.Any	setting	열거를 수행하는 호출자 스레드	기존 LINQ 열거 시점	기존 열거 시 호출자에게 전달	중간	이름 있는 조건/선택 메서드 또는 for/foreach
Lambda	Drilling.Common	Drilling.Common/Review/CReviewManager.cs	788	Drilling.Common.Review.CReviewManager.BuildRuleHoleKeys(Drilling.Common.Review.ST_REVIEW_RULE_DATA, Drilling.Common.Review.ST_REVIEW_PLAN)	rule.HoleKeys                  .Select(NormalizeHoleKey)                  .Where	allPlan,key	열거를 수행하는 호출자 스레드	기존 LINQ 열거 시점	기존 열거 시 호출자에게 전달	중간	이름 있는 조건/선택 메서드 또는 for/foreach
Lambda	Drilling.Common	Drilling.Common/Review/CReviewManager.cs	788	lambda expression	allPlan.Points.Any	key	열거를 수행하는 호출자 스레드	기존 LINQ 열거 시점	기존 열거 시 호출자에게 전달	중간	이름 있는 조건/선택 메서드 또는 for/foreach
Lambda	Drilling.Common	Drilling.Common/Review/CReviewManager.cs	797	Drilling.Common.Review.CReviewManager.BuildRuleHoleKeys(Drilling.Common.Review.ST_REVIEW_RULE_DATA, Drilling.Common.Review.ST_REVIEW_PLAN)	rule.HoleKeys                  .Select(NormalizeHoleKey)                  .Where	allPlan,key	열거를 수행하는 호출자 스레드	기존 LINQ 열거 시점	기존 열거 시 호출자에게 전달	중간	이름 있는 조건/선택 메서드 또는 for/foreach
Lambda	Drilling.Common	Drilling.Common/Review/CReviewManager.cs	797	lambda expression	allPlan.Points.Any	key	열거를 수행하는 호출자 스레드	기존 LINQ 열거 시점	기존 열거 시 호출자에게 전달	중간	이름 있는 조건/선택 메서드 또는 for/foreach
SwitchExpression	Drilling.Common	Drilling.Common/Review/CReviewManager.cs	802	Drilling.Common.Review.CReviewManager.BuildRuleHoleKeys(Drilling.Common.Review.ST_REVIEW_RULE_DATA, Drilling.Common.Review.ST_REVIEW_PLAN)	ReturnStatement	-	호출자 스레드	기존 식 평가 시점	기존 호출자에게 직접 전달	중간	일반 switch 문과 명시적 return/대입
Lambda	Drilling.Common	Drilling.Common/Review/CReviewManager.cs	804	Drilling.Common.Review.CReviewManager.BuildRuleHoleKeys(Drilling.Common.Review.ST_REVIEW_RULE_DATA, Drilling.Common.Review.ST_REVIEW_PLAN)	allPlan.Points.Select	-	열거를 수행하는 호출자 스레드	기존 LINQ 열거 시점	기존 열거 시 호출자에게 전달	낮음	이름 있는 조건/선택 메서드 또는 for/foreach
Lambda	Drilling.Common	Drilling.Common/Review/CReviewManager.cs	808	Drilling.Common.Review.CReviewManager.BuildRuleHoleKeys(Drilling.Common.Review.ST_REVIEW_RULE_DATA, Drilling.Common.Review.ST_REVIEW_PLAN)	allPlan.Points                  .Where	rule,allPlan	열거를 수행하는 호출자 스레드	기존 LINQ 열거 시점	기존 열거 시 호출자에게 전달	중간	이름 있는 조건/선택 메서드 또는 for/foreach
Lambda	Drilling.Common	Drilling.Common/Review/CReviewManager.cs	809	Drilling.Common.Review.CReviewManager.BuildRuleHoleKeys(Drilling.Common.Review.ST_REVIEW_RULE_DATA, Drilling.Common.Review.ST_REVIEW_PLAN)	allPlan.Points                  .Where(point => point.HeadNo == Math.Clamp(rule.HeadNo, 1, Math.Max(1, allPlan.HeadCount)))                  .Select	-	열거를 수행하는 호출자 스레드	기존 LINQ 열거 시점	기존 열거 시 호출자에게 전달	낮음	이름 있는 조건/선택 메서드 또는 for/foreach
Lambda	Drilling.Common	Drilling.Common/Review/CReviewManager.cs	812	Drilling.Common.Review.CReviewManager.BuildRuleHoleKeys(Drilling.Common.Review.ST_REVIEW_RULE_DATA, Drilling.Common.Review.ST_REVIEW_PLAN)	allPlan.Points                  .Where	rule,allPlan	열거를 수행하는 호출자 스레드	기존 LINQ 열거 시점	기존 열거 시 호출자에게 전달	중간	이름 있는 조건/선택 메서드 또는 for/foreach
Lambda	Drilling.Common	Drilling.Common/Review/CReviewManager.cs	813	Drilling.Common.Review.CReviewManager.BuildRuleHoleKeys(Drilling.Common.Review.ST_REVIEW_RULE_DATA, Drilling.Common.Review.ST_REVIEW_PLAN)	allPlan.Points                  .Where(point => point.CellNo == Math.Clamp(rule.CellNo, 1, Math.Max(1, allPlan.CellCount)))                  .Select	-	열거를 수행하는 호출자 스레드	기존 LINQ 열거 시점	기존 열거 시 호출자에게 전달	낮음	이름 있는 조건/선택 메서드 또는 for/foreach
Lambda	Drilling.Common	Drilling.Common/Review/CReviewManager.cs	839	Drilling.Common.Review.CReviewManager.SelectZeroLineKeys(Drilling.Common.Review.ST_REVIEW_PLAN, int)	plan.Points.Min	-	호출자 스레드	기존 식 평가 시점	기존 호출자에게 직접 전달	낮음	이름 있는 메서드 또는 명시적 반복문
Lambda	Drilling.Common	Drilling.Common/Review/CReviewManager.cs	839	Drilling.Common.Review.CReviewManager.SelectZeroLineKeys(Drilling.Common.Review.ST_REVIEW_PLAN, int)	plan.Points.Max	-	호출자 스레드	기존 식 평가 시점	기존 호출자에게 직접 전달	낮음	이름 있는 메서드 또는 명시적 반복문
Lambda	Drilling.Common	Drilling.Common/Review/CReviewManager.cs	843	Drilling.Common.Review.CReviewManager.SelectZeroLineKeys(Drilling.Common.Review.ST_REVIEW_PLAN, int)	plan.Points              .OrderBy	targetY	열거를 수행하는 호출자 스레드	기존 LINQ 열거 시점	기존 열거 시 호출자에게 전달	중간	이름 있는 조건/선택 메서드 또는 for/foreach
Lambda	Drilling.Common	Drilling.Common/Review/CReviewManager.cs	844	Drilling.Common.Review.CReviewManager.SelectZeroLineKeys(Drilling.Common.Review.ST_REVIEW_PLAN, int)	plan.Points              .OrderBy(point => Math.Abs(point.DesignY - targetY))              .ThenBy	-	열거를 수행하는 호출자 스레드	기존 LINQ 열거 시점	기존 열거 시 호출자에게 전달	낮음	이름 있는 조건/선택 메서드 또는 for/foreach
Lambda	Drilling.Common	Drilling.Common/Review/CReviewManager.cs	846	Drilling.Common.Review.CReviewManager.SelectZeroLineKeys(Drilling.Common.Review.ST_REVIEW_PLAN, int)	plan.Points              .OrderBy(point => Math.Abs(point.DesignY - targetY))              .ThenBy(point => point.DesignX)              .Take(count)              .Select	-	열거를 수행하는 호출자 스레드	기존 LINQ 열거 시점	기존 열거 시 호출자에게 전달	낮음	이름 있는 조건/선택 메서드 또는 for/foreach
Lambda	Drilling.Common	Drilling.Common/Review/CReviewManager.cs	1037	Drilling.Common.Review.CReviewManager.FormatCommand(string, params (string Key, string Value)[])	arguments.Select	-	열거를 수행하는 호출자 스레드	기존 LINQ 열거 시점	기존 열거 시 호출자에게 전달	낮음	이름 있는 조건/선택 메서드 또는 for/foreach
Lambda	Drilling.Common	Drilling.Common/Review/CReviewManager.cs	1060	Drilling.Common.Review.CReviewManager.ResetPlanForRun(Drilling.Common.Review.ST_REVIEW_PLAN)	OrderByReviewSequence(plan.ReviewPoints)              .Select	-	열거를 수행하는 호출자 스레드	기존 LINQ 열거 시점	기존 열거 시 호출자에게 전달	낮음	이름 있는 조건/선택 메서드 또는 for/foreach
Lambda	Drilling.Common	Drilling.Common/Review/CReviewManager.cs	1065	Drilling.Common.Review.CReviewManager.ResetPlanForRun(Drilling.Common.Review.ST_REVIEW_PLAN)	plan.Points.Select	firstHoleKey	열거를 수행하는 호출자 스레드	기존 LINQ 열거 시점	기존 열거 시 호출자에게 전달	중간	이름 있는 조건/선택 메서드 또는 for/foreach
Lambda	Drilling.Common	Drilling.Common/Review/CReviewManager.cs	1087	Drilling.Common.Review.CReviewManager.SetWaitingPointsReady(Drilling.Common.Review.ST_REVIEW_PLAN)	plan.Points.Select	-	열거를 수행하는 호출자 스레드	기존 LINQ 열거 시점	기존 열거 시 호출자에게 전달	낮음	이름 있는 조건/선택 메서드 또는 for/foreach
Lambda	Drilling.Common	Drilling.Common/Review/CReviewManager.cs	1099	Drilling.Common.Review.CReviewManager.UpdatePoint(Drilling.Common.Review.ST_REVIEW_PLAN, Drilling.Common.Review.ST_REVIEW_PLAN_POINT)	plan.Points.Select	point	열거를 수행하는 호출자 스레드	기존 LINQ 열거 시점	기존 열거 시 호출자에게 전달	중간	이름 있는 조건/선택 메서드 또는 for/foreach
Lambda	Drilling.Common	Drilling.Common/Review/CReviewManager.cs	1109	Drilling.Common.Review.CReviewManager.CreateStatus(Drilling.Common.Review.ST_REVIEW_PLAN, Drilling.Common.Review.EN_REVIEW_SEQUENCE_STATE, string)	reviewPoints.Count	-	열거를 수행하는 호출자 스레드	기존 LINQ 열거 시점	기존 열거 시 호출자에게 전달	낮음	이름 있는 조건/선택 메서드 또는 for/foreach
Lambda	Drilling.Common	Drilling.Common/Review/CReviewManager.cs	1110	Drilling.Common.Review.CReviewManager.CreateStatus(Drilling.Common.Review.ST_REVIEW_PLAN, Drilling.Common.Review.EN_REVIEW_SEQUENCE_STATE, string)	reviewPoints.Count	-	열거를 수행하는 호출자 스레드	기존 LINQ 열거 시점	기존 열거 시 호출자에게 전달	낮음	이름 있는 조건/선택 메서드 또는 for/foreach
Lambda	Drilling.Common	Drilling.Common/Review/CReviewManager.cs	1208	Drilling.Common.Review.CReviewManager.OrderByReviewSequence(System.Collections.Generic.IEnumerable<Drilling.Common.Review.ST_REVIEW_PLAN_POINT>)	points              .OrderBy	-	열거를 수행하는 호출자 스레드	기존 LINQ 열거 시점	기존 열거 시 호출자에게 전달	낮음	이름 있는 조건/선택 메서드 또는 for/foreach
Lambda	Drilling.Common	Drilling.Common/Review/CReviewManager.cs	1209	Drilling.Common.Review.CReviewManager.OrderByReviewSequence(System.Collections.Generic.IEnumerable<Drilling.Common.Review.ST_REVIEW_PLAN_POINT>)	points              .OrderBy(point => point.DesignY)              .ThenBy	-	열거를 수행하는 호출자 스레드	기존 LINQ 열거 시점	기존 열거 시 호출자에게 전달	낮음	이름 있는 조건/선택 메서드 또는 for/foreach
Lambda	Drilling.Common	Drilling.Common/Review/CReviewManager.cs	1210	Drilling.Common.Review.CReviewManager.OrderByReviewSequence(System.Collections.Generic.IEnumerable<Drilling.Common.Review.ST_REVIEW_PLAN_POINT>)	points              .OrderBy(point => point.DesignY)              .ThenBy(point => point.DesignX)              .ThenBy	-	열거를 수행하는 호출자 스레드	기존 LINQ 열거 시점	기존 열거 시 호출자에게 전달	낮음	이름 있는 조건/선택 메서드 또는 for/foreach
Lambda	Drilling.Common	Drilling.Common/Review/CReviewManager.cs	1211	Drilling.Common.Review.CReviewManager.OrderByReviewSequence(System.Collections.Generic.IEnumerable<Drilling.Common.Review.ST_REVIEW_PLAN_POINT>)	points              .OrderBy(point => point.DesignY)              .ThenBy(point => point.DesignX)              .ThenBy(point => point.CellNo)              .ThenBy	-	열거를 수행하는 호출자 스레드	기존 LINQ 열거 시점	기존 열거 시 호출자에게 전달	낮음	이름 있는 조건/선택 메서드 또는 for/foreach
Lambda	Drilling.Common	Drilling.Common/Review/CReviewManager.cs	1233	Drilling.Common.Review.CReviewManager.OrderByReviewSequence(System.Collections.Generic.IEnumerable<Drilling.Common.Review.ST_REVIEW_PLAN_POINT>)	row                      .OrderBy	-	열거를 수행하는 호출자 스레드	기존 LINQ 열거 시점	기존 열거 시 호출자에게 전달	낮음	이름 있는 조건/선택 메서드 또는 for/foreach
Lambda	Drilling.Common	Drilling.Common/Review/CReviewManager.cs	1234	Drilling.Common.Review.CReviewManager.OrderByReviewSequence(System.Collections.Generic.IEnumerable<Drilling.Common.Review.ST_REVIEW_PLAN_POINT>)	row                      .OrderBy(point => point.DesignX)                      .ThenBy	-	열거를 수행하는 호출자 스레드	기존 LINQ 열거 시점	기존 열거 시 호출자에게 전달	낮음	이름 있는 조건/선택 메서드 또는 for/foreach
Lambda	Drilling.Common	Drilling.Common/Review/CReviewManager.cs	1235	Drilling.Common.Review.CReviewManager.OrderByReviewSequence(System.Collections.Generic.IEnumerable<Drilling.Common.Review.ST_REVIEW_PLAN_POINT>)	row                      .OrderBy(point => point.DesignX)                      .ThenBy(point => point.CellNo)                      .ThenBy	-	열거를 수행하는 호출자 스레드	기존 LINQ 열거 시점	기존 열거 시 호출자에게 전달	낮음	이름 있는 조건/선택 메서드 또는 for/foreach
Lambda	Drilling.Common	Drilling.Common/Review/CReviewManager.cs	1237	Drilling.Common.Review.CReviewManager.OrderByReviewSequence(System.Collections.Generic.IEnumerable<Drilling.Common.Review.ST_REVIEW_PLAN_POINT>)	row                      .OrderByDescending	-	열거를 수행하는 호출자 스레드	기존 LINQ 열거 시점	기존 열거 시 호출자에게 전달	낮음	이름 있는 조건/선택 메서드 또는 for/foreach
Lambda	Drilling.Common	Drilling.Common/Review/CReviewManager.cs	1238	Drilling.Common.Review.CReviewManager.OrderByReviewSequence(System.Collections.Generic.IEnumerable<Drilling.Common.Review.ST_REVIEW_PLAN_POINT>)	row                      .OrderByDescending(point => point.DesignX)                      .ThenBy	-	열거를 수행하는 호출자 스레드	기존 LINQ 열거 시점	기존 열거 시 호출자에게 전달	낮음	이름 있는 조건/선택 메서드 또는 for/foreach
Lambda	Drilling.Common	Drilling.Common/Review/CReviewManager.cs	1239	Drilling.Common.Review.CReviewManager.OrderByReviewSequence(System.Collections.Generic.IEnumerable<Drilling.Common.Review.ST_REVIEW_PLAN_POINT>)	row                      .OrderByDescending(point => point.DesignX)                      .ThenBy(point => point.CellNo)                      .ThenBy	-	열거를 수행하는 호출자 스레드	기존 LINQ 열거 시점	기존 열거 시 호출자에게 전달	낮음	이름 있는 조건/선택 메서드 또는 for/foreach
Lambda	Drilling.Common	Drilling.Common/Review/CReviewManager.cs	1260	Drilling.Common.Review.CReviewManager.AssignHeadNo(double, int, Drilling.Common.Review.CReviewManager.ST_REVIEW_HEAD_LAYOUT, double)	headLayout.Fields.First	headNo	열거를 수행하는 호출자 스레드	기존 LINQ 열거 시점	기존 열거 시 호출자에게 전달	중간	이름 있는 조건/선택 메서드 또는 for/foreach
Lambda	Drilling.Common	Drilling.Common/Review/CReviewManager.cs	1375	Drilling.Common.Review.CReviewManager.ReadText(Drilling.Common.Managers.ST_RECIPE_DATA, params string[])	recipe.Parameters.FirstOrDefault	key	열거를 수행하는 호출자 스레드	기존 LINQ 열거 시점	기존 열거 시 호출자에게 전달	중간	이름 있는 조건/선택 메서드 또는 for/foreach
Lambda	Drilling.Common	Drilling.Common/Review/CReviewSampleRuleSelector.cs	9	Drilling.Common.Review.CReviewSampleRuleSelector.SelectEdgeHoleKeys(Drilling.Common.Review.ST_REVIEW_PLAN)	plan.Points              .Where(IsCellEdgeHole)              .Select	-	열거를 수행하는 호출자 스레드	기존 LINQ 열거 시점	기존 열거 시 호출자에게 전달	낮음	이름 있는 조건/선택 메서드 또는 for/foreach
Lambda	Drilling.Common	Drilling.Common/Review/CReviewSampleRuleSelector.cs	18	Drilling.Common.Review.CReviewSampleRuleSelector.SelectCenterHoleKeys(Drilling.Common.Review.ST_REVIEW_PLAN)	plan.Points              .Where(IsCellCenterHole)              .Select	-	열거를 수행하는 호출자 스레드	기존 LINQ 열거 시점	기존 열거 시 호출자에게 전달	낮음	이름 있는 조건/선택 메서드 또는 for/foreach
ExpressionBody	Drilling.Common	Drilling.Common/Station/CStationProcess.cs	140	Drilling.Common.Station.CStationProcess.Current.get	PropertyDeclaration	-	호출자 스레드	기존 식 평가 시점	기존 호출자에게 직접 전달	낮음	블록 본문과 명시적 return/get/set
ExpressionBody	Drilling.Common	Drilling.Common/Station/CStationProcess.cs	142	Drilling.Common.Station.CStationProcess.Status.get	PropertyDeclaration	-	호출자 스레드	기존 식 평가 시점	기존 호출자에게 직접 전달	낮음	블록 본문과 명시적 return/get/set
Lambda	Drilling.Common	Drilling.Common/Station/CStationProcess.cs	234	Drilling.Common.Station.CStationProcess.Start(System.Threading.CancellationToken)	ExecuteAutoStep	this	호출자 스레드	기존 식 평가 시점	기존 호출자에게 직접 전달	중간	이름 있는 메서드 또는 명시적 반복문
Lambda	Drilling.Common	Drilling.Common/Station/CStationProcess.cs	376	Drilling.Common.Station.CStationProcess.LoadRecipeProduct(Drilling.Common.Station.ST_PROCESS_PLAN)	Enumerable.Range(1, 8)              .Select	processPlan	열거를 수행하는 호출자 스레드	기존 LINQ 열거 시점	기존 열거 시 호출자에게 전달	중간	이름 있는 조건/선택 메서드 또는 for/foreach
Lambda	Drilling.Common	Drilling.Common/Station/CStationProcess.cs	434	Drilling.Common.Station.CStationProcess.EnsureOpticCommunicationReady(System.Threading.CancellationToken)	_interfaceManager.GetInterfaceCommunicationList()              .Where	-	열거를 수행하는 호출자 스레드	기존 LINQ 열거 시점	기존 열거 시 호출자에게 전달	낮음	이름 있는 조건/선택 메서드 또는 for/foreach
Lambda	Drilling.Common	Drilling.Common/Station/CStationProcess.cs	435	Drilling.Common.Station.CStationProcess.EnsureOpticCommunicationReady(System.Threading.CancellationToken)	_interfaceManager.GetInterfaceCommunicationList()              .Where(status => OpticReadyModules.Contains(status.Module))              .OrderBy	-	열거를 수행하는 호출자 스레드	기존 LINQ 열거 시점	기존 열거 시 호출자에게 전달	낮음	이름 있는 조건/선택 메서드 또는 for/foreach
Lambda	Drilling.Common	Drilling.Common/Station/CStationProcess.cs	436	Drilling.Common.Station.CStationProcess.EnsureOpticCommunicationReady(System.Threading.CancellationToken)	_interfaceManager.GetInterfaceCommunicationList()              .Where(status => OpticReadyModules.Contains(status.Module))              .OrderBy(status => status.Module)              .ThenBy	-	열거를 수행하는 호출자 스레드	기존 LINQ 열거 시점	기존 열거 시 호출자에게 전달	낮음	이름 있는 조건/선택 메서드 또는 for/foreach
Lambda	Drilling.Common	Drilling.Common/Station/CStationProcess.cs	454	Drilling.Common.Station.CStationProcess.EnsureOpticCommunicationReady(System.Threading.CancellationToken)	statuses              .Where	-	열거를 수행하는 호출자 스레드	기존 LINQ 열거 시점	기존 열거 시 호출자에게 전달	낮음	이름 있는 조건/선택 메서드 또는 for/foreach
Lambda	Drilling.Common	Drilling.Common/Station/CStationProcess.cs	484	Drilling.Common.Station.CStationProcess.PrepareLaserProcessReady(System.Threading.CancellationToken)	ExecuteOpticCommand	this,device	호출자 스레드	기존 식 평가 시점	기존 호출자에게 직접 전달	중간	이름 있는 메서드 또는 명시적 반복문
Lambda	Drilling.Common	Drilling.Common/Station/CStationProcess.cs	495	Drilling.Common.Station.CStationProcess.PrepareLaserProcessReady(System.Threading.CancellationToken)	ExecuteOpticCommand	this,device	호출자 스레드	기존 식 평가 시점	기존 호출자에게 직접 전달	중간	이름 있는 메서드 또는 명시적 반복문
Lambda	Drilling.Common	Drilling.Common/Station/CStationProcess.cs	506	Drilling.Common.Station.CStationProcess.PrepareLaserProcessReady(System.Threading.CancellationToken)	ExecuteOpticCommand	this,device	호출자 스레드	기존 식 평가 시점	기존 호출자에게 직접 전달	중간	이름 있는 메서드 또는 명시적 반복문
Lambda	Drilling.Common	Drilling.Common/Station/CStationProcess.cs	516	Drilling.Common.Station.CStationProcess.PrepareLaserProcessReady(System.Threading.CancellationToken)	WaitForOpticReady	this,device	호출자 스레드	기존 식 평가 시점	기존 호출자에게 직접 전달	중간	이름 있는 메서드 또는 명시적 반복문
Lambda	Drilling.Common	Drilling.Common/Station/CStationProcess.cs	517	Drilling.Common.Station.CStationProcess.PrepareLaserProcessReady(System.Threading.CancellationToken)	WaitForOpticReady	-	호출자 스레드	기존 식 평가 시점	기존 호출자에게 직접 전달	낮음	이름 있는 메서드 또는 명시적 반복문
Lambda	Drilling.Common	Drilling.Common/Station/CStationProcess.cs	535	Drilling.Common.Station.CStationProcess.ReturnLaserSafe(System.Threading.CancellationToken)	ExecuteOpticCommand	this,device	호출자 스레드	기존 식 평가 시점	기존 호출자에게 직접 전달	중간	이름 있는 메서드 또는 명시적 반복문
Lambda	Drilling.Common	Drilling.Common/Station/CStationProcess.cs	546	Drilling.Common.Station.CStationProcess.ReturnLaserSafe(System.Threading.CancellationToken)	ExecuteOpticCommand	this,device	호출자 스레드	기존 식 평가 시점	기존 호출자에게 직접 전달	중간	이름 있는 메서드 또는 명시적 반복문
Lambda	Drilling.Common	Drilling.Common/Station/CStationProcess.cs	557	Drilling.Common.Station.CStationProcess.ReturnLaserSafe(System.Threading.CancellationToken)	ExecuteOpticCommand	this,device	호출자 스레드	기존 식 평가 시점	기존 호출자에게 직접 전달	중간	이름 있는 메서드 또는 명시적 반복문
Lambda	Drilling.Common	Drilling.Common/Station/CStationProcess.cs	567	Drilling.Common.Station.CStationProcess.ReturnLaserSafe(System.Threading.CancellationToken)	WaitForOpticReady	this,device	호출자 스레드	기존 식 평가 시점	기존 호출자에게 직접 전달	중간	이름 있는 메서드 또는 명시적 반복문
Lambda	Drilling.Common	Drilling.Common/Station/CStationProcess.cs	568	Drilling.Common.Station.CStationProcess.ReturnLaserSafe(System.Threading.CancellationToken)	WaitForOpticReady	-	호출자 스레드	기존 식 평가 시점	기존 호출자에게 직접 전달	낮음	이름 있는 메서드 또는 명시적 반복문
Lambda	Drilling.Common	Drilling.Common/Station/CStationProcess.cs	595	Drilling.Common.Station.CStationProcess.PrepareChillerRun(System.Threading.CancellationToken)	ExecuteOpticCommand	this,device	호출자 스레드	기존 식 평가 시점	기존 호출자에게 직접 전달	중간	이름 있는 메서드 또는 명시적 반복문
Lambda	Drilling.Common	Drilling.Common/Station/CStationProcess.cs	604	Drilling.Common.Station.CStationProcess.PrepareChillerRun(System.Threading.CancellationToken)	WaitForOpticReady	this,device	호출자 스레드	기존 식 평가 시점	기존 호출자에게 직접 전달	중간	이름 있는 메서드 또는 명시적 반복문
Lambda	Drilling.Common	Drilling.Common/Station/CStationProcess.cs	605	Drilling.Common.Station.CStationProcess.PrepareChillerRun(System.Threading.CancellationToken)	WaitForOpticReady	-	호출자 스레드	기존 식 평가 시점	기존 호출자에게 직접 전달	낮음	이름 있는 메서드 또는 명시적 반복문
Lambda	Drilling.Common	Drilling.Common/Station/CStationProcess.cs	633	Drilling.Common.Station.CStationProcess.PrepareBET(Drilling.Common.Station.ST_PROCESS_PLAN, System.Threading.CancellationToken)	ExecuteOpticCommand	this,device	호출자 스레드	기존 식 평가 시점	기존 호출자에게 직접 전달	중간	이름 있는 메서드 또는 명시적 반복문
Lambda	Drilling.Common	Drilling.Common/Station/CStationProcess.cs	651	Drilling.Common.Station.CStationProcess.PrepareBET(Drilling.Common.Station.ST_PROCESS_PLAN, System.Threading.CancellationToken)	ExecuteOpticCommand	this,target,device	호출자 스레드	기존 식 평가 시점	기존 호출자에게 직접 전달	중간	이름 있는 메서드 또는 명시적 반복문
Lambda	Drilling.Common	Drilling.Common/Station/CStationProcess.cs	664	Drilling.Common.Station.CStationProcess.PrepareBET(Drilling.Common.Station.ST_PROCESS_PLAN, System.Threading.CancellationToken)	ExecuteOpticCommand	this,target,device	호출자 스레드	기존 식 평가 시점	기존 호출자에게 직접 전달	중간	이름 있는 메서드 또는 명시적 반복문
Lambda	Drilling.Common	Drilling.Common/Station/CStationProcess.cs	676	Drilling.Common.Station.CStationProcess.PrepareBET(Drilling.Common.Station.ST_PROCESS_PLAN, System.Threading.CancellationToken)	WaitForOpticReady	this,device	호출자 스레드	기존 식 평가 시점	기존 호출자에게 직접 전달	중간	이름 있는 메서드 또는 명시적 반복문
Lambda	Drilling.Common	Drilling.Common/Station/CStationProcess.cs	677	Drilling.Common.Station.CStationProcess.PrepareBET(Drilling.Common.Station.ST_PROCESS_PLAN, System.Threading.CancellationToken)	WaitForOpticReady	target	호출자 스레드	기존 식 평가 시점	기존 호출자에게 직접 전달	중간	이름 있는 메서드 또는 명시적 반복문
Lambda	Drilling.Common	Drilling.Common/Station/CStationProcess.cs	710	Drilling.Common.Station.CStationProcess.PrepareAttenuator(Drilling.Common.Station.ST_PROCESS_PLAN, System.Threading.CancellationToken)	ExecuteOpticCommand	this,device,target	호출자 스레드	기존 식 평가 시점	기존 호출자에게 직접 전달	중간	이름 있는 메서드 또는 명시적 반복문
Lambda	Drilling.Common	Drilling.Common/Station/CStationProcess.cs	720	Drilling.Common.Station.CStationProcess.PrepareAttenuator(Drilling.Common.Station.ST_PROCESS_PLAN, System.Threading.CancellationToken)	WaitForOpticReady	this,device	호출자 스레드	기존 식 평가 시점	기존 호출자에게 직접 전달	중간	이름 있는 메서드 또는 명시적 반복문
Lambda	Drilling.Common	Drilling.Common/Station/CStationProcess.cs	721	Drilling.Common.Station.CStationProcess.PrepareAttenuator(Drilling.Common.Station.ST_PROCESS_PLAN, System.Threading.CancellationToken)	WaitForOpticReady	target	호출자 스레드	기존 식 평가 시점	기존 호출자에게 직접 전달	중간	이름 있는 메서드 또는 명시적 반복문
Lambda	Drilling.Common	Drilling.Common/Station/CStationProcess.cs	732	Drilling.Common.Station.CStationProcess.GetOpticDevices(Drilling.Common.Interface.EN_EQP_MODULE)	_interfaceManager.GetInterfaceList(module)              .OrderBy	-	열거를 수행하는 호출자 스레드	기존 LINQ 열거 시점	기존 열거 시 호출자에게 전달	낮음	이름 있는 조건/선택 메서드 또는 for/foreach
Lambda	Drilling.Common	Drilling.Common/Station/CStationProcess.cs	733	Drilling.Common.Station.CStationProcess.GetOpticDevices(Drilling.Common.Interface.EN_EQP_MODULE)	_interfaceManager.GetInterfaceList(module)              .OrderBy(data => data.Number)              .ThenBy	-	열거를 수행하는 호출자 스레드	기존 LINQ 열거 시점	기존 열거 시 호출자에게 전달	낮음	이름 있는 조건/선택 메서드 또는 for/foreach
Lambda	Drilling.Common	Drilling.Common/Station/CStationProcess.cs	818	Drilling.Common.Station.CStationProcess.ReadBETTarget(Drilling.Common.Station.ST_PROCESS_PLAN, System.Threading.CancellationToken)	table.FirstOrDefault	tableIndex	열거를 수행하는 호출자 스레드	기존 LINQ 열거 시점	기존 열거 시 호출자에게 전달	중간	이름 있는 조건/선택 메서드 또는 for/foreach
Lambda	Drilling.Common	Drilling.Common/Station/CStationProcess.cs	944	Drilling.Common.Station.CStationProcess.ResolveFirstShotStageY(Drilling.Common.Station.ST_PROCESS_PLAN, double)	processModel.Heads              .SelectMany	-	열거를 수행하는 호출자 스레드	기존 LINQ 열거 시점	기존 열거 시 호출자에게 전달	낮음	이름 있는 조건/선택 메서드 또는 for/foreach
Lambda	Drilling.Common	Drilling.Common/Station/CStationProcess.cs	955	Drilling.Common.Station.CStationProcess.ResolveFirstShotStageY(Drilling.Common.Station.ST_PROCESS_PLAN, double)	processPoints.Max	-	호출자 스레드	기존 식 평가 시점	기존 호출자에게 직접 전달	낮음	이름 있는 메서드 또는 명시적 반복문
Lambda	Drilling.Common	Drilling.Common/Station/CStationProcess.cs	956	Drilling.Common.Station.CStationProcess.ResolveFirstShotStageY(Drilling.Common.Station.ST_PROCESS_PLAN, double)	processPoints.Min	-	호출자 스레드	기존 식 평가 시점	기존 호출자에게 직접 전달	낮음	이름 있는 메서드 또는 명시적 반복문
Lambda	Drilling.Common	Drilling.Common/Station/CStationProcess.cs	1029	Drilling.Common.Station.CStationProcess.UploadAutomationScript(Drilling.Common.Station.ST_PROCESS_PLAN, System.Threading.CancellationToken)	_lastScript.HeadScripts.Where	-	열거를 수행하는 호출자 스레드	기존 LINQ 열거 시점	기존 열거 시 호출자에게 전달	낮음	이름 있는 조건/선택 메서드 또는 for/foreach
Lambda	Drilling.Common	Drilling.Common/Station/CStationProcess.cs	1068	Drilling.Common.Station.CStationProcess.RunScannerProcess(Drilling.Common.Station.ST_PROCESS_PLAN, System.Threading.CancellationToken)	_lastScript.HeadScripts              .Where	-	열거를 수행하는 호출자 스레드	기존 LINQ 열거 시점	기존 열거 시 호출자에게 전달	낮음	이름 있는 조건/선택 메서드 또는 for/foreach
Lambda	Drilling.Common	Drilling.Common/Station/CStationProcess.cs	1113	Drilling.Common.Station.CStationProcess.RunBufferedHeadScripts(Drilling.Common.Station.ST_PROCESS_PLAN, System.Collections.Generic.IReadOnlyList<Drilling.Common.Station.ST_AUTOMATION1_HEAD_SCRIPT>, System.Threading.CancellationToken)	headScripts              .GroupBy	-	열거를 수행하는 호출자 스레드	기존 LINQ 열거 시점	기존 열거 시 호출자에게 전달	낮음	이름 있는 조건/선택 메서드 또는 for/foreach
Lambda	Drilling.Common	Drilling.Common/Station/CStationProcess.cs	1121	Drilling.Common.Station.CStationProcess.RunBufferedHeadScripts(Drilling.Common.Station.ST_PROCESS_PLAN, System.Collections.Generic.IReadOnlyList<Drilling.Common.Station.ST_AUTOMATION1_HEAD_SCRIPT>, System.Threading.CancellationToken)	group.Select	-	열거를 수행하는 호출자 스레드	기존 LINQ 열거 시점	기존 열거 시 호출자에게 전달	낮음	이름 있는 조건/선택 메서드 또는 for/foreach
Lambda	Drilling.Common	Drilling.Common/Station/CStationProcess.cs	1126	Drilling.Common.Station.CStationProcess.RunBufferedHeadScripts(Drilling.Common.Station.ST_PROCESS_PLAN, System.Collections.Generic.IReadOnlyList<Drilling.Common.Station.ST_AUTOMATION1_HEAD_SCRIPT>, System.Threading.CancellationToken)	groups              .Select	this,queueSize,linesPerCommand,timeoutMs,bufferedRunCancellation	열거를 수행하는 호출자 스레드	기존 LINQ 열거 시점	기존 열거 시 호출자에게 전달	중간	이름 있는 조건/선택 메서드 또는 for/foreach
Lambda	Drilling.Common	Drilling.Common/Station/CStationProcess.cs	1190	Drilling.Common.Station.CStationProcess.RunBufferedHeadScriptGroup(int, System.Collections.Generic.IReadOnlyList<Drilling.Common.Station.ST_AUTOMATION1_HEAD_SCRIPT>, int, int, int, System.Threading.CancellationToken)	headScripts                  .Select	-	열거를 수행하는 호출자 스레드	기존 LINQ 열거 시점	기존 열거 시 호출자에게 전달	낮음	이름 있는 조건/선택 메서드 또는 for/foreach
Lambda	Drilling.Common	Drilling.Common/Station/CStationProcess.cs	1203	Drilling.Common.Station.CStationProcess.RunBufferedHeadScriptGroup(int, System.Collections.Generic.IReadOnlyList<Drilling.Common.Station.ST_AUTOMATION1_HEAD_SCRIPT>, int, int, int, System.Threading.CancellationToken)	headScripts.Select	-	열거를 수행하는 호출자 스레드	기존 LINQ 열거 시점	기존 열거 시 호출자에게 전달	낮음	이름 있는 조건/선택 메서드 또는 for/foreach
Lambda	Drilling.Common	Drilling.Common/Station/CStationProcess.cs	1212	Drilling.Common.Station.CStationProcess.StopBufferedRunTasks(System.Collections.Generic.IReadOnlyList<Drilling.Common.Station.ST_AUTOMATION1_HEAD_SCRIPT>, System.Exception)	headScripts              .Where	-	열거를 수행하는 호출자 스레드	기존 LINQ 열거 시점	기존 열거 시 호출자에게 전달	낮음	이름 있는 조건/선택 메서드 또는 for/foreach
Lambda	Drilling.Common	Drilling.Common/Station/CStationProcess.cs	1213	Drilling.Common.Station.CStationProcess.StopBufferedRunTasks(System.Collections.Generic.IReadOnlyList<Drilling.Common.Station.ST_AUTOMATION1_HEAD_SCRIPT>, System.Exception)	headScripts              .Where(script => script.TotalPoints > 0)              .GroupBy	-	열거를 수행하는 호출자 스레드	기존 LINQ 열거 시점	기존 열거 시 호출자에게 전달	낮음	이름 있는 조건/선택 메서드 또는 for/foreach
Lambda	Drilling.Common	Drilling.Common/Station/CStationProcess.cs	1214	Drilling.Common.Station.CStationProcess.StopBufferedRunTasks(System.Collections.Generic.IReadOnlyList<Drilling.Common.Station.ST_AUTOMATION1_HEAD_SCRIPT>, System.Exception)	headScripts              .Where(script => script.TotalPoints > 0)              .GroupBy(script => new { script.AutomationNo, script.TaskNo })              .Select	-	열거를 수행하는 호출자 스레드	기존 LINQ 열거 시점	기존 열거 시 호출자에게 전달	낮음	이름 있는 조건/선택 메서드 또는 for/foreach
Lambda	Drilling.Common	Drilling.Common/Station/CStationProcess.cs	1218	lambda expression	group.Select	-	열거를 수행하는 호출자 스레드	기존 LINQ 열거 시점	기존 열거 시 호출자에게 전달	낮음	이름 있는 조건/선택 메서드 또는 for/foreach
Lambda	Drilling.Common	Drilling.Common/Station/CStationProcess.cs	1228	Drilling.Common.Station.CStationProcess.StopBufferedRunTasks(System.Collections.Generic.IReadOnlyList<Drilling.Common.Station.ST_AUTOMATION1_HEAD_SCRIPT>, System.Exception)	targets              .Select	this	열거를 수행하는 호출자 스레드	기존 LINQ 열거 시점	기존 열거 시 호출자에게 전달	중간	이름 있는 조건/선택 메서드 또는 for/foreach
Lambda	Drilling.Common	Drilling.Common/Station/CStationProcess.cs	1500	Drilling.Common.Station.CStationProcess.CreateProduct(Drilling.Common.Station.ST_PROCESS_MODEL, System.Collections.Generic.IReadOnlyList<Drilling.Common.Station.ST_HEAD_PATH_DATA>, System.Threading.CancellationToken)	preview.ToDictionary	-	열거를 수행하는 호출자 스레드	기존 LINQ 열거 시점	기존 열거 시 호출자에게 전달	낮음	이름 있는 조건/선택 메서드 또는 for/foreach
Lambda	Drilling.Common	Drilling.Common/Station/CStationProcess.cs	1501	Drilling.Common.Station.CStationProcess.CreateProduct(Drilling.Common.Station.ST_PROCESS_MODEL, System.Collections.Generic.IReadOnlyList<Drilling.Common.Station.ST_HEAD_PATH_DATA>, System.Threading.CancellationToken)	preview.ToDictionary	-	열거를 수행하는 호출자 스레드	기존 LINQ 열거 시점	기존 열거 시 호출자에게 전달	낮음	이름 있는 조건/선택 메서드 또는 for/foreach
Lambda	Drilling.Common	Drilling.Common/Station/CStationProcess.cs	1528	Drilling.Common.Station.CStationProcess.StartProduct(System.Collections.Generic.IReadOnlyList<Drilling.Common.Station.ST_HEAD_PATH_DATA>, System.Threading.CancellationToken)	preview.Where	-	열거를 수행하는 호출자 스레드	기존 LINQ 열거 시점	기존 열거 시 호출자에게 전달	낮음	이름 있는 조건/선택 메서드 또는 for/foreach
Lambda	Drilling.Common	Drilling.Common/Station/CStationProcess.cs	1643	Drilling.Common.Station.CStationProcess.BuildPreview(Drilling.Common.Station.ST_PROCESS_MODEL, Drilling.Common.Station.EN_HEAD_PROCESS_STATUS)	processModel.Heads              .Select	status	열거를 수행하는 호출자 스레드	기존 LINQ 열거 시점	기존 열거 시 호출자에게 전달	중간	이름 있는 조건/선택 메서드 또는 for/foreach
Lambda	Drilling.Common	Drilling.Common/Station/CStationProcess.cs	1689	Drilling.Common.Station.CStationProcess.BuildProcessModel(Drilling.Common.Station.ST_PROCESS_PLAN)	holePlan.Points              .GroupBy	-	열거를 수행하는 호출자 스레드	기존 LINQ 열거 시점	기존 열거 시 호출자에게 전달	낮음	이름 있는 조건/선택 메서드 또는 for/foreach
Lambda	Drilling.Common	Drilling.Common/Station/CStationProcess.cs	1691	Drilling.Common.Station.CStationProcess.BuildProcessModel(Drilling.Common.Station.ST_PROCESS_PLAN)	holePlan.Points              .GroupBy(point => point.HeadNo)              .ToDictionary	-	열거를 수행하는 호출자 스레드	기존 LINQ 열거 시점	기존 열거 시 호출자에게 전달	낮음	이름 있는 조건/선택 메서드 또는 for/foreach
Lambda	Drilling.Common	Drilling.Common/Station/CStationProcess.cs	1692	Drilling.Common.Station.CStationProcess.BuildProcessModel(Drilling.Common.Station.ST_PROCESS_PLAN)	holePlan.Points              .GroupBy(point => point.HeadNo)              .ToDictionary	-	열거를 수행하는 호출자 스레드	기존 LINQ 열거 시점	기존 열거 시 호출자에게 전달	낮음	이름 있는 조건/선택 메서드 또는 for/foreach
Lambda	Drilling.Common	Drilling.Common/Station/CStationProcess.cs	1696	Drilling.Common.Station.CStationProcess.BuildProcessModel(Drilling.Common.Station.ST_PROCESS_PLAN)	Enumerable.Range(1, holePlan.HeadCount)              .Select	parameters,defaultMarkSpeed,defaultJumpSpeed,pointsByHead,headNo,scannerMarkSpeed,scannerJumpSpeed	열거를 수행하는 호출자 스레드	기존 LINQ 열거 시점	기존 열거 시 호출자에게 전달	중간	이름 있는 조건/선택 메서드 또는 for/foreach
Lambda	Drilling.Common	Drilling.Common/Station/CStationProcess.cs	1702	lambda expression	headPoints                      .Select	-	열거를 수행하는 호출자 스레드	기존 LINQ 열거 시점	기존 열거 시 호출자에게 전달	낮음	이름 있는 조건/선택 메서드 또는 for/foreach
Lambda	Drilling.Common	Drilling.Common/Station/CStationProcess.cs	1745	Drilling.Common.Station.CStationProcess.SetHeadStatus(System.Collections.Generic.IReadOnlyList<Drilling.Common.Station.ST_HEAD_PATH_DATA>, Drilling.Common.Station.EN_PROCESS_STEP)	preview              .Select	processStep	열거를 수행하는 호출자 스레드	기존 LINQ 열거 시점	기존 열거 시 호출자에게 전달	중간	이름 있는 조건/선택 메서드 또는 for/foreach
SwitchExpression	Drilling.Common	Drilling.Common/Station/CStationProcess.cs	1747	lambda expression	EqualsValueClause	-	호출자 스레드	기존 식 평가 시점	기존 호출자에게 직접 전달	중간	일반 switch 문과 명시적 return/대입
Lambda	Drilling.Common	Drilling.Common/Station/CStationProcess.cs	1770	Drilling.Common.Station.CStationProcess.BuildProcessSequence(Drilling.Common.Station.EN_SCRIPT_STATUS, Drilling.Common.Station.EN_PROCESS_STEP)	ProcessFlowItems              .Select	this,scriptStatus,processStep	열거를 수행하는 호출자 스레드	기존 LINQ 열거 시점	기존 열거 시 호출자에게 전달	중간	이름 있는 조건/선택 메서드 또는 for/foreach
Lambda	Drilling.Common	Drilling.Common/Station/CStationProcess.cs	1785	Drilling.Common.Station.CStationProcess.BuildCurrentStepDetails(Drilling.Common.Station.ST_PROCESS_PLAN?, Drilling.Common.Station.EN_SCRIPT_STATUS, Drilling.Common.Station.EN_PROCESS_STEP)	AutoStepInfos                  .Select	-	열거를 수행하는 호출자 스레드	기존 LINQ 열거 시점	기존 열거 시 호출자에게 전달	낮음	이름 있는 조건/선택 메서드 또는 for/foreach
Lambda	Drilling.Common	Drilling.Common/Station/CStationProcess.cs	1790	Drilling.Common.Station.CStationProcess.BuildCurrentStepDetails(Drilling.Common.Station.ST_PROCESS_PLAN?, Drilling.Common.Station.EN_SCRIPT_STATUS, Drilling.Common.Station.EN_PROCESS_STEP)	AutoStepInfos              .Select	this,scriptStatus,processStep	열거를 수행하는 호출자 스레드	기존 LINQ 열거 시점	기존 열거 시 호출자에게 전달	중간	이름 있는 조건/선택 메서드 또는 for/foreach
Lambda	Drilling.Common	Drilling.Common/Station/CStationProcess.cs	1820	Drilling.Common.Station.CStationProcess.BuildScriptStatusItems(Drilling.Common.Station.ST_PROCESS_PLAN?, Drilling.Common.Station.EN_SCRIPT_STATUS, Drilling.Common.Station.ST_PROCESS_RESULT?)	_lastScript.HeadScripts.Select	-	열거를 수행하는 호출자 스레드	기존 LINQ 열거 시점	기존 열거 시 호출자에게 전달	낮음	이름 있는 조건/선택 메서드 또는 for/foreach
Lambda	Drilling.Common	Drilling.Common/Station/CStationProcess.cs	1825	Drilling.Common.Station.CStationProcess.BuildScriptStatusItems(Drilling.Common.Station.ST_PROCESS_PLAN?, Drilling.Common.Station.EN_SCRIPT_STATUS, Drilling.Common.Station.ST_PROCESS_RESULT?)	_lastScript.HeadScripts.Select	-	열거를 수행하는 호출자 스레드	기존 LINQ 열거 시점	기존 열거 시 호출자에게 전달	낮음	이름 있는 조건/선택 메서드 또는 for/foreach
Lambda	Drilling.Common	Drilling.Common/Station/CStationProcess.cs	1863	Drilling.Common.Station.CStationProcess.BuildStatistics(System.Collections.Generic.IReadOnlyList<Drilling.Common.Station.ST_HEAD_PATH_DATA>, double, System.TimeSpan)	preview.Sum	-	호출자 스레드	기존 식 평가 시점	기존 호출자에게 직접 전달	낮음	이름 있는 메서드 또는 명시적 반복문
SwitchExpression	Drilling.Common	Drilling.Common/Station/CStationProcess.cs	1926	Drilling.Common.Station.CStationProcess.ReadAutoStepState(string, Drilling.Common.Station.EN_SCRIPT_STATUS, Drilling.Common.Station.EN_PROCESS_STEP)	ReturnStatement	-	호출자 스레드	기존 식 평가 시점	기존 호출자에게 직접 전달	중간	일반 switch 문과 명시적 return/대입
Lambda	Drilling.Common	Drilling.Common/Station/CStationProcess.cs	1967	Drilling.Common.Station.CStationProcess.GetProcessFlowItem(string)	ProcessFlowItems.FirstOrDefault	stepKey	열거를 수행하는 호출자 스레드	기존 LINQ 열거 시점	기존 열거 시 호출자에게 전달	중간	이름 있는 조건/선택 메서드 또는 for/foreach
Lambda	Drilling.Common	Drilling.Common/Station/CStationProcess.cs	1973	Drilling.Common.Station.CStationProcess.GetAutoStepName(string)	AutoStepInfos.FirstOrDefault	stepKey	열거를 수행하는 호출자 스레드	기존 LINQ 열거 시점	기존 열거 시 호출자에게 전달	중간	이름 있는 조건/선택 메서드 또는 for/foreach
Lambda	Drilling.Common	Drilling.Common/Station/CStationProcess.cs	1979	Drilling.Common.Station.CStationProcess.CreateAutoStepStateMap()	AutoStepInfos.ToDictionary	-	열거를 수행하는 호출자 스레드	기존 LINQ 열거 시점	기존 열거 시 호출자에게 전달	낮음	이름 있는 조건/선택 메서드 또는 for/foreach
Lambda	Drilling.Common	Drilling.Common/Station/CStationProcess.cs	1980	Drilling.Common.Station.CStationProcess.CreateAutoStepStateMap()	AutoStepInfos.ToDictionary	-	열거를 수행하는 호출자 스레드	기존 LINQ 열거 시점	기존 열거 시 호출자에게 전달	낮음	이름 있는 조건/선택 메서드 또는 for/foreach
SwitchExpression	Drilling.Common	Drilling.Common/Station/CStationProcess.cs	1989	Drilling.Common.Station.CStationProcess.LifecycleState(Drilling.Common.Station.EN_SCRIPT_STATUS, Drilling.Common.Station.EN_PROCESS_STEP, int)	ReturnStatement	-	호출자 스레드	기존 식 평가 시점	기존 호출자에게 직접 전달	중간	일반 switch 문과 명시적 return/대입
SwitchExpression	Drilling.Common	Drilling.Common/Station/CStationProcess.cs	2064	Drilling.Common.Station.CStationProcess.FormatCommState(Drilling.Common.Interface.EN_COMM_STATE)	ReturnStatement	-	호출자 스레드	기존 식 평가 시점	기존 호출자에게 직접 전달	중간	일반 switch 문과 명시적 return/대입
Lambda	Drilling.Common	Drilling.Common/Station/CStationProcess.cs	2092	Drilling.Common.Station.CStationProcess.ReadDirectionAny(System.Collections.Generic.IReadOnlyDictionary<string, string>, double, params string[])	keys.Where	-	열거를 수행하는 호출자 스레드	기존 LINQ 열거 시점	기존 열거 시 호출자에게 전달	낮음	이름 있는 조건/선택 메서드 또는 for/foreach
Lambda	Drilling.Common	Drilling.Common/Station/CStationProcess.cs	2153	Drilling.Common.Station.CStationProcess.FormatCommand(string, System.Collections.Generic.IReadOnlyList<(string Key, string Value)>)	arguments.Select	-	열거를 수행하는 호출자 스레드	기존 LINQ 열거 시점	기존 열거 시 호출자에게 전달	낮음	이름 있는 조건/선택 메서드 또는 for/foreach
Lambda	Drilling.Common	Drilling.Common/Station/CStationProcess.cs	2185	Drilling.Common.Station.CStationProcess.ReadNullableDoubleAny(System.Collections.Generic.IReadOnlyDictionary<string, string>, params string[])	keys.Where	-	열거를 수행하는 호출자 스레드	기존 LINQ 열거 시점	기존 열거 시 호출자에게 전달	낮음	이름 있는 조건/선택 메서드 또는 for/foreach
Lambda	Drilling.Common	Drilling.Common/Station/CStationProcess.cs	2201	Drilling.Common.Station.CStationProcess.ReadNullableIntAny(System.Collections.Generic.IReadOnlyDictionary<string, string>, params string[])	keys.Where	-	열거를 수행하는 호출자 스레드	기존 LINQ 열거 시점	기존 열거 시 호출자에게 전달	낮음	이름 있는 조건/선택 메서드 또는 for/foreach
Lambda	Drilling.Common	Drilling.Common/Station/CStationProcess.cs	2249	Drilling.Common.Station.CStationProcess.ReadDoubleAny(System.Collections.Generic.IReadOnlyDictionary<string, string>, double, params string[])	keys.Where	-	열거를 수행하는 호출자 스레드	기존 LINQ 열거 시점	기존 열거 시 호출자에게 전달	낮음	이름 있는 조건/선택 메서드 또는 for/foreach
Lambda	Drilling.Common	Drilling.Common/Station/CStationProcess.cs	2266	Drilling.Common.Station.CStationProcess.ReadIntAny(System.Collections.Generic.IReadOnlyDictionary<string, string>, int, params string[])	keys.Where	-	열거를 수행하는 호출자 스레드	기존 LINQ 열거 시점	기존 열거 시 호출자에게 전달	낮음	이름 있는 조건/선택 메서드 또는 for/foreach
SwitchExpression	Drilling.Common	Drilling.Common/Station/CStationProcess.cs	2324	Drilling.Common.Station.CStationProcess.ReadBool(System.Collections.Generic.IReadOnlyDictionary<string, string>, string, bool)	ReturnStatement	-	호출자 스레드	기존 식 평가 시점	기존 호출자에게 직접 전달	중간	일반 switch 문과 명시적 return/대입
Lambda	Drilling.Common	Drilling.Common/Station/CStationProcess.cs	2337	Drilling.Common.Station.CStationProcess.ReadBoolAny(System.Collections.Generic.IReadOnlyDictionary<string, string>, bool, params string[])	keys.Where	-	열거를 수행하는 호출자 스레드	기존 LINQ 열거 시점	기존 열거 시 호출자에게 전달	낮음	이름 있는 조건/선택 메서드 또는 for/foreach
SwitchExpression	Drilling.Common	Drilling.Common/Station/CStationProcess.cs	2342	Drilling.Common.Station.CStationProcess.ReadBoolAny(System.Collections.Generic.IReadOnlyDictionary<string, string>, bool, params string[])	ReturnStatement	-	호출자 스레드	기존 식 평가 시점	기존 호출자에게 직접 전달	중간	일반 switch 문과 명시적 return/대입
SwitchExpression	Drilling.Common	Drilling.Common/Station/CStationProcess.cs	2377	Drilling.Common.Station.CStationProcess.ReadBoolValue(string, bool)	ReturnStatement	-	호출자 스레드	기존 식 평가 시점	기존 호출자에게 직접 전달	중간	일반 switch 문과 명시적 return/대입
Lambda	Drilling.Common	Drilling.Common/Station/CStationProcess.cs	2400	Drilling.Common.Station.CStationProcess.CreateHeadKeys(int, params string[])	names              .Select	paddedHeadNoText	열거를 수행하는 호출자 스레드	기존 LINQ 열거 시점	기존 열거 시 호출자에게 전달	중간	이름 있는 조건/선택 메서드 또는 for/foreach
Lambda	Drilling.Common	Drilling.Common/Station/CStationProcess.cs	2525	Drilling.Common.Station.CStationProcess.FormatInterLockBlockedMessage(Drilling.Common.InterLock.ST_INTERLOCK_SUMMARY)	interLock.Items.FirstOrDefault	-	열거를 수행하는 호출자 스레드	기존 LINQ 열거 시점	기존 열거 시 호출자에게 전달	낮음	이름 있는 조건/선택 메서드 또는 for/foreach
SwitchExpression	Drilling.Common	Drilling.Common/Station/CStationProcess.cs	2533	Drilling.Common.Station.CStationProcess.FormatScriptStatus(Drilling.Common.Station.EN_SCRIPT_STATUS)	ReturnStatement	-	호출자 스레드	기존 식 평가 시점	기존 호출자에게 직접 전달	중간	일반 switch 문과 명시적 return/대입
SwitchExpression	Drilling.Common	Drilling.Common/Station/CStationProcess.cs	2555	Drilling.Common.Station.CStationProcess.FormatExecuteState(Drilling.Common.Station.EN_SCRIPT_STATUS, Drilling.Common.Station.ST_PROCESS_RESULT?, bool)	ReturnStatement	-	호출자 스레드	기존 식 평가 시점	기존 호출자에게 직접 전달	중간	일반 switch 문과 명시적 return/대입
Lambda	Drilling.File	Drilling.File/JHMI/CBETFile.cs	51	Drilling.File.JHMI.CBETFile.ReadTable(string)	CCsvParser.Read(path)              .Where	-	열거를 수행하는 호출자 스레드	기존 LINQ 열거 시점	기존 열거 시 호출자에게 전달	낮음	이름 있는 조건/선택 메서드 또는 for/foreach
Lambda	Drilling.File	Drilling.File/JHMI/CBETFile.cs	52	Drilling.File.JHMI.CBETFile.ReadTable(string)	CCsvParser.Read(path)              .Where(row => !string.IsNullOrWhiteSpace(CCsvParser.Get(row, "INDEX")))              .Select	-	열거를 수행하는 호출자 스레드	기존 LINQ 열거 시점	기존 열거 시 호출자에게 전달	낮음	이름 있는 조건/선택 메서드 또는 for/foreach
Lambda	Drilling.File	Drilling.File/JHMI/CBETFile.cs	57	Drilling.File.JHMI.CBETFile.ReadTable(string)	CCsvParser.Read(path)              .Where(row => !string.IsNullOrWhiteSpace(CCsvParser.Get(row, "INDEX")))              .Select((row, order) => new ST_BET_TABLE_DATA(                  ReadInt(CCsvParser.Get(row, "INDEX"), order),                  ReadDouble(CCsvParser.Get(row, "MAG"), 0.0),                  ReadDouble(CCsvParser.Get(row, "DIV"), 0.0),                  CCsvParser.Get(row, "DESCRIPTION")))              .OrderBy	-	열거를 수행하는 호출자 스레드	기존 LINQ 열거 시점	기존 열거 시 호출자에게 전달	낮음	이름 있는 조건/선택 메서드 또는 for/foreach
Lambda	Drilling.File	Drilling.File/JHMI/CBETFile.cs	66	Drilling.File.JHMI.CBETFile.WriteTable(string, System.Collections.Generic.IReadOnlyList<Drilling.Common.Interface.ST_BET_TABLE_DATA>)	table              .OrderBy	-	열거를 수행하는 호출자 스레드	기존 LINQ 열거 시점	기존 열거 시 호출자에게 전달	낮음	이름 있는 조건/선택 메서드 또는 for/foreach
Lambda	Drilling.File	Drilling.File/JHMI/CBETFile.cs	67	Drilling.File.JHMI.CBETFile.WriteTable(string, System.Collections.Generic.IReadOnlyList<Drilling.Common.Interface.ST_BET_TABLE_DATA>)	table              .OrderBy(row => row.Index)              .Select	-	열거를 수행하는 호출자 스레드	기존 LINQ 열거 시점	기존 열거 시 호출자에게 전달	낮음	이름 있는 조건/선택 메서드 또는 for/foreach
Lambda	Drilling.File	Drilling.File/JHMI/CConfigStructureFile.cs	330	Drilling.File.JHMI.CConfigStructureFile.CheckRecipeValueFiles(System.Threading.CancellationToken)	CheckLineValueFiles	-	호출자 스레드	기존 식 평가 시점	기존 호출자에게 직접 전달	낮음	이름 있는 메서드 또는 명시적 반복문
Lambda	Drilling.File	Drilling.File/JHMI/CConfigStructureFile.cs	390	Drilling.File.JHMI.CConfigStructureFile.CheckCsvValueFiles(string, string, string, System.Collections.Generic.IReadOnlyList<System.Collections.Generic.IReadOnlyList<string>>, System.Action<string, System.Collections.Generic.IReadOnlyList<System.Collections.Generic.IReadOnlyDictionary<string, string>>>, System.Threading.CancellationToken)	Directory.EnumerateFiles(directory, pattern)              .OrderBy	-	열거를 수행하는 호출자 스레드	기존 LINQ 열거 시점	기존 열거 시 호출자에게 전달	낮음	이름 있는 조건/선택 메서드 또는 for/foreach
Lambda	Drilling.File	Drilling.File/JHMI/CConfigStructureFile.cs	458	Drilling.File.JHMI.CConfigStructureFile.CheckLineValueFiles(string, string, string, System.Func<System.Collections.Generic.IReadOnlyList<string>, bool>, string, System.Threading.CancellationToken)	Directory.EnumerateFiles(directory, pattern)              .OrderBy	-	열거를 수행하는 호출자 스레드	기존 LINQ 열거 시점	기존 열거 시 호출자에게 전달	낮음	이름 있는 조건/선택 메서드 또는 for/foreach
Lambda	Drilling.File	Drilling.File/JHMI/CConfigStructureFile.cs	537	Drilling.File.JHMI.CConfigStructureFile.ValidateTabNameKey(string, System.Collections.Generic.IReadOnlyList<System.Collections.Generic.IReadOnlyDictionary<string, string>>)	ValidateUniqueKey	-	호출자 스레드	기존 식 평가 시점	기존 호출자에게 직접 전달	낮음	이름 있는 메서드 또는 명시적 반복문
Lambda	Drilling.File	Drilling.File/JHMI/CConfigStructureFile.cs	548	Drilling.File.JHMI.CConfigStructureFile.ValidateDeviceNumberKey(string, System.Collections.Generic.IReadOnlyList<System.Collections.Generic.IReadOnlyDictionary<string, string>>)	ValidateUniqueKey	-	호출자 스레드	기존 식 평가 시점	기존 호출자에게 직접 전달	낮음	이름 있는 메서드 또는 명시적 반복문
Lambda	Drilling.File	Drilling.File/JHMI/CConfigStructureFile.cs	559	Drilling.File.JHMI.CConfigStructureFile.ValidateNameKey(string, System.Collections.Generic.IReadOnlyList<System.Collections.Generic.IReadOnlyDictionary<string, string>>)	ValidateUniqueKey	-	호출자 스레드	기존 식 평가 시점	기존 호출자에게 직접 전달	낮음	이름 있는 메서드 또는 명시적 반복문
Lambda	Drilling.File	Drilling.File/JHMI/CConfigStructureFile.cs	570	Drilling.File.JHMI.CConfigStructureFile.ValidateGroupKey(string, System.Collections.Generic.IReadOnlyList<System.Collections.Generic.IReadOnlyDictionary<string, string>>)	ValidateUniqueKey	-	호출자 스레드	기존 식 평가 시점	기존 호출자에게 직접 전달	낮음	이름 있는 메서드 또는 명시적 반복문
Lambda	Drilling.File	Drilling.File/JHMI/CConfigStructureFile.cs	581	Drilling.File.JHMI.CConfigStructureFile.ValidateIdKey(string, System.Collections.Generic.IReadOnlyList<System.Collections.Generic.IReadOnlyDictionary<string, string>>)	ValidateUniqueKey	-	호출자 스레드	기존 식 평가 시점	기존 호출자에게 직접 전달	낮음	이름 있는 메서드 또는 명시적 반복문
Lambda	Drilling.File	Drilling.File/JHMI/CConfigStructureFile.cs	592	Drilling.File.JHMI.CConfigStructureFile.ValidateIndexKey(string, System.Collections.Generic.IReadOnlyList<System.Collections.Generic.IReadOnlyDictionary<string, string>>)	ValidateUniqueKey	-	호출자 스레드	기존 식 평가 시점	기존 호출자에게 직접 전달	낮음	이름 있는 메서드 또는 명시적 반복문
Lambda	Drilling.File	Drilling.File/JHMI/CConfigStructureFile.cs	603	Drilling.File.JHMI.CConfigStructureFile.ValidateStepKey(string, System.Collections.Generic.IReadOnlyList<System.Collections.Generic.IReadOnlyDictionary<string, string>>)	ValidateUniqueKey	-	호출자 스레드	기존 식 평가 시점	기존 호출자에게 직접 전달	낮음	이름 있는 메서드 또는 명시적 반복문
Lambda	Drilling.File	Drilling.File/JHMI/CInterfaceFile.cs	73	Drilling.File.JHMI.CInterfaceFile.LoadAll(System.Threading.CancellationToken)	loadedRows              .OrderBy	-	열거를 수행하는 호출자 스레드	기존 LINQ 열거 시점	기존 열거 시 호출자에게 전달	낮음	이름 있는 조건/선택 메서드 또는 for/foreach
Lambda	Drilling.File	Drilling.File/JHMI/CInterfaceFile.cs	74	Drilling.File.JHMI.CInterfaceFile.LoadAll(System.Threading.CancellationToken)	loadedRows              .OrderBy(data => data.Device)              .ThenBy	-	열거를 수행하는 호출자 스레드	기존 LINQ 열거 시점	기존 열거 시 호출자에게 전달	낮음	이름 있는 조건/선택 메서드 또는 for/foreach
Lambda	Drilling.File	Drilling.File/JHMI/CInterfaceFile.cs	75	Drilling.File.JHMI.CInterfaceFile.LoadAll(System.Threading.CancellationToken)	loadedRows              .OrderBy(data => data.Device)              .ThenBy(data => data.Number)              .ThenBy	-	열거를 수행하는 호출자 스레드	기존 LINQ 열거 시점	기존 열거 시 호출자에게 전달	낮음	이름 있는 조건/선택 메서드 또는 for/foreach
Lambda	Drilling.File	Drilling.File/JHMI/CInterfaceFile.cs	92	Drilling.File.JHMI.CInterfaceFile.SaveAll(System.Collections.Generic.IReadOnlyList<Drilling.Common.Interface.ST_INTERFACE_DATA>, System.Threading.CancellationToken)	interfaces              .OrderBy	-	열거를 수행하는 호출자 스레드	기존 LINQ 열거 시점	기존 열거 시 호출자에게 전달	낮음	이름 있는 조건/선택 메서드 또는 for/foreach
Lambda	Drilling.File	Drilling.File/JHMI/CInterfaceFile.cs	93	Drilling.File.JHMI.CInterfaceFile.SaveAll(System.Collections.Generic.IReadOnlyList<Drilling.Common.Interface.ST_INTERFACE_DATA>, System.Threading.CancellationToken)	interfaces              .OrderBy(data => data.Device)              .ThenBy	-	열거를 수행하는 호출자 스레드	기존 LINQ 열거 시점	기존 열거 시 호출자에게 전달	낮음	이름 있는 조건/선택 메서드 또는 for/foreach
Lambda	Drilling.File	Drilling.File/JHMI/CInterfaceFile.cs	94	Drilling.File.JHMI.CInterfaceFile.SaveAll(System.Collections.Generic.IReadOnlyList<Drilling.Common.Interface.ST_INTERFACE_DATA>, System.Threading.CancellationToken)	interfaces              .OrderBy(data => data.Device)              .ThenBy(data => data.Number)              .ThenBy	-	열거를 수행하는 호출자 스레드	기존 LINQ 열거 시점	기존 열거 시 호출자에게 전달	낮음	이름 있는 조건/선택 메서드 또는 for/foreach
Lambda	Drilling.File	Drilling.File/JHMI/CInterfaceFile.cs	111	Drilling.File.JHMI.CInterfaceFile.LoadInterfaceRows()	CCsvParser.Read(GetInterfacePath())              .Select	this	열거를 수행하는 호출자 스레드	기존 LINQ 열거 시점	기존 열거 시 호출자에게 전달	중간	이름 있는 조건/선택 메서드 또는 for/foreach
Lambda	Drilling.File	Drilling.File/JHMI/CInterfaceFile.cs	145	Drilling.File.JHMI.CInterfaceFile.ReadArguments(System.Collections.Generic.IReadOnlyDictionary<string, string>)	Enumerable.Range(1, 5)              .Select	row	열거를 수행하는 호출자 스레드	기존 LINQ 열거 시점	기존 열거 시 호출자에게 전달	중간	이름 있는 조건/선택 메서드 또는 for/foreach
Lambda	Drilling.File	Drilling.File/JHMI/CInterfaceFile.cs	211	Drilling.File.JHMI.CInterfaceFile.ValidateConnectionArguments(Drilling.Common.Interface.ST_INTERFACE_DATA)	data.Arguments              .Concat(Enumerable.Repeat("", 5))              .Take(5)              .Select	-	열거를 수행하는 호출자 스레드	기존 LINQ 열거 시점	기존 열거 시 호출자에게 전달	낮음	이름 있는 조건/선택 메서드 또는 for/foreach
Lambda	Drilling.File	Drilling.File/JHMI/CInterfaceFile.cs	296	Drilling.File.JHMI.CInterfaceFile.WriteModifyLog(System.Collections.Generic.IReadOnlyDictionary<string, Drilling.Common.Interface.ST_INTERFACE_DATA>, System.Collections.Generic.IReadOnlyList<Drilling.Common.Interface.ST_INTERFACE_DATA>)	oldRows.Values.Where	newMap	열거를 수행하는 호출자 스레드	기존 LINQ 열거 시점	기존 열거 시 호출자에게 전달	중간	이름 있는 조건/선택 메서드 또는 for/foreach
Lambda	Drilling.File	Drilling.File/JHMI/CInterfaceFile.cs	323	Drilling.File.JHMI.CInterfaceFile.CreateEmptyFieldMap()	FieldNames.ToDictionary	-	열거를 수행하는 호출자 스레드	기존 LINQ 열거 시점	기존 열거 시 호출자에게 전달	낮음	이름 있는 조건/선택 메서드 또는 for/foreach
Lambda	Drilling.File	Drilling.File/JHMI/CInterfaceFile.cs	323	Drilling.File.JHMI.CInterfaceFile.CreateEmptyFieldMap()	FieldNames.ToDictionary	-	열거를 수행하는 호출자 스레드	기존 LINQ 열거 시점	기존 열거 시 호출자에게 전달	낮음	이름 있는 조건/선택 메서드 또는 for/foreach
SwitchExpression	Drilling.File	Drilling.File/JHMI/CInterfaceFile.cs	379	Drilling.File.JHMI.CInterfaceFile.ParseInterfaceType(string)	ReturnStatement	-	호출자 스레드	기존 식 평가 시점	기존 호출자에게 직접 전달	중간	일반 switch 문과 명시적 return/대입
SwitchExpression	Drilling.File	Drilling.File/JHMI/CInterfaceFile.cs	399	Drilling.File.JHMI.CInterfaceFile.InterfaceTypeText(Drilling.Common.Interface.EN_INTERFACE_TYPE)	ReturnStatement	-	호출자 스레드	기존 식 평가 시점	기존 호출자에게 직접 전달	중간	일반 switch 문과 명시적 return/대입
SwitchExpression	Drilling.File	Drilling.File/JHMI/CInterfaceFile.cs	419	Drilling.File.JHMI.CInterfaceFile.ParseDevice(string)	ReturnStatement	-	호출자 스레드	기존 식 평가 시점	기존 호출자에게 직접 전달	중간	일반 switch 문과 명시적 return/대입
SwitchExpression	Drilling.File	Drilling.File/JHMI/CInterfaceFile.cs	438	Drilling.File.JHMI.CInterfaceFile.DeviceText(Drilling.Common.Interface.EN_EQP_MODULE)	ReturnStatement	-	호출자 스레드	기존 식 평가 시점	기존 호출자에게 직접 전달	중간	일반 switch 문과 명시적 return/대입
Lambda	Drilling.File	Drilling.File/JHMI/CIoFile.cs	41	Drilling.File.JHMI.CIoFile.LoadAll(System.Threading.CancellationToken)	CCsvParser.Read(GetIoPath())              .Select	this	열거를 수행하는 호출자 스레드	기존 LINQ 열거 시점	기존 열거 시 호출자에게 전달	중간	이름 있는 조건/선택 메서드 또는 for/foreach
Lambda	Drilling.File	Drilling.File/JHMI/CIoFile.cs	42	Drilling.File.JHMI.CIoFile.LoadAll(System.Threading.CancellationToken)	CCsvParser.Read(GetIoPath())              .Select((row, index) => Parse(row, index + 2))              .Where	-	열거를 수행하는 호출자 스레드	기존 LINQ 열거 시점	기존 열거 시 호출자에게 전달	낮음	이름 있는 조건/선택 메서드 또는 for/foreach
Lambda	Drilling.File	Drilling.File/JHMI/CIoFile.cs	43	Drilling.File.JHMI.CIoFile.LoadAll(System.Threading.CancellationToken)	CCsvParser.Read(GetIoPath())              .Select((row, index) => Parse(row, index + 2))              .Where(io => !string.IsNullOrWhiteSpace(io.Id))              .OrderBy	-	열거를 수행하는 호출자 스레드	기존 LINQ 열거 시점	기존 열거 시 호출자에게 전달	낮음	이름 있는 조건/선택 메서드 또는 for/foreach
Lambda	Drilling.File	Drilling.File/JHMI/CIoFile.cs	44	Drilling.File.JHMI.CIoFile.LoadAll(System.Threading.CancellationToken)	CCsvParser.Read(GetIoPath())              .Select((row, index) => Parse(row, index + 2))              .Where(io => !string.IsNullOrWhiteSpace(io.Id))              .OrderBy(io => io.DisplayOrder)              .ThenBy	-	열거를 수행하는 호출자 스레드	기존 LINQ 열거 시점	기존 열거 시 호출자에게 전달	낮음	이름 있는 조건/선택 메서드 또는 for/foreach
Lambda	Drilling.File	Drilling.File/JHMI/CIoFile.cs	93	Drilling.File.JHMI.CIoFile.Validate(System.Collections.Generic.IReadOnlyList<Drilling.Common.Motion.ST_IO_DATA>)	rows.Where	-	열거를 수행하는 호출자 스레드	기존 LINQ 열거 시점	기존 열거 시 호출자에게 전달	낮음	이름 있는 조건/선택 메서드 또는 for/foreach
SwitchExpression	Drilling.File	Drilling.File/JHMI/CIoFile.cs	190	Drilling.File.JHMI.CIoFile.ReadDirection(string, int)	ReturnStatement	-	호출자 스레드	기존 식 평가 시점	기존 호출자에게 직접 전달	중간	일반 switch 문과 명시적 return/대입
Lambda	Drilling.File	Drilling.File/JHMI/CJhmiRecipeFile.cs	64	Drilling.File.JHMI.CJhmiRecipeFile.LoadAll(System.Threading.CancellationToken)	Directory.EnumerateFiles(_recipeDirectory, "*.csv")              .Select	this,formItems	열거를 수행하는 호출자 스레드	기존 LINQ 열거 시점	기존 열거 시 호출자에게 전달	중간	이름 있는 조건/선택 메서드 또는 for/foreach
Lambda	Drilling.File	Drilling.File/JHMI/CJhmiRecipeFile.cs	65	Drilling.File.JHMI.CJhmiRecipeFile.LoadAll(System.Threading.CancellationToken)	Directory.EnumerateFiles(_recipeDirectory, "*.csv")              .Select(path => LoadRecipe(path, formItems))              .Where	-	열거를 수행하는 호출자 스레드	기존 LINQ 열거 시점	기존 열거 시 호출자에게 전달	낮음	이름 있는 조건/선택 메서드 또는 for/foreach
Lambda	Drilling.File	Drilling.File/JHMI/CJhmiRecipeFile.cs	67	Drilling.File.JHMI.CJhmiRecipeFile.LoadAll(System.Threading.CancellationToken)	Directory.EnumerateFiles(_recipeDirectory, "*.csv")              .Select(path => LoadRecipe(path, formItems))              .Where(recipe => recipe is not null)              .Cast<ST_RECIPE_DATA>()              .OrderBy	-	열거를 수행하는 호출자 스레드	기존 LINQ 열거 시점	기존 열거 시 호출자에게 전달	낮음	이름 있는 조건/선택 메서드 또는 for/foreach
Lambda	Drilling.File	Drilling.File/JHMI/CJhmiRecipeFile.cs	97	Drilling.File.JHMI.CJhmiRecipeFile.Save(Drilling.Common.Managers.ST_RECIPE_DATA, System.Threading.CancellationToken)	ReadRecipeValues(recipePath)                  .GroupBy	-	열거를 수행하는 호출자 스레드	기존 LINQ 열거 시점	기존 열거 시 호출자에게 전달	낮음	이름 있는 조건/선택 메서드 또는 for/foreach
Lambda	Drilling.File	Drilling.File/JHMI/CJhmiRecipeFile.cs	99	Drilling.File.JHMI.CJhmiRecipeFile.Save(Drilling.Common.Managers.ST_RECIPE_DATA, System.Threading.CancellationToken)	ReadRecipeValues(recipePath)                  .GroupBy(item => CreateKey(item.Tab, item.Name), StringComparer.OrdinalIgnoreCase)                  .ToDictionary	-	열거를 수행하는 호출자 스레드	기존 LINQ 열거 시점	기존 열거 시 호출자에게 전달	낮음	이름 있는 조건/선택 메서드 또는 for/foreach
Lambda	Drilling.File	Drilling.File/JHMI/CJhmiRecipeFile.cs	100	Drilling.File.JHMI.CJhmiRecipeFile.Save(Drilling.Common.Managers.ST_RECIPE_DATA, System.Threading.CancellationToken)	ReadRecipeValues(recipePath)                  .GroupBy(item => CreateKey(item.Tab, item.Name), StringComparer.OrdinalIgnoreCase)                  .ToDictionary	-	열거를 수행하는 호출자 스레드	기존 LINQ 열거 시점	기존 열거 시 호출자에게 전달	낮음	이름 있는 조건/선택 메서드 또는 for/foreach
Lambda	Drilling.File	Drilling.File/JHMI/CJhmiRecipeFile.cs	104	Drilling.File.JHMI.CJhmiRecipeFile.Save(Drilling.Common.Managers.ST_RECIPE_DATA, System.Threading.CancellationToken)	recipe.Parameters              .Where	-	열거를 수행하는 호출자 스레드	기존 LINQ 열거 시점	기존 열거 시 호출자에게 전달	낮음	이름 있는 조건/선택 메서드 또는 for/foreach
Lambda	Drilling.File	Drilling.File/JHMI/CJhmiRecipeFile.cs	105	Drilling.File.JHMI.CJhmiRecipeFile.Save(Drilling.Common.Managers.ST_RECIPE_DATA, System.Threading.CancellationToken)	recipe.Parameters              .Where(parameter => !IsCellScopedKey(parameter.Key))              .Select	formItems	열거를 수행하는 호출자 스레드	기존 LINQ 열거 시점	기존 열거 시 호출자에게 전달	중간	이름 있는 조건/선택 메서드 또는 for/foreach
Lambda	Drilling.File	Drilling.File/JHMI/CJhmiRecipeFile.cs	110	Drilling.File.JHMI.CJhmiRecipeFile.Save(Drilling.Common.Managers.ST_RECIPE_DATA, System.Threading.CancellationToken)	recipe.Parameters              .Where(parameter => !IsCellScopedKey(parameter.Key))              .Select(parameter => new              {                  Parameter = parameter,                  FormItem = FindFormItem(formItems, parameter)              })              .Where	-	열거를 수행하는 호출자 스레드	기존 LINQ 열거 시점	기존 열거 시 호출자에게 전달	낮음	이름 있는 조건/선택 메서드 또는 for/foreach
Lambda	Drilling.File	Drilling.File/JHMI/CJhmiRecipeFile.cs	112	Drilling.File.JHMI.CJhmiRecipeFile.Save(Drilling.Common.Managers.ST_RECIPE_DATA, System.Threading.CancellationToken)	recipe.Parameters              .Where(parameter => !IsCellScopedKey(parameter.Key))              .Select(parameter => new              {                  Parameter = parameter,                  FormItem = FindFormItem(formItems, parameter)              })              .Where(item => item.FormItem is not null)              .ToDictionary	-	열거를 수행하는 호출자 스레드	기존 LINQ 열거 시점	기존 열거 시 호출자에게 전달	낮음	이름 있는 조건/선택 메서드 또는 for/foreach
Lambda	Drilling.File	Drilling.File/JHMI/CJhmiRecipeFile.cs	113	Drilling.File.JHMI.CJhmiRecipeFile.Save(Drilling.Common.Managers.ST_RECIPE_DATA, System.Threading.CancellationToken)	recipe.Parameters              .Where(parameter => !IsCellScopedKey(parameter.Key))              .Select(parameter => new              {                  Parameter = parameter,                  FormItem = FindFormItem(formItems, parameter)              })              .Where(item => item.FormItem is not null)              .ToDictionary	-	열거를 수행하는 호출자 스레드	기존 LINQ 열거 시점	기존 열거 시 호출자에게 전달	낮음	이름 있는 조건/선택 메서드 또는 for/foreach
Lambda	Drilling.File	Drilling.File/JHMI/CJhmiRecipeFile.cs	117	Drilling.File.JHMI.CJhmiRecipeFile.Save(Drilling.Common.Managers.ST_RECIPE_DATA, System.Threading.CancellationToken)	recipe.Parameters              .Where	recipe,activeCellCount	열거를 수행하는 호출자 스레드	기존 LINQ 열거 시점	기존 열거 시 호출자에게 전달	중간	이름 있는 조건/선택 메서드 또는 for/foreach
Lambda	Drilling.File	Drilling.File/JHMI/CJhmiRecipeFile.cs	120	Drilling.File.JHMI.CJhmiRecipeFile.Save(Drilling.Common.Managers.ST_RECIPE_DATA, System.Threading.CancellationToken)	recipe.Parameters              .Where(parameter => IsCellScopedKey(parameter.Key) &&                  GetCellNo(parameter.Key) <= activeCellCount &&                  IsHoleOverrideWithinActivePattern(parameter, recipe.Parameters))              .OrderBy	-	열거를 수행하는 호출자 스레드	기존 LINQ 열거 시점	기존 열거 시 호출자에게 전달	낮음	이름 있는 조건/선택 메서드 또는 for/foreach
Lambda	Drilling.File	Drilling.File/JHMI/CJhmiRecipeFile.cs	121	Drilling.File.JHMI.CJhmiRecipeFile.Save(Drilling.Common.Managers.ST_RECIPE_DATA, System.Threading.CancellationToken)	recipe.Parameters              .Where(parameter => IsCellScopedKey(parameter.Key) &&                  GetCellNo(parameter.Key) <= activeCellCount &&                  IsHoleOverrideWithinActivePattern(parameter, recipe.Parameters))              .OrderBy(parameter => GetCellNo(parameter.Key))              .ThenBy	-	열거를 수행하는 호출자 스레드	기존 LINQ 열거 시점	기존 열거 시 호출자에게 전달	낮음	이름 있는 조건/선택 메서드 또는 for/foreach
Lambda	Drilling.File	Drilling.File/JHMI/CJhmiRecipeFile.cs	138	Drilling.File.JHMI.CJhmiRecipeFile.Save(Drilling.Common.Managers.ST_RECIPE_DATA, System.Threading.CancellationToken)	formItems              .Where	-	열거를 수행하는 호출자 스레드	기존 LINQ 열거 시점	기존 열거 시 호출자에게 전달	낮음	이름 있는 조건/선택 메서드 또는 for/foreach
Lambda	Drilling.File	Drilling.File/JHMI/CJhmiRecipeFile.cs	139	Drilling.File.JHMI.CJhmiRecipeFile.Save(Drilling.Common.Managers.ST_RECIPE_DATA, System.Threading.CancellationToken)	formItems              .Where(item => item.Use && !IsCellScopedTemplate(item))              .OrderBy	-	열거를 수행하는 호출자 스레드	기존 LINQ 열거 시점	기존 열거 시 호출자에게 전달	낮음	이름 있는 조건/선택 메서드 또는 for/foreach
Lambda	Drilling.File	Drilling.File/JHMI/CJhmiRecipeFile.cs	234	Drilling.File.JHMI.CJhmiRecipeFile.Rename(string, string, System.Threading.CancellationToken)	ReadRecipeValues(oldPath)              .GroupBy	-	열거를 수행하는 호출자 스레드	기존 LINQ 열거 시점	기존 열거 시 호출자에게 전달	낮음	이름 있는 조건/선택 메서드 또는 for/foreach
Lambda	Drilling.File	Drilling.File/JHMI/CJhmiRecipeFile.cs	236	Drilling.File.JHMI.CJhmiRecipeFile.Rename(string, string, System.Threading.CancellationToken)	ReadRecipeValues(oldPath)              .GroupBy(item => CreateKey(item.Tab, item.Name), StringComparer.OrdinalIgnoreCase)              .ToDictionary	-	열거를 수행하는 호출자 스레드	기존 LINQ 열거 시점	기존 열거 시 호출자에게 전달	낮음	이름 있는 조건/선택 메서드 또는 for/foreach
Lambda	Drilling.File	Drilling.File/JHMI/CJhmiRecipeFile.cs	237	Drilling.File.JHMI.CJhmiRecipeFile.Rename(string, string, System.Threading.CancellationToken)	ReadRecipeValues(oldPath)              .GroupBy(item => CreateKey(item.Tab, item.Name), StringComparer.OrdinalIgnoreCase)              .ToDictionary	-	열거를 수행하는 호출자 스레드	기존 LINQ 열거 시점	기존 열거 시 호출자에게 전달	낮음	이름 있는 조건/선택 메서드 또는 for/foreach
Lambda	Drilling.File	Drilling.File/JHMI/CJhmiRecipeFile.cs	253	Drilling.File.JHMI.CJhmiRecipeFile.Rename(string, string, System.Threading.CancellationToken)	formItems              .Where	-	열거를 수행하는 호출자 스레드	기존 LINQ 열거 시점	기존 열거 시 호출자에게 전달	낮음	이름 있는 조건/선택 메서드 또는 for/foreach
Lambda	Drilling.File	Drilling.File/JHMI/CJhmiRecipeFile.cs	254	Drilling.File.JHMI.CJhmiRecipeFile.Rename(string, string, System.Threading.CancellationToken)	formItems              .Where(item => item.Use && !IsCellScopedTemplate(item))              .OrderBy	-	열거를 수행하는 호출자 스레드	기존 LINQ 열거 시점	기존 열거 시 호출자에게 전달	낮음	이름 있는 조건/선택 메서드 또는 for/foreach
Lambda	Drilling.File	Drilling.File/JHMI/CJhmiRecipeFile.cs	265	Drilling.File.JHMI.CJhmiRecipeFile.Rename(string, string, System.Threading.CancellationToken)	ReadRecipeValues(oldPath)              .Where	activeCellCount	열거를 수행하는 호출자 스레드	기존 LINQ 열거 시점	기존 열거 시 호출자에게 전달	중간	이름 있는 조건/선택 메서드 또는 for/foreach
Lambda	Drilling.File	Drilling.File/JHMI/CJhmiRecipeFile.cs	268	Drilling.File.JHMI.CJhmiRecipeFile.Rename(string, string, System.Threading.CancellationToken)	ReadRecipeValues(oldPath)              .Where(item => item.Tab.Equals("CELL", StringComparison.OrdinalIgnoreCase) &&                  IsCellScopedKey(item.Name) &&                  GetCellNo(item.Name) <= activeCellCount)              .OrderBy	-	열거를 수행하는 호출자 스레드	기존 LINQ 열거 시점	기존 열거 시 호출자에게 전달	낮음	이름 있는 조건/선택 메서드 또는 for/foreach
Lambda	Drilling.File	Drilling.File/JHMI/CJhmiRecipeFile.cs	269	Drilling.File.JHMI.CJhmiRecipeFile.Rename(string, string, System.Threading.CancellationToken)	ReadRecipeValues(oldPath)              .Where(item => item.Tab.Equals("CELL", StringComparison.OrdinalIgnoreCase) &&                  IsCellScopedKey(item.Name) &&                  GetCellNo(item.Name) <= activeCellCount)              .OrderBy(item => GetCellNo(item.Name))              .ThenBy	-	열거를 수행하는 호출자 스레드	기존 LINQ 열거 시점	기존 열거 시 호출자에게 전달	낮음	이름 있는 조건/선택 메서드 또는 for/foreach
Lambda	Drilling.File	Drilling.File/JHMI/CJhmiRecipeFile.cs	297	Drilling.File.JHMI.CJhmiRecipeFile.Delete(string, System.Threading.CancellationToken)	ReadRecipeValues(path)                  .GroupBy	-	열거를 수행하는 호출자 스레드	기존 LINQ 열거 시점	기존 열거 시 호출자에게 전달	낮음	이름 있는 조건/선택 메서드 또는 for/foreach
Lambda	Drilling.File	Drilling.File/JHMI/CJhmiRecipeFile.cs	299	Drilling.File.JHMI.CJhmiRecipeFile.Delete(string, System.Threading.CancellationToken)	ReadRecipeValues(path)                  .GroupBy(item => CreateKey(item.Tab, item.Name), StringComparer.OrdinalIgnoreCase)                  .ToDictionary	-	열거를 수행하는 호출자 스레드	기존 LINQ 열거 시점	기존 열거 시 호출자에게 전달	낮음	이름 있는 조건/선택 메서드 또는 for/foreach
Lambda	Drilling.File	Drilling.File/JHMI/CJhmiRecipeFile.cs	300	Drilling.File.JHMI.CJhmiRecipeFile.Delete(string, System.Threading.CancellationToken)	ReadRecipeValues(path)                  .GroupBy(item => CreateKey(item.Tab, item.Name), StringComparer.OrdinalIgnoreCase)                  .ToDictionary	-	열거를 수행하는 호출자 스레드	기존 LINQ 열거 시점	기존 열거 시 호출자에게 전달	낮음	이름 있는 조건/선택 메서드 또는 for/foreach
Lambda	Drilling.File	Drilling.File/JHMI/CJhmiRecipeFile.cs	326	Drilling.File.JHMI.CJhmiRecipeFile.LoadRecipe(string, System.Collections.Generic.IReadOnlyList<Drilling.Common.Managers.ST_RECIPE_FORM_ITEM>)	ReadRecipeValues(path)              .GroupBy	-	열거를 수행하는 호출자 스레드	기존 LINQ 열거 시점	기존 열거 시 호출자에게 전달	낮음	이름 있는 조건/선택 메서드 또는 for/foreach
Lambda	Drilling.File	Drilling.File/JHMI/CJhmiRecipeFile.cs	328	Drilling.File.JHMI.CJhmiRecipeFile.LoadRecipe(string, System.Collections.Generic.IReadOnlyList<Drilling.Common.Managers.ST_RECIPE_FORM_ITEM>)	ReadRecipeValues(path)              .GroupBy(item => CreateKey(item.Tab, item.Name), StringComparer.OrdinalIgnoreCase)              .ToDictionary	-	열거를 수행하는 호출자 스레드	기존 LINQ 열거 시점	기존 열거 시 호출자에게 전달	낮음	이름 있는 조건/선택 메서드 또는 for/foreach
Lambda	Drilling.File	Drilling.File/JHMI/CJhmiRecipeFile.cs	329	Drilling.File.JHMI.CJhmiRecipeFile.LoadRecipe(string, System.Collections.Generic.IReadOnlyList<Drilling.Common.Managers.ST_RECIPE_FORM_ITEM>)	ReadRecipeValues(path)              .GroupBy(item => CreateKey(item.Tab, item.Name), StringComparer.OrdinalIgnoreCase)              .ToDictionary	-	열거를 수행하는 호출자 스레드	기존 LINQ 열거 시점	기존 열거 시 호출자에게 전달	낮음	이름 있는 조건/선택 메서드 또는 for/foreach
Lambda	Drilling.File	Drilling.File/JHMI/CJhmiRecipeFile.cs	334	Drilling.File.JHMI.CJhmiRecipeFile.LoadRecipe(string, System.Collections.Generic.IReadOnlyList<Drilling.Common.Managers.ST_RECIPE_FORM_ITEM>)	formItems              .Where	-	열거를 수행하는 호출자 스레드	기존 LINQ 열거 시점	기존 열거 시 호출자에게 전달	낮음	이름 있는 조건/선택 메서드 또는 for/foreach
Lambda	Drilling.File	Drilling.File/JHMI/CJhmiRecipeFile.cs	335	Drilling.File.JHMI.CJhmiRecipeFile.LoadRecipe(string, System.Collections.Generic.IReadOnlyList<Drilling.Common.Managers.ST_RECIPE_FORM_ITEM>)	formItems              .Where(item => item.Use)              .OrderBy	-	열거를 수행하는 호출자 스레드	기존 LINQ 열거 시점	기존 열거 시 호출자에게 전달	낮음	이름 있는 조건/선택 메서드 또는 for/foreach
Lambda	Drilling.File	Drilling.File/JHMI/CJhmiRecipeFile.cs	336	Drilling.File.JHMI.CJhmiRecipeFile.LoadRecipe(string, System.Collections.Generic.IReadOnlyList<Drilling.Common.Managers.ST_RECIPE_FORM_ITEM>)	formItems              .Where(item => item.Use)              .OrderBy(item => item.DisplayOrder)              .Select	values	열거를 수행하는 호출자 스레드	기존 LINQ 열거 시점	기존 열거 시 호출자에게 전달	중간	이름 있는 조건/선택 메서드 또는 for/foreach
Lambda	Drilling.File	Drilling.File/JHMI/CJhmiRecipeFile.cs	357	Drilling.File.JHMI.CJhmiRecipeFile.LoadRecipe(string, System.Collections.Generic.IReadOnlyList<Drilling.Common.Managers.ST_RECIPE_FORM_ITEM>)	formItems              .GroupBy	-	열거를 수행하는 호출자 스레드	기존 LINQ 열거 시점	기존 열거 시 호출자에게 전달	낮음	이름 있는 조건/선택 메서드 또는 for/foreach
Lambda	Drilling.File	Drilling.File/JHMI/CJhmiRecipeFile.cs	358	Drilling.File.JHMI.CJhmiRecipeFile.LoadRecipe(string, System.Collections.Generic.IReadOnlyList<Drilling.Common.Managers.ST_RECIPE_FORM_ITEM>)	formItems              .GroupBy(item => item.Name, StringComparer.OrdinalIgnoreCase)              .ToDictionary	-	열거를 수행하는 호출자 스레드	기존 LINQ 열거 시점	기존 열거 시 호출자에게 전달	낮음	이름 있는 조건/선택 메서드 또는 for/foreach
Lambda	Drilling.File	Drilling.File/JHMI/CJhmiRecipeFile.cs	358	Drilling.File.JHMI.CJhmiRecipeFile.LoadRecipe(string, System.Collections.Generic.IReadOnlyList<Drilling.Common.Managers.ST_RECIPE_FORM_ITEM>)	formItems              .GroupBy(item => item.Name, StringComparer.OrdinalIgnoreCase)              .ToDictionary	-	열거를 수행하는 호출자 스레드	기존 LINQ 열거 시점	기존 열거 시 호출자에게 전달	낮음	이름 있는 조건/선택 메서드 또는 for/foreach
Lambda	Drilling.File	Drilling.File/JHMI/CJhmiRecipeFile.cs	361	Drilling.File.JHMI.CJhmiRecipeFile.LoadRecipe(string, System.Collections.Generic.IReadOnlyList<Drilling.Common.Managers.ST_RECIPE_FORM_ITEM>)	ReadRecipeValues(path)              .Where	-	열거를 수행하는 호출자 스레드	기존 LINQ 열거 시점	기존 열거 시 호출자에게 전달	낮음	이름 있는 조건/선택 메서드 또는 for/foreach
Lambda	Drilling.File	Drilling.File/JHMI/CJhmiRecipeFile.cs	362	Drilling.File.JHMI.CJhmiRecipeFile.LoadRecipe(string, System.Collections.Generic.IReadOnlyList<Drilling.Common.Managers.ST_RECIPE_FORM_ITEM>)	ReadRecipeValues(path)              .Where(item => item.Tab.Equals("CELL", StringComparison.OrdinalIgnoreCase) && IsCellScopedKey(item.Name))              .OrderBy	-	열거를 수행하는 호출자 스레드	기존 LINQ 열거 시점	기존 열거 시 호출자에게 전달	낮음	이름 있는 조건/선택 메서드 또는 for/foreach
Lambda	Drilling.File	Drilling.File/JHMI/CJhmiRecipeFile.cs	363	Drilling.File.JHMI.CJhmiRecipeFile.LoadRecipe(string, System.Collections.Generic.IReadOnlyList<Drilling.Common.Managers.ST_RECIPE_FORM_ITEM>)	ReadRecipeValues(path)              .Where(item => item.Tab.Equals("CELL", StringComparison.OrdinalIgnoreCase) && IsCellScopedKey(item.Name))              .OrderBy(item => GetCellNo(item.Name))              .ThenBy	-	열거를 수행하는 호출자 스레드	기존 LINQ 열거 시점	기존 열거 시 호출자에게 전달	낮음	이름 있는 조건/선택 메서드 또는 for/foreach
Lambda	Drilling.File	Drilling.File/JHMI/CJhmiRecipeFile.cs	369	Drilling.File.JHMI.CJhmiRecipeFile.LoadRecipe(string, System.Collections.Generic.IReadOnlyList<Drilling.Common.Managers.ST_RECIPE_FORM_ITEM>)	parameters.Any	normalizedScopedKey	열거를 수행하는 호출자 스레드	기존 LINQ 열거 시점	기존 열거 시 호출자에게 전달	중간	이름 있는 조건/선택 메서드 또는 for/foreach
Lambda	Drilling.File	Drilling.File/JHMI/CJhmiRecipeFile.cs	426	Drilling.File.JHMI.CJhmiRecipeFile.GetActiveCellCount(System.Collections.Generic.IEnumerable<Drilling.Common.Managers.ST_RECIPE_PARAM>)	parameters.FirstOrDefault	-	열거를 수행하는 호출자 스레드	기존 LINQ 열거 시점	기존 열거 시 호출자에게 전달	낮음	이름 있는 조건/선택 메서드 또는 for/foreach
Lambda	Drilling.File	Drilling.File/JHMI/CJhmiRecipeFile.cs	440	Drilling.File.JHMI.CJhmiRecipeFile.IsHoleOverrideWithinActivePattern(Drilling.Common.Managers.ST_RECIPE_PARAM, System.Collections.Generic.IReadOnlyList<Drilling.Common.Managers.ST_RECIPE_PARAM>)	parameters.FirstOrDefault	cellNo	열거를 수행하는 호출자 스레드	기존 LINQ 열거 시점	기존 열거 시 호출자에게 전달	중간	이름 있는 조건/선택 메서드 또는 for/foreach
Lambda	Drilling.File	Drilling.File/JHMI/CJhmiRecipeFile.cs	442	Drilling.File.JHMI.CJhmiRecipeFile.IsHoleOverrideWithinActivePattern(Drilling.Common.Managers.ST_RECIPE_PARAM, System.Collections.Generic.IReadOnlyList<Drilling.Common.Managers.ST_RECIPE_PARAM>)	parameters.FirstOrDefault	cellNo	열거를 수행하는 호출자 스레드	기존 LINQ 열거 시점	기존 열거 시 호출자에게 전달	중간	이름 있는 조건/선택 메서드 또는 for/foreach
SwitchExpression	Drilling.File	Drilling.File/JHMI/CJhmiRecipeFile.cs	553	Drilling.File.JHMI.CJhmiRecipeFile.GetCellHistoryItemName(Drilling.Common.Managers.ST_RECIPE_PARAM, System.Collections.Generic.IReadOnlyList<Drilling.Common.Managers.ST_RECIPE_PARAM>)	EqualsValueClause	-	호출자 스레드	기존 식 평가 시점	기존 호출자에게 직접 전달	중간	일반 switch 문과 명시적 return/대입
Lambda	Drilling.File	Drilling.File/JHMI/CJhmiRecipeFile.cs	632	Drilling.File.JHMI.CJhmiRecipeFile.TryGetNamedHoleOverrideMetadata(string, out string, out int, out int, out string, out string, out double, out double)	fields.FirstOrDefault	normalized	열거를 수행하는 호출자 스레드	기존 LINQ 열거 시점	기존 열거 시 호출자에게 전달	중간	이름 있는 조건/선택 메서드 또는 for/foreach
Lambda	Drilling.File	Drilling.File/JHMI/CJhmiRecipeFile.cs	676	Drilling.File.JHMI.CJhmiRecipeFile.LoadFormItems()	FormHeaders.Select	-	열거를 수행하는 호출자 스레드	기존 LINQ 열거 시점	기존 열거 시 호출자에게 전달	낮음	이름 있는 조건/선택 메서드 또는 for/foreach
Lambda	Drilling.File	Drilling.File/JHMI/CJhmiRecipeFile.cs	679	Drilling.File.JHMI.CJhmiRecipeFile.LoadFormItems()	CCsvParser.Read(GetFormPath())              .Select	-	열거를 수행하는 호출자 스레드	기존 LINQ 열거 시점	기존 열거 시 호출자에게 전달	낮음	이름 있는 조건/선택 메서드 또는 for/foreach
Lambda	Drilling.File	Drilling.File/JHMI/CJhmiRecipeFile.cs	697	Drilling.File.JHMI.CJhmiRecipeFile.LoadFormItems()	CCsvParser.Read(GetFormPath())              .Select((row, index) => new ST_RECIPE_FORM_ITEM(                  CCsvParser.Get(row, "TAB"),                  CCsvParser.Get(row, "GROUP"),                  CCsvParser.Get(row, "NAME"),                  GetOrDefault(CCsvParser.Get(row, "DISPLAY NAME"), CCsvParser.Get(row, "NAME")),                  GetOrDefault(CCsvParser.Get(row, "CIM NAME"), CCsvParser.Get(row, "NAME")),                  ReadDataType(CCsvParser.Get(row, "DATA TYPE")),                  CCsvParser.Get(row, "UNIT"),                  ReadBool(CCsvParser.Get(row, "SHOW"), true),                  ReadBool(CCsvParser.Get(row, "USE"), true),                  CCsvParser.Get(row, "VALUE"),                  ReadDouble(CCsvParser.Get(row, "SCALE"), 1.0),                  ReadDouble(CCsvParser.Get(row, "CHANGE LIMIT"), 0.0),                  ReadDouble(CCsvParser.Get(row, "MIN"), 0.0),                  ReadDouble(CCsvParser.Get(row, "MAX"), 0.0),                  CCsvParser.Get(row, "DESCRIPTION"),                  ReadInt(CCsvParser.Get(row, "ORDER"), index + 1),                  CCsvParser.GetExtra(row, FormHeaders)))              .Where	-	열거를 수행하는 호출자 스레드	기존 LINQ 열거 시점	기존 열거 시 호출자에게 전달	낮음	이름 있는 조건/선택 메서드 또는 for/foreach
Lambda	Drilling.File	Drilling.File/JHMI/CJhmiRecipeFile.cs	709	Drilling.File.JHMI.CJhmiRecipeFile.ReadRecipeValues(string)	System.IO.File.ReadAllLines(path)              .Where	-	열거를 수행하는 호출자 스레드	기존 LINQ 열거 시점	기존 열거 시 호출자에게 전달	낮음	이름 있는 조건/선택 메서드 또는 for/foreach
Lambda	Drilling.File	Drilling.File/JHMI/CJhmiRecipeFile.cs	711	Drilling.File.JHMI.CJhmiRecipeFile.ReadRecipeValues(string)	System.IO.File.ReadAllLines(path)              .Where(line => !string.IsNullOrWhiteSpace(line))              .Select(ParseRecipeLine)              .Where	-	열거를 수행하는 호출자 스레드	기존 LINQ 열거 시점	기존 열거 시 호출자에게 전달	낮음	이름 있는 조건/선택 메서드 또는 for/foreach
Lambda	Drilling.File	Drilling.File/JHMI/CJhmiRecipeFile.cs	781	Drilling.File.JHMI.CJhmiRecipeFile.FindFormItem(System.Collections.Generic.IReadOnlyList<Drilling.Common.Managers.ST_RECIPE_FORM_ITEM>, Drilling.Common.Managers.ST_RECIPE_PARAM)	formItems.FirstOrDefault	parameter	열거를 수행하는 호출자 스레드	기존 LINQ 열거 시점	기존 열거 시 호출자에게 전달	중간	이름 있는 조건/선택 메서드 또는 for/foreach
Lambda	Drilling.File	Drilling.File/JHMI/CJhmiRecipeFile.cs	793	Drilling.File.JHMI.CJhmiRecipeFile.FindFormItem(System.Collections.Generic.IReadOnlyList<Drilling.Common.Managers.ST_RECIPE_FORM_ITEM>, Drilling.Common.Managers.ST_RECIPE_PARAM)	formItems.FirstOrDefault	parameter	열거를 수행하는 호출자 스레드	기존 LINQ 열거 시점	기존 열거 시 호출자에게 전달	중간	이름 있는 조건/선택 메서드 또는 for/foreach
Lambda	Drilling.File	Drilling.File/JHMI/CJhmiRecipeFile.cs	802	Drilling.File.JHMI.CJhmiRecipeFile.FindFormItem(System.Collections.Generic.IReadOnlyList<Drilling.Common.Managers.ST_RECIPE_FORM_ITEM>, Drilling.Common.Managers.ST_RECIPE_PARAM)	formItems.FirstOrDefault	parameter	열거를 수행하는 호출자 스레드	기존 LINQ 열거 시점	기존 열거 시 호출자에게 전달	중간	이름 있는 조건/선택 메서드 또는 for/foreach
Lambda	Drilling.File	Drilling.File/JHMI/CJhmiRecipeFile.cs	804	Drilling.File.JHMI.CJhmiRecipeFile.FindFormItem(System.Collections.Generic.IReadOnlyList<Drilling.Common.Managers.ST_RECIPE_FORM_ITEM>, Drilling.Common.Managers.ST_RECIPE_PARAM)	formItems.FirstOrDefault	parameter	열거를 수행하는 호출자 스레드	기존 LINQ 열거 시점	기존 열거 시 호출자에게 전달	중간	이름 있는 조건/선택 메서드 또는 for/foreach
SwitchExpression	Drilling.File	Drilling.File/JHMI/CJhmiRecipeFile.cs	810	Drilling.File.JHMI.CJhmiRecipeFile.ReadDataType(string)	ReturnStatement	-	호출자 스레드	기존 식 평가 시점	기존 호출자에게 직접 전달	중간	일반 switch 문과 명시적 return/대입
Lambda	Drilling.File	Drilling.File/JHMI/CJhmiRecipeFile.cs	882	Drilling.File.JHMI.CJhmiRecipeFile.ValidateSavedRecipeFile(string, System.Collections.Generic.IReadOnlyDictionary<string, string>)	ReadRecipeValues(path)              .GroupBy	-	열거를 수행하는 호출자 스레드	기존 LINQ 열거 시점	기존 열거 시 호출자에게 전달	낮음	이름 있는 조건/선택 메서드 또는 for/foreach
Lambda	Drilling.File	Drilling.File/JHMI/CJhmiRecipeFile.cs	884	Drilling.File.JHMI.CJhmiRecipeFile.ValidateSavedRecipeFile(string, System.Collections.Generic.IReadOnlyDictionary<string, string>)	ReadRecipeValues(path)              .GroupBy(item => CreateKey(item.Tab, item.Name), StringComparer.OrdinalIgnoreCase)              .ToDictionary	-	열거를 수행하는 호출자 스레드	기존 LINQ 열거 시점	기존 열거 시 호출자에게 전달	낮음	이름 있는 조건/선택 메서드 또는 for/foreach
Lambda	Drilling.File	Drilling.File/JHMI/CJhmiRecipeFile.cs	885	Drilling.File.JHMI.CJhmiRecipeFile.ValidateSavedRecipeFile(string, System.Collections.Generic.IReadOnlyDictionary<string, string>)	ReadRecipeValues(path)              .GroupBy(item => CreateKey(item.Tab, item.Name), StringComparer.OrdinalIgnoreCase)              .ToDictionary	-	열거를 수행하는 호출자 스레드	기존 LINQ 열거 시점	기존 열거 시 호출자에게 전달	낮음	이름 있는 조건/선택 메서드 또는 for/foreach
Lambda	Drilling.File	Drilling.File/JHMI/CJhmiRecipeFile.cs	919	Drilling.File.JHMI.CJhmiRecipeFile.GetSafeFileName(string)	recipeId.Select	invalid	열거를 수행하는 호출자 스레드	기존 LINQ 열거 시점	기존 열거 시 호출자에게 전달	중간	이름 있는 조건/선택 메서드 또는 for/foreach
Lambda	Drilling.File	Drilling.File/JHMI/CManualScanFile.cs	36	Drilling.File.JHMI.CManualScanFile.List(System.Threading.CancellationToken)	Directory              .EnumerateFiles(_manualDirectory, "*.scan")              .Select(Path.GetFileName)              .Where	-	열거를 수행하는 호출자 스레드	기존 LINQ 열거 시점	기존 열거 시 호출자에게 전달	낮음	이름 있는 조건/선택 메서드 또는 for/foreach
Lambda	Drilling.File	Drilling.File/JHMI/CManualScanFile.cs	38	Drilling.File.JHMI.CManualScanFile.List(System.Threading.CancellationToken)	Directory              .EnumerateFiles(_manualDirectory, "*.scan")              .Select(Path.GetFileName)              .Where(name => !string.IsNullOrWhiteSpace(name))              .Cast<string>()              .OrderBy	-	열거를 수행하는 호출자 스레드	기존 LINQ 열거 시점	기존 열거 시 호출자에게 전달	낮음	이름 있는 조건/선택 메서드 또는 for/foreach
Lambda	Drilling.File	Drilling.File/JHMI/CManualScanFile.cs	64	Drilling.File.JHMI.CManualScanFile.Load(string, System.Threading.CancellationToken)	CCsvParser.Read(GetSettingPath(settingName))              .Where	-	열거를 수행하는 호출자 스레드	기존 LINQ 열거 시점	기존 열거 시 호출자에게 전달	낮음	이름 있는 조건/선택 메서드 또는 for/foreach
Lambda	Drilling.File	Drilling.File/JHMI/CManualScanFile.cs	66	Drilling.File.JHMI.CManualScanFile.Load(string, System.Threading.CancellationToken)	CCsvParser.Read(GetSettingPath(settingName))              .Where(row => !string.IsNullOrWhiteSpace(CCsvParser.Get(row, "NAME")))              .ToDictionary	-	열거를 수행하는 호출자 스레드	기존 LINQ 열거 시점	기존 열거 시 호출자에게 전달	낮음	이름 있는 조건/선택 메서드 또는 for/foreach
Lambda	Drilling.File	Drilling.File/JHMI/CManualScanFile.cs	67	Drilling.File.JHMI.CManualScanFile.Load(string, System.Threading.CancellationToken)	CCsvParser.Read(GetSettingPath(settingName))              .Where(row => !string.IsNullOrWhiteSpace(CCsvParser.Get(row, "NAME")))              .ToDictionary	-	열거를 수행하는 호출자 스레드	기존 LINQ 열거 시점	기존 열거 시 호출자에게 전달	낮음	이름 있는 조건/선택 메서드 또는 for/foreach
Lambda	Drilling.File	Drilling.File/JHMI/CManualScanFile.cs	126	Drilling.File.JHMI.CManualScanFile.Save(string, Drilling.Common.Managers.ST_MANUAL_SCAN_PARAM, System.Threading.CancellationToken)	formItems                  .Where	-	열거를 수행하는 호출자 스레드	기존 LINQ 열거 시점	기존 열거 시 호출자에게 전달	낮음	이름 있는 조건/선택 메서드 또는 for/foreach
Lambda	Drilling.File	Drilling.File/JHMI/CManualScanFile.cs	127	Drilling.File.JHMI.CManualScanFile.Save(string, Drilling.Common.Managers.ST_MANUAL_SCAN_PARAM, System.Threading.CancellationToken)	formItems                  .Where(item => item.Use)                  .OrderBy	-	열거를 수행하는 호출자 스레드	기존 LINQ 열거 시점	기존 열거 시 호출자에게 전달	낮음	이름 있는 조건/선택 메서드 또는 for/foreach
Lambda	Drilling.File	Drilling.File/JHMI/CManualScanFile.cs	128	Drilling.File.JHMI.CManualScanFile.Save(string, Drilling.Common.Managers.ST_MANUAL_SCAN_PARAM, System.Threading.CancellationToken)	formItems                  .Where(item => item.Use)                  .OrderBy(item => item.DisplayOrder)                  .Select	values	열거를 수행하는 호출자 스레드	기존 LINQ 열거 시점	기존 열거 시 호출자에게 전달	중간	이름 있는 조건/선택 메서드 또는 for/foreach
Lambda	Drilling.File	Drilling.File/JHMI/CManualScanFile.cs	190	Drilling.File.JHMI.CManualScanFile.GetDefaultSettingName()	Directory                  .EnumerateFiles(_manualDirectory, "*.scan")                  .Select(Path.GetFileName)                  .FirstOrDefault	-	열거를 수행하는 호출자 스레드	기존 LINQ 열거 시점	기존 열거 시 호출자에게 전달	낮음	이름 있는 조건/선택 메서드 또는 for/foreach
Lambda	Drilling.File	Drilling.File/JHMI/CManualScanFile.cs	198	Drilling.File.JHMI.CManualScanFile.LoadFormItems()	CCsvParser.Read(GetFormPath())              .Select	-	열거를 수행하는 호출자 스레드	기존 LINQ 열거 시점	기존 열거 시 호출자에게 전달	낮음	이름 있는 조건/선택 메서드 또는 for/foreach
Lambda	Drilling.File	Drilling.File/JHMI/CManualScanFile.cs	210	Drilling.File.JHMI.CManualScanFile.LoadFormItems()	CCsvParser.Read(GetFormPath())              .Select((row, index) => new ST_MANUAL_SCAN_FORM(                  CCsvParser.Get(row, "NAME"),                  GetOrDefault(CCsvParser.Get(row, "DISPLAY NAME"), CCsvParser.Get(row, "NAME")),                  ReadDataType(CCsvParser.Get(row, "DATA TYPE")),                  CCsvParser.Get(row, "UNIT"),                  ReadBool(CCsvParser.Get(row, "SHOW"), true),                  ReadBool(CCsvParser.Get(row, "USE"), true),                  CCsvParser.Get(row, "VALUE"),                  ReadDoubleValue(CCsvParser.Get(row, "MIN"), 0.0),                  ReadDoubleValue(CCsvParser.Get(row, "MAX"), 0.0),                  CCsvParser.Get(row, "DESCRIPTION"),                  ReadInt(CCsvParser.Get(row, "ORDER"), index + 1)))              .Where	-	열거를 수행하는 호출자 스레드	기존 LINQ 열거 시점	기존 열거 시 호출자에게 전달	낮음	이름 있는 조건/선택 메서드 또는 for/foreach
Lambda	Drilling.File	Drilling.File/JHMI/CManualScanFile.cs	226	Drilling.File.JHMI.CManualScanFile.ValidateSavedSetting(string, System.Collections.Generic.IReadOnlyDictionary<string, string>, System.Threading.CancellationToken)	CCsvParser.Read(GetSettingPath(settingName))              .Where	-	열거를 수행하는 호출자 스레드	기존 LINQ 열거 시점	기존 열거 시 호출자에게 전달	낮음	이름 있는 조건/선택 메서드 또는 for/foreach
Lambda	Drilling.File	Drilling.File/JHMI/CManualScanFile.cs	228	Drilling.File.JHMI.CManualScanFile.ValidateSavedSetting(string, System.Collections.Generic.IReadOnlyDictionary<string, string>, System.Threading.CancellationToken)	CCsvParser.Read(GetSettingPath(settingName))              .Where(row => !string.IsNullOrWhiteSpace(CCsvParser.Get(row, "NAME")))              .ToDictionary	-	열거를 수행하는 호출자 스레드	기존 LINQ 열거 시점	기존 열거 시 호출자에게 전달	낮음	이름 있는 조건/선택 메서드 또는 for/foreach
Lambda	Drilling.File	Drilling.File/JHMI/CManualScanFile.cs	229	Drilling.File.JHMI.CManualScanFile.ValidateSavedSetting(string, System.Collections.Generic.IReadOnlyDictionary<string, string>, System.Threading.CancellationToken)	CCsvParser.Read(GetSettingPath(settingName))              .Where(row => !string.IsNullOrWhiteSpace(CCsvParser.Get(row, "NAME")))              .ToDictionary	-	열거를 수행하는 호출자 스레드	기존 LINQ 열거 시점	기존 열거 시 호출자에게 전달	낮음	이름 있는 조건/선택 메서드 또는 for/foreach
Lambda	Drilling.File	Drilling.File/JHMI/CManualScanFile.cs	252	Drilling.File.JHMI.CManualScanFile.ValidateValues(System.Collections.Generic.IReadOnlyList<Drilling.Common.Managers.ST_MANUAL_SCAN_FORM>, System.Collections.Generic.IReadOnlyDictionary<string, string>)	formItems              .Where	-	열거를 수행하는 호출자 스레드	기존 LINQ 열거 시점	기존 열거 시 호출자에게 전달	낮음	이름 있는 조건/선택 메서드 또는 for/foreach
Lambda	Drilling.File	Drilling.File/JHMI/CManualScanFile.cs	253	Drilling.File.JHMI.CManualScanFile.ValidateValues(System.Collections.Generic.IReadOnlyList<Drilling.Common.Managers.ST_MANUAL_SCAN_FORM>, System.Collections.Generic.IReadOnlyDictionary<string, string>)	formItems              .Where(item => item.Use)              .ToDictionary	-	열거를 수행하는 호출자 스레드	기존 LINQ 열거 시점	기존 열거 시 호출자에게 전달	낮음	이름 있는 조건/선택 메서드 또는 for/foreach
SwitchExpression	Drilling.File	Drilling.File/JHMI/CManualScanFile.cs	267	Drilling.File.JHMI.CManualScanFile.ValidateValues(System.Collections.Generic.IReadOnlyList<Drilling.Common.Managers.ST_MANUAL_SCAN_FORM>, System.Collections.Generic.IReadOnlyDictionary<string, string>)	EqualsValueClause	-	호출자 스레드	기존 식 평가 시점	기존 호출자에게 직접 전달	중간	일반 switch 문과 명시적 return/대입
Lambda	Drilling.File	Drilling.File/JHMI/CManualScanFile.cs	373	Drilling.File.JHMI.CManualScanFile.ReadString(System.Collections.Generic.IReadOnlyDictionary<string, string>, System.Collections.Generic.IReadOnlyList<Drilling.Common.Managers.ST_MANUAL_SCAN_FORM>, string, string)	formItems.FirstOrDefault	key	열거를 수행하는 호출자 스레드	기존 LINQ 열거 시점	기존 열거 시 호출자에게 전달	중간	이름 있는 조건/선택 메서드 또는 for/foreach
SwitchExpression	Drilling.File	Drilling.File/JHMI/CManualScanFile.cs	406	Drilling.File.JHMI.CManualScanFile.ReadDataType(string)	ReturnStatement	-	호출자 스레드	기존 식 평가 시점	기존 호출자에게 직접 전달	중간	일반 switch 문과 명시적 return/대입
Lambda	Drilling.File	Drilling.File/JHMI/CMelsecMapFile.cs	51	Drilling.File.JHMI.CMelsecMapFile.LoadAll(System.Threading.CancellationToken)	CCsvParser.Read(GetMapPath())              .Select	this	열거를 수행하는 호출자 스레드	기존 LINQ 열거 시점	기존 열거 시 호출자에게 전달	중간	이름 있는 조건/선택 메서드 또는 for/foreach
Lambda	Drilling.File	Drilling.File/JHMI/CMelsecMapFile.cs	52	Drilling.File.JHMI.CMelsecMapFile.LoadAll(System.Threading.CancellationToken)	CCsvParser.Read(GetMapPath())              .Select((row, index) => Parse(row, index + 2))              .Where	-	열거를 수행하는 호출자 스레드	기존 LINQ 열거 시점	기존 열거 시 호출자에게 전달	낮음	이름 있는 조건/선택 메서드 또는 for/foreach
Lambda	Drilling.File	Drilling.File/JHMI/CMelsecMapFile.cs	53	Drilling.File.JHMI.CMelsecMapFile.LoadAll(System.Threading.CancellationToken)	CCsvParser.Read(GetMapPath())              .Select((row, index) => Parse(row, index + 2))              .Where(data => !string.IsNullOrWhiteSpace(data.Id))              .OrderBy	-	열거를 수행하는 호출자 스레드	기존 LINQ 열거 시점	기존 열거 시 호출자에게 전달	낮음	이름 있는 조건/선택 메서드 또는 for/foreach
Lambda	Drilling.File	Drilling.File/JHMI/CMelsecMapFile.cs	54	Drilling.File.JHMI.CMelsecMapFile.LoadAll(System.Threading.CancellationToken)	CCsvParser.Read(GetMapPath())              .Select((row, index) => Parse(row, index + 2))              .Where(data => !string.IsNullOrWhiteSpace(data.Id))              .OrderBy(data => data.Group, StringComparer.OrdinalIgnoreCase)              .ThenBy	-	열거를 수행하는 호출자 스레드	기존 LINQ 열거 시점	기존 열거 시 호출자에게 전달	낮음	이름 있는 조건/선택 메서드 또는 for/foreach
Lambda	Drilling.File	Drilling.File/JHMI/CMelsecMapFile.cs	55	Drilling.File.JHMI.CMelsecMapFile.LoadAll(System.Threading.CancellationToken)	CCsvParser.Read(GetMapPath())              .Select((row, index) => Parse(row, index + 2))              .Where(data => !string.IsNullOrWhiteSpace(data.Id))              .OrderBy(data => data.Group, StringComparer.OrdinalIgnoreCase)              .ThenBy(data => data.DeviceNo)              .ThenBy	-	열거를 수행하는 호출자 스레드	기존 LINQ 열거 시점	기존 열거 시 호출자에게 전달	낮음	이름 있는 조건/선택 메서드 또는 for/foreach
Lambda	Drilling.File	Drilling.File/JHMI/CMelsecMapFile.cs	103	Drilling.File.JHMI.CMelsecMapFile.Validate(System.Collections.Generic.IReadOnlyList<Drilling.Common.Interface.ST_MELSEC_MAP_DATA>)	rows.Where	-	열거를 수행하는 호출자 스레드	기존 LINQ 열거 시점	기존 열거 시 호출자에게 전달	낮음	이름 있는 조건/선택 메서드 또는 for/foreach
SwitchExpression	Drilling.File	Drilling.File/JHMI/CMelsecMapFile.cs	220	Drilling.File.JHMI.CMelsecMapFile.ReadDataType(string, int)	ReturnStatement	-	호출자 스레드	기존 식 평가 시점	기존 호출자에게 직접 전달	중간	일반 switch 문과 명시적 return/대입
SwitchExpression	Drilling.File	Drilling.File/JHMI/CMelsecMapFile.cs	234	Drilling.File.JHMI.CMelsecMapFile.ReadDirection(string, int)	ReturnStatement	-	호출자 스레드	기존 식 평가 시점	기존 호출자에게 직접 전달	중간	일반 switch 문과 명시적 return/대입
SwitchExpression	Drilling.File	Drilling.File/JHMI/CMelsecMapFile.cs	245	Drilling.File.JHMI.CMelsecMapFile.ReadAccess(string, int)	ReturnStatement	-	호출자 스레드	기존 식 평가 시점	기존 호출자에게 직접 전달	중간	일반 switch 문과 명시적 return/대입
Lambda	Drilling.File	Drilling.File/JHMI/CMotorFile.cs	78	Drilling.File.JHMI.CMotorFile.LoadAll(System.Threading.CancellationToken)	CCsvParser.Read(GetMotorPath())              .Select	this	열거를 수행하는 호출자 스레드	기존 LINQ 열거 시점	기존 열거 시 호출자에게 전달	중간	이름 있는 조건/선택 메서드 또는 for/foreach
Lambda	Drilling.File	Drilling.File/JHMI/CMotorFile.cs	79	Drilling.File.JHMI.CMotorFile.LoadAll(System.Threading.CancellationToken)	CCsvParser.Read(GetMotorPath())              .Select((row, index) => Parse(row, index + 2))              .Where	-	열거를 수행하는 호출자 스레드	기존 LINQ 열거 시점	기존 열거 시 호출자에게 전달	낮음	이름 있는 조건/선택 메서드 또는 for/foreach
Lambda	Drilling.File	Drilling.File/JHMI/CMotorFile.cs	80	Drilling.File.JHMI.CMotorFile.LoadAll(System.Threading.CancellationToken)	CCsvParser.Read(GetMotorPath())              .Select((row, index) => Parse(row, index + 2))              .Where(axis => !string.IsNullOrWhiteSpace(axis.Name))              .OrderBy	-	열거를 수행하는 호출자 스레드	기존 LINQ 열거 시점	기존 열거 시 호출자에게 전달	낮음	이름 있는 조건/선택 메서드 또는 for/foreach
Lambda	Drilling.File	Drilling.File/JHMI/CMotorFile.cs	81	Drilling.File.JHMI.CMotorFile.LoadAll(System.Threading.CancellationToken)	CCsvParser.Read(GetMotorPath())              .Select((row, index) => Parse(row, index + 2))              .Where(axis => !string.IsNullOrWhiteSpace(axis.Name))              .OrderBy(axis => axis.Axis)              .ThenBy	-	열거를 수행하는 호출자 스레드	기존 LINQ 열거 시점	기존 열거 시 호출자에게 전달	낮음	이름 있는 조건/선택 메서드 또는 for/foreach
Lambda	Drilling.File	Drilling.File/JHMI/CMotorFile.cs	164	Drilling.File.JHMI.CMotorFile.Validate(System.Collections.Generic.IReadOnlyList<Drilling.Common.Motion.ST_MOTOR_DATA>)	motors.Where	-	열거를 수행하는 호출자 스레드	기존 LINQ 열거 시점	기존 열거 시 호출자에게 전달	낮음	이름 있는 조건/선택 메서드 또는 for/foreach
Lambda	Drilling.File	Drilling.File/JHMI/CPowerMeterFile.cs	40	Drilling.File.JHMI.CPowerMeterFile.List(System.Threading.CancellationToken)	Directory              .EnumerateFiles(_powerMeterDirectory, "*.pwm")              .Select(Path.GetFileName)              .Where	-	열거를 수행하는 호출자 스레드	기존 LINQ 열거 시점	기존 열거 시 호출자에게 전달	낮음	이름 있는 조건/선택 메서드 또는 for/foreach
Lambda	Drilling.File	Drilling.File/JHMI/CPowerMeterFile.cs	42	Drilling.File.JHMI.CPowerMeterFile.List(System.Threading.CancellationToken)	Directory              .EnumerateFiles(_powerMeterDirectory, "*.pwm")              .Select(Path.GetFileName)              .Where(name => !string.IsNullOrWhiteSpace(name))              .Cast<string>()              .OrderBy	-	열거를 수행하는 호출자 스레드	기존 LINQ 열거 시점	기존 열거 시 호출자에게 전달	낮음	이름 있는 조건/선택 메서드 또는 for/foreach
Lambda	Drilling.File	Drilling.File/JHMI/CPowerMeterFile.cs	61	Drilling.File.JHMI.CPowerMeterFile.Create(string, System.Threading.CancellationToken)	CreateDefaultSteps().Select	-	열거를 수행하는 호출자 스레드	기존 LINQ 열거 시점	기존 열거 시 호출자에게 전달	낮음	이름 있는 조건/선택 메서드 또는 for/foreach
Lambda	Drilling.File	Drilling.File/JHMI/CPowerMeterFile.cs	125	Drilling.File.JHMI.CPowerMeterFile.Load(string, System.Threading.CancellationToken)	Directory              .EnumerateFiles(_powerMeterDirectory, "*.pwm")              .Select(Path.GetFileName)              .Where	-	열거를 수행하는 호출자 스레드	기존 LINQ 열거 시점	기존 열거 시 호출자에게 전달	낮음	이름 있는 조건/선택 메서드 또는 for/foreach
Lambda	Drilling.File	Drilling.File/JHMI/CPowerMeterFile.cs	127	Drilling.File.JHMI.CPowerMeterFile.Load(string, System.Threading.CancellationToken)	Directory              .EnumerateFiles(_powerMeterDirectory, "*.pwm")              .Select(Path.GetFileName)              .Where(name => !string.IsNullOrWhiteSpace(name))              .Cast<string>()              .OrderBy	-	열거를 수행하는 호출자 스레드	기존 LINQ 열거 시점	기존 열거 시 호출자에게 전달	낮음	이름 있는 조건/선택 메서드 또는 for/foreach
Lambda	Drilling.File	Drilling.File/JHMI/CPowerMeterFile.cs	134	Drilling.File.JHMI.CPowerMeterFile.Load(string, System.Threading.CancellationToken)	files              .Select	selectedFile	열거를 수행하는 호출자 스레드	기존 LINQ 열거 시점	기존 열거 시 호출자에게 전달	중간	이름 있는 조건/선택 메서드 또는 for/foreach
Lambda	Drilling.File	Drilling.File/JHMI/CPowerMeterFile.cs	172	Drilling.File.JHMI.CPowerMeterFile.EnsureFiles()	defaults.Select	-	열거를 수행하는 호출자 스레드	기존 LINQ 열거 시점	기존 열거 시 호출자에게 전달	낮음	이름 있는 조건/선택 메서드 또는 for/foreach
Lambda	Drilling.File	Drilling.File/JHMI/CPowerMeterFile.cs	183	Drilling.File.JHMI.CPowerMeterFile.EnsureFiles()	defaults.Take(3).Select	-	열거를 수행하는 호출자 스레드	기존 LINQ 열거 시점	기존 열거 시 호출자에게 전달	낮음	이름 있는 조건/선택 메서드 또는 for/foreach
Lambda	Drilling.File	Drilling.File/JHMI/CPowerMeterFile.cs	195	Drilling.File.JHMI.CPowerMeterFile.ReadSteps(string)	CCsvParser.Read(path)              .Where	-	열거를 수행하는 호출자 스레드	기존 LINQ 열거 시점	기존 열거 시 호출자에게 전달	낮음	이름 있는 조건/선택 메서드 또는 for/foreach
Lambda	Drilling.File	Drilling.File/JHMI/CPowerMeterFile.cs	196	Drilling.File.JHMI.CPowerMeterFile.ReadSteps(string)	CCsvParser.Read(path)              .Where(row => !string.IsNullOrWhiteSpace(CCsvParser.Get(row, "STEP")))              .Select	-	열거를 수행하는 호출자 스레드	기존 LINQ 열거 시점	기존 열거 시 호출자에게 전달	낮음	이름 있는 조건/선택 메서드 또는 for/foreach
Lambda	Drilling.File	Drilling.File/JHMI/CPowerMeterFile.cs	212	Drilling.File.JHMI.CPowerMeterFile.ReadSteps(string)	CCsvParser.Read(path)              .Where(row => !string.IsNullOrWhiteSpace(CCsvParser.Get(row, "STEP")))              .Select((row, order) => new ST_POWER_METER_STEP_DATA(                  ReadInt(CCsvParser.Get(row, "STEP"), order + 1),                  ReadText(CCsvParser.Get(row, "OPTION_NAME"), $"PWM_STEP_{order + 1:000}"),                  ReadBool(CCsvParser.Get(row, "POWER_OUT"), true),                  ReadText(CCsvParser.Get(row, "POWER_UNIT"), "W"),                  ReadDouble(CCsvParser.Get(row, "SETTING_ATT"), 23.50),                  ReadDouble(CCsvParser.Get(row, "SETTING_POWER"), 1.200),                  ReadDouble(CCsvParser.Get(row, "SETTING_FREQ"), 20.0),                  ReadInt(CCsvParser.Get(row, "MEASURE_CYCLE"), 3),                  ReadInt(CCsvParser.Get(row, "MEASURE_TIME"), 1000),                  ReadInt(CCsvParser.Get(row, "MEASURE_INTERVAL"), 100),                  ReadInt(CCsvParser.Get(row, "START_DELAY"), 500),                  ReadInt(CCsvParser.Get(row, "COOLING_TIME"), 300),                  ReadDouble(CCsvParser.Get(row, "ROTATOR"), 0.0),                  ReadNullableDouble(CCsvParser.Get(row, "MEASURE_POWER")),                  ReadText(CCsvParser.Get(row, "STATE"), "WAIT")))              .OrderBy	-	열거를 수행하는 호출자 스레드	기존 LINQ 열거 시점	기존 열거 시 호출자에게 전달	낮음	이름 있는 조건/선택 메서드 또는 for/foreach
Lambda	Drilling.File	Drilling.File/JHMI/CPowerMeterFile.cs	221	Drilling.File.JHMI.CPowerMeterFile.WriteSteps(string, System.Collections.Generic.IReadOnlyList<Drilling.Common.Interface.ST_POWER_METER_STEP_DATA>)	steps              .OrderBy	-	열거를 수행하는 호출자 스레드	기존 LINQ 열거 시점	기존 열거 시 호출자에게 전달	낮음	이름 있는 조건/선택 메서드 또는 for/foreach
Lambda	Drilling.File	Drilling.File/JHMI/CPowerMeterFile.cs	222	Drilling.File.JHMI.CPowerMeterFile.WriteSteps(string, System.Collections.Generic.IReadOnlyList<Drilling.Common.Interface.ST_POWER_METER_STEP_DATA>)	steps              .OrderBy(step => step.StepNo)              .Select	-	열거를 수행하는 호출자 스레드	기존 LINQ 열거 시점	기존 열거 시 호출자에게 전달	낮음	이름 있는 조건/선택 메서드 또는 for/foreach
Lambda	Drilling.File	Drilling.File/JHMI/CPowerMeterFile.cs	275	Drilling.File.JHMI.CPowerMeterFile.SelectProcessFile(System.Collections.Generic.IReadOnlyList<string>, string)	files.Any	normalized	열거를 수행하는 호출자 스레드	기존 LINQ 열거 시점	기존 열거 시 호출자에게 전달	중간	이름 있는 조건/선택 메서드 또는 for/foreach
Lambda	Drilling.File	Drilling.File/JHMI/CPowerMeterFile.cs	280	Drilling.File.JHMI.CPowerMeterFile.SelectProcessFile(System.Collections.Generic.IReadOnlyList<string>, string)	files.Any	-	열거를 수행하는 호출자 스레드	기존 LINQ 열거 시점	기존 열거 시 호출자에게 전달	낮음	이름 있는 조건/선택 메서드 또는 for/foreach
Lambda	Drilling.File	Drilling.File/JHMI/CReviewRuleFile.cs	29	Drilling.File.JHMI.CReviewRuleFile.List(System.Threading.CancellationToken)	Directory              .EnumerateFiles(_ruleDirectory, "*.csv")              .Select(Path.GetFileName)              .Where	-	열거를 수행하는 호출자 스레드	기존 LINQ 열거 시점	기존 열거 시 호출자에게 전달	낮음	이름 있는 조건/선택 메서드 또는 for/foreach
Lambda	Drilling.File	Drilling.File/JHMI/CReviewRuleFile.cs	31	Drilling.File.JHMI.CReviewRuleFile.List(System.Threading.CancellationToken)	Directory              .EnumerateFiles(_ruleDirectory, "*.csv")              .Select(Path.GetFileName)              .Where(name => !string.IsNullOrWhiteSpace(name))              .Cast<string>()              .OrderBy	-	열거를 수행하는 호출자 스레드	기존 LINQ 열거 시점	기존 열거 시 호출자에게 전달	낮음	이름 있는 조건/선택 메서드 또는 for/foreach
Lambda	Drilling.File	Drilling.File/JHMI/CReviewRuleFile.cs	91	Drilling.File.JHMI.CReviewRuleFile.Load(string, System.Threading.CancellationToken)	holeKeys                  .Where	-	열거를 수행하는 호출자 스레드	기존 LINQ 열거 시점	기존 열거 시 호출자에게 전달	낮음	이름 있는 조건/선택 메서드 또는 for/foreach
Lambda	Drilling.File	Drilling.File/JHMI/CReviewRuleFile.cs	93	Drilling.File.JHMI.CReviewRuleFile.Load(string, System.Threading.CancellationToken)	holeKeys                  .Where(key => !string.IsNullOrWhiteSpace(key))                  .Distinct(StringComparer.OrdinalIgnoreCase)                  .OrderBy	-	열거를 수행하는 호출자 스레드	기존 LINQ 열거 시점	기존 열거 시 호출자에게 전달	낮음	이름 있는 조건/선택 메서드 또는 for/foreach
Lambda	Drilling.File	Drilling.File/JHMI/CReviewRuleFile.cs	114	Drilling.File.JHMI.CReviewRuleFile.Save(Drilling.Common.Review.ST_REVIEW_RULE_DATA, System.Threading.CancellationToken)	rule.HoleKeys              .Where	-	열거를 수행하는 호출자 스레드	기존 LINQ 열거 시점	기존 열거 시 호출자에게 전달	낮음	이름 있는 조건/선택 메서드 또는 for/foreach
Lambda	Drilling.File	Drilling.File/JHMI/CReviewRuleFile.cs	116	Drilling.File.JHMI.CReviewRuleFile.Save(Drilling.Common.Review.ST_REVIEW_RULE_DATA, System.Threading.CancellationToken)	rule.HoleKeys              .Where(key => !string.IsNullOrWhiteSpace(key))              .Select(CReviewManager.NormalizeHoleKey)              .Where	-	열거를 수행하는 호출자 스레드	기존 LINQ 열거 시점	기존 열거 시 호출자에게 전달	낮음	이름 있는 조건/선택 메서드 또는 for/foreach
Lambda	Drilling.File	Drilling.File/JHMI/CReviewRuleFile.cs	118	Drilling.File.JHMI.CReviewRuleFile.Save(Drilling.Common.Review.ST_REVIEW_RULE_DATA, System.Threading.CancellationToken)	rule.HoleKeys              .Where(key => !string.IsNullOrWhiteSpace(key))              .Select(CReviewManager.NormalizeHoleKey)              .Where(key => !string.IsNullOrWhiteSpace(key))              .Distinct(StringComparer.OrdinalIgnoreCase)              .OrderBy	-	열거를 수행하는 호출자 스레드	기존 LINQ 열거 시점	기존 열거 시 호출자에게 전달	낮음	이름 있는 조건/선택 메서드 또는 for/foreach
SwitchExpression	Drilling.File	Drilling.File/JHMI/CReviewRuleFile.cs	218	Drilling.File.JHMI.CReviewRuleFile.ReadRuleType(string)	ReturnStatement	-	호출자 스레드	기존 식 평가 시점	기존 호출자에게 직접 전달	중간	일반 switch 문과 명시적 return/대입
SwitchExpression	Drilling.File	Drilling.File/JHMI/CReviewRuleFile.cs	232	Drilling.File.JHMI.CReviewRuleFile.ToRuleTypeText(Drilling.Common.Review.EN_REVIEW_RULE_TYPE)	ReturnStatement	-	호출자 스레드	기존 식 평가 시점	기존 호출자에게 직접 전달	중간	일반 switch 문과 명시적 return/대입
Lambda	Drilling.File	Drilling.File/JHMI/CSettingFile.cs	50	Drilling.File.JHMI.CSettingFile.Load(Drilling.Common.Managers.EN_SETTING_TAB, System.Threading.CancellationToken)	LoadFormItems()              .Where	section	열거를 수행하는 호출자 스레드	기존 LINQ 열거 시점	기존 열거 시 호출자에게 전달	중간	이름 있는 조건/선택 메서드 또는 for/foreach
Lambda	Drilling.File	Drilling.File/JHMI/CSettingFile.cs	51	Drilling.File.JHMI.CSettingFile.Load(Drilling.Common.Managers.EN_SETTING_TAB, System.Threading.CancellationToken)	LoadFormItems()              .Where(item => item.Use && item.Tab.Equals(ToTabText(section), StringComparison.OrdinalIgnoreCase))              .OrderBy	-	열거를 수행하는 호출자 스레드	기존 LINQ 열거 시점	기존 열거 시 호출자에게 전달	낮음	이름 있는 조건/선택 메서드 또는 for/foreach
Lambda	Drilling.File	Drilling.File/JHMI/CSettingFile.cs	52	Drilling.File.JHMI.CSettingFile.Load(Drilling.Common.Managers.EN_SETTING_TAB, System.Threading.CancellationToken)	LoadFormItems()              .Where(item => item.Use && item.Tab.Equals(ToTabText(section), StringComparison.OrdinalIgnoreCase))              .OrderBy(item => item.DisplayOrder)              .Select	section,values	열거를 수행하는 호출자 스레드	기존 LINQ 열거 시점	기존 열거 시 호출자에게 전달	중간	이름 있는 조건/선택 메서드 또는 for/foreach
Lambda	Drilling.File	Drilling.File/JHMI/CSettingFile.cs	86	Drilling.File.JHMI.CSettingFile.Save(Drilling.Common.Managers.EN_SETTING_TAB, System.Collections.Generic.IReadOnlyList<Drilling.Common.Managers.ST_SYSTEM_PARAMETER>, System.Threading.CancellationToken)	formItems              .Where	sectionTab	열거를 수행하는 호출자 스레드	기존 LINQ 열거 시점	기존 열거 시 호출자에게 전달	중간	이름 있는 조건/선택 메서드 또는 for/foreach
Lambda	Drilling.File	Drilling.File/JHMI/CSettingFile.cs	88	Drilling.File.JHMI.CSettingFile.Save(Drilling.Common.Managers.EN_SETTING_TAB, System.Collections.Generic.IReadOnlyList<Drilling.Common.Managers.ST_SYSTEM_PARAMETER>, System.Threading.CancellationToken)	formItems              .Where(item => item.Use && item.Tab.Equals(sectionTab, StringComparison.OrdinalIgnoreCase))              .ToDictionary	-	열거를 수행하는 호출자 스레드	기존 LINQ 열거 시점	기존 열거 시 호출자에게 전달	낮음	이름 있는 조건/선택 메서드 또는 for/foreach
Lambda	Drilling.File	Drilling.File/JHMI/CSettingFile.cs	89	Drilling.File.JHMI.CSettingFile.Save(Drilling.Common.Managers.EN_SETTING_TAB, System.Collections.Generic.IReadOnlyList<Drilling.Common.Managers.ST_SYSTEM_PARAMETER>, System.Threading.CancellationToken)	formItems              .Where(item => item.Use && item.Tab.Equals(sectionTab, StringComparison.OrdinalIgnoreCase))              .ToDictionary	values	열거를 수행하는 호출자 스레드	기존 LINQ 열거 시점	기존 열거 시 호출자에게 전달	중간	이름 있는 조건/선택 메서드 또는 for/foreach
Lambda	Drilling.File	Drilling.File/JHMI/CSettingFile.cs	92	Drilling.File.JHMI.CSettingFile.Save(Drilling.Common.Managers.EN_SETTING_TAB, System.Collections.Generic.IReadOnlyList<Drilling.Common.Managers.ST_SYSTEM_PARAMETER>, System.Threading.CancellationToken)	parameters              .Where	-	열거를 수행하는 호출자 스레드	기존 LINQ 열거 시점	기존 열거 시 호출자에게 전달	낮음	이름 있는 조건/선택 메서드 또는 for/foreach
Lambda	Drilling.File	Drilling.File/JHMI/CSettingFile.cs	95	Drilling.File.JHMI.CSettingFile.Save(Drilling.Common.Managers.EN_SETTING_TAB, System.Collections.Generic.IReadOnlyList<Drilling.Common.Managers.ST_SYSTEM_PARAMETER>, System.Threading.CancellationToken)	parameters              .Where(parameter => !string.IsNullOrWhiteSpace(GetParameterKey(parameter)))              .ToDictionary	-	열거를 수행하는 호출자 스레드	기존 LINQ 열거 시점	기존 열거 시 호출자에게 전달	낮음	이름 있는 조건/선택 메서드 또는 for/foreach
Lambda	Drilling.File	Drilling.File/JHMI/CSettingFile.cs	98	Drilling.File.JHMI.CSettingFile.Save(Drilling.Common.Managers.EN_SETTING_TAB, System.Collections.Generic.IReadOnlyList<Drilling.Common.Managers.ST_SYSTEM_PARAMETER>, System.Threading.CancellationToken)	formItems              .Where	sectionTab	열거를 수행하는 호출자 스레드	기존 LINQ 열거 시점	기존 열거 시 호출자에게 전달	중간	이름 있는 조건/선택 메서드 또는 for/foreach
Lambda	Drilling.File	Drilling.File/JHMI/CSettingFile.cs	99	Drilling.File.JHMI.CSettingFile.Save(Drilling.Common.Managers.EN_SETTING_TAB, System.Collections.Generic.IReadOnlyList<Drilling.Common.Managers.ST_SYSTEM_PARAMETER>, System.Threading.CancellationToken)	formItems              .Where(item => item.Use && item.Tab.Equals(sectionTab, StringComparison.OrdinalIgnoreCase))              .OrderBy	-	열거를 수행하는 호출자 스레드	기존 LINQ 열거 시점	기존 열거 시 호출자에게 전달	낮음	이름 있는 조건/선택 메서드 또는 for/foreach
Lambda	Drilling.File	Drilling.File/JHMI/CSettingFile.cs	100	Drilling.File.JHMI.CSettingFile.Save(Drilling.Common.Managers.EN_SETTING_TAB, System.Collections.Generic.IReadOnlyList<Drilling.Common.Managers.ST_SYSTEM_PARAMETER>, System.Threading.CancellationToken)	formItems              .Where(item => item.Use && item.Tab.Equals(sectionTab, StringComparison.OrdinalIgnoreCase))              .OrderBy(item => item.DisplayOrder)              .Select	section,values,editedValues	열거를 수행하는 호출자 스레드	기존 LINQ 열거 시점	기존 열거 시 호출자에게 전달	중간	이름 있는 조건/선택 메서드 또는 for/foreach
Lambda	Drilling.File	Drilling.File/JHMI/CSettingFile.cs	158	Drilling.File.JHMI.CSettingFile.LoadFormItems()	FormHeaders.Select	-	열거를 수행하는 호출자 스레드	기존 LINQ 열거 시점	기존 열거 시 호출자에게 전달	낮음	이름 있는 조건/선택 메서드 또는 for/foreach
Lambda	Drilling.File	Drilling.File/JHMI/CSettingFile.cs	161	Drilling.File.JHMI.CSettingFile.LoadFormItems()	CCsvParser.Read(GetFormPath())              .Select	-	열거를 수행하는 호출자 스레드	기존 LINQ 열거 시점	기존 열거 시 호출자에게 전달	낮음	이름 있는 조건/선택 메서드 또는 for/foreach
Lambda	Drilling.File	Drilling.File/JHMI/CSettingFile.cs	176	Drilling.File.JHMI.CSettingFile.LoadFormItems()	CCsvParser.Read(GetFormPath())              .Select((row, index) => new ST_SETTING_FORM_ITEM(                  NormalizeTab(CCsvParser.Get(row, "TAB")),                  NormalizeSettingText(CCsvParser.Get(row, "GROUP"), "COMMON"),                  CCsvParser.Get(row, "NAME"),                  GetOrDefault(CCsvParser.Get(row, "DISPLAY NAME"), CCsvParser.Get(row, "NAME")),                  ReadDataType(CCsvParser.Get(row, "DATA TYPE")),                  CCsvParser.Get(row, "UNIT"),                  ReadBool(CCsvParser.Get(row, "SHOW"), true),                  ReadBool(CCsvParser.Get(row, "USE"), true),                  CCsvParser.Get(row, "VALUE"),                  ReadDouble(CCsvParser.Get(row, "MIN"), 0.0),                  ReadDouble(CCsvParser.Get(row, "MAX"), 0.0),                  CCsvParser.Get(row, "DESCRIPTION"),                  ReadInt(CCsvParser.Get(row, "ORDER"), index + 1),                  CCsvParser.GetExtra(row, FormHeaders)))              .Where	-	열거를 수행하는 호출자 스레드	기존 LINQ 열거 시점	기존 열거 시 호출자에게 전달	낮음	이름 있는 조건/선택 메서드 또는 for/foreach
Lambda	Drilling.File	Drilling.File/JHMI/CSettingFile.cs	188	Drilling.File.JHMI.CSettingFile.LoadSettingValues()	ValueHeaders.Select	-	열거를 수행하는 호출자 스레드	기존 LINQ 열거 시점	기존 열거 시 호출자에게 전달	낮음	이름 있는 조건/선택 메서드 또는 for/foreach
Lambda	Drilling.File	Drilling.File/JHMI/CSettingFile.cs	192	Drilling.File.JHMI.CSettingFile.LoadSettingValues()	CCsvParser.Read(GetValuePath())              .Where	-	열거를 수행하는 호출자 스레드	기존 LINQ 열거 시점	기존 열거 시 호출자에게 전달	낮음	이름 있는 조건/선택 메서드 또는 for/foreach
Lambda	Drilling.File	Drilling.File/JHMI/CSettingFile.cs	194	Drilling.File.JHMI.CSettingFile.LoadSettingValues()	CCsvParser.Read(GetValuePath())              .Where(row => !string.IsNullOrWhiteSpace(CCsvParser.Get(row, "TAB")) &&                  !string.IsNullOrWhiteSpace(CCsvParser.Get(row, "NAME")))              .GroupBy	-	열거를 수행하는 호출자 스레드	기존 LINQ 열거 시점	기존 열거 시 호출자에게 전달	낮음	이름 있는 조건/선택 메서드 또는 for/foreach
Lambda	Drilling.File	Drilling.File/JHMI/CSettingFile.cs	196	Drilling.File.JHMI.CSettingFile.LoadSettingValues()	CCsvParser.Read(GetValuePath())              .Where(row => !string.IsNullOrWhiteSpace(CCsvParser.Get(row, "TAB")) &&                  !string.IsNullOrWhiteSpace(CCsvParser.Get(row, "NAME")))              .GroupBy(row => CreateKey(CCsvParser.Get(row, "TAB"), CCsvParser.Get(row, "NAME")), StringComparer.OrdinalIgnoreCase)              .ToDictionary	-	열거를 수행하는 호출자 스레드	기존 LINQ 열거 시점	기존 열거 시 호출자에게 전달	낮음	이름 있는 조건/선택 메서드 또는 for/foreach
Lambda	Drilling.File	Drilling.File/JHMI/CSettingFile.cs	197	Drilling.File.JHMI.CSettingFile.LoadSettingValues()	CCsvParser.Read(GetValuePath())              .Where(row => !string.IsNullOrWhiteSpace(CCsvParser.Get(row, "TAB")) &&                  !string.IsNullOrWhiteSpace(CCsvParser.Get(row, "NAME")))              .GroupBy(row => CreateKey(CCsvParser.Get(row, "TAB"), CCsvParser.Get(row, "NAME")), StringComparer.OrdinalIgnoreCase)              .ToDictionary	-	열거를 수행하는 호출자 스레드	기존 LINQ 열거 시점	기존 열거 시 호출자에게 전달	낮음	이름 있는 조건/선택 메서드 또는 for/foreach
Lambda	Drilling.File	Drilling.File/JHMI/CSettingFile.cs	206	Drilling.File.JHMI.CSettingFile.WriteSettingValues(System.Collections.Generic.IReadOnlyList<Drilling.File.JHMI.CSettingFile.ST_SETTING_FORM_ITEM>, System.Collections.Generic.IReadOnlyDictionary<string, string>)	formItems              .Where	-	열거를 수행하는 호출자 스레드	기존 LINQ 열거 시점	기존 열거 시 호출자에게 전달	낮음	이름 있는 조건/선택 메서드 또는 for/foreach
Lambda	Drilling.File	Drilling.File/JHMI/CSettingFile.cs	207	Drilling.File.JHMI.CSettingFile.WriteSettingValues(System.Collections.Generic.IReadOnlyList<Drilling.File.JHMI.CSettingFile.ST_SETTING_FORM_ITEM>, System.Collections.Generic.IReadOnlyDictionary<string, string>)	formItems              .Where(item => item.Use)              .Select	values	열거를 수행하는 호출자 스레드	기존 LINQ 열거 시점	기존 열거 시 호출자에게 전달	중간	이름 있는 조건/선택 메서드 또는 for/foreach
Lambda	Drilling.File	Drilling.File/JHMI/CSettingFile.cs	248	Drilling.File.JHMI.CSettingFile.ValidateSectionParameters(string, System.Collections.Generic.IReadOnlyList<Drilling.Common.Managers.ST_SYSTEM_PARAMETER>, System.Collections.Generic.IReadOnlyList<Drilling.File.JHMI.CSettingFile.ST_SETTING_FORM_ITEM>)	formItems              .Where	sectionTab	열거를 수행하는 호출자 스레드	기존 LINQ 열거 시점	기존 열거 시 호출자에게 전달	중간	이름 있는 조건/선택 메서드 또는 for/foreach
Lambda	Drilling.File	Drilling.File/JHMI/CSettingFile.cs	249	Drilling.File.JHMI.CSettingFile.ValidateSectionParameters(string, System.Collections.Generic.IReadOnlyList<Drilling.Common.Managers.ST_SYSTEM_PARAMETER>, System.Collections.Generic.IReadOnlyList<Drilling.File.JHMI.CSettingFile.ST_SETTING_FORM_ITEM>)	formItems              .Where(item => item.Use && item.Tab.Equals(sectionTab, StringComparison.OrdinalIgnoreCase))              .ToDictionary	-	열거를 수행하는 호출자 스레드	기존 LINQ 열거 시점	기존 열거 시 호출자에게 전달	낮음	이름 있는 조건/선택 메서드 또는 for/foreach
SwitchExpression	Drilling.File	Drilling.File/JHMI/CSettingFile.cs	267	Drilling.File.JHMI.CSettingFile.ValidateSectionParameters(string, System.Collections.Generic.IReadOnlyList<Drilling.Common.Managers.ST_SYSTEM_PARAMETER>, System.Collections.Generic.IReadOnlyList<Drilling.File.JHMI.CSettingFile.ST_SETTING_FORM_ITEM>)	EqualsValueClause	-	호출자 스레드	기존 식 평가 시점	기존 호출자에게 직접 전달	중간	일반 switch 문과 명시적 return/대입
SwitchExpression	Drilling.File	Drilling.File/JHMI/CSettingFile.cs	366	Drilling.File.JHMI.CSettingFile.NormalizeTab(string)	ReturnStatement	-	호출자 스레드	기존 식 평가 시점	기존 호출자에게 직접 전달	중간	일반 switch 문과 명시적 return/대입
SwitchExpression	Drilling.File	Drilling.File/JHMI/CSettingFile.cs	389	Drilling.File.JHMI.CSettingFile.ReadDataType(string)	ReturnStatement	-	호출자 스레드	기존 식 평가 시점	기존 호출자에게 직접 전달	중간	일반 switch 문과 명시적 return/대입
SwitchExpression	Drilling.File	Drilling.File/JHMI/CSettingFile.cs	427	Drilling.File.JHMI.CSettingFile.ToTabText(Drilling.Common.Managers.EN_SETTING_TAB)	ReturnStatement	-	호출자 스레드	기존 식 평가 시점	기존 호출자에게 직접 전달	중간	일반 switch 문과 명시적 return/대입
Lambda	Drilling.File	Drilling.File/Parser/CCsvParser.cs	22	Drilling.File.Parser.CCsvParser.Read(string)	ParseLine(lines[0], path, 1)              .Select	-	열거를 수행하는 호출자 스레드	기존 LINQ 열거 시점	기존 열거 시 호출자에게 전달	낮음	이름 있는 조건/선택 메서드 또는 for/foreach
Lambda	Drilling.File	Drilling.File/Parser/CCsvParser.cs	57	Drilling.File.Parser.CCsvParser.Write(string, System.Collections.Generic.IReadOnlyList<string>, System.Collections.Generic.IEnumerable<System.Collections.Generic.IReadOnlyDictionary<string, string>>)	rowList.SelectMany	-	열거를 수행하는 호출자 스레드	기존 LINQ 열거 시점	기존 열거 시 호출자에게 전달	낮음	이름 있는 조건/선택 메서드 또는 for/foreach
Lambda	Drilling.File	Drilling.File/Parser/CCsvParser.cs	58	Drilling.File.Parser.CCsvParser.Write(string, System.Collections.Generic.IReadOnlyList<string>, System.Collections.Generic.IEnumerable<System.Collections.Generic.IReadOnlyDictionary<string, string>>)	rowList.SelectMany(row => row.Keys)                  .Where	headers	열거를 수행하는 호출자 스레드	기존 LINQ 열거 시점	기존 열거 시 호출자에게 전달	중간	이름 있는 조건/선택 메서드 또는 for/foreach
Lambda	Drilling.File	Drilling.File/Parser/CCsvParser.cs	68	Drilling.File.Parser.CCsvParser.Write(string, System.Collections.Generic.IReadOnlyList<string>, System.Collections.Generic.IEnumerable<System.Collections.Generic.IReadOnlyDictionary<string, string>>)	rowList.Select	outputHeaders,row	열거를 수행하는 호출자 스레드	기존 LINQ 열거 시점	기존 열거 시 호출자에게 전달	중간	이름 있는 조건/선택 메서드 또는 for/foreach
Lambda	Drilling.File	Drilling.File/Parser/CCsvParser.cs	69	lambda expression	outputHeaders.Select	row	열거를 수행하는 호출자 스레드	기존 LINQ 열거 시점	기존 열거 시 호출자에게 전달	중간	이름 있는 조건/선택 메서드 또는 for/foreach
SwitchExpression	Drilling.File	Drilling.File/Parser/CCsvParser.cs	176	Drilling.File.Parser.CCsvParser.ReadBool(string, bool)	ReturnStatement	-	호출자 스레드	기존 식 평가 시점	기존 호출자에게 직접 전달	중간	일반 switch 문과 명시적 return/대입
SwitchExpression	Drilling.File	Drilling.File/Parser/CCsvParser.cs	190	Drilling.File.Parser.CCsvParser.ReadRequiredBool(string, string, int, string)	ReturnStatement	-	호출자 스레드	기존 식 평가 시점	기존 호출자에게 직접 전달	중간	일반 switch 문과 명시적 return/대입
Lambda	Drilling.File	Drilling.File/Parser/CCsvParser.cs	210	Drilling.File.Parser.CCsvParser.ReadHeaders(string)	ParseLine(firstLine, path, 1)                  .Select	-	열거를 수행하는 호출자 스레드	기존 LINQ 열거 시점	기존 열거 시 호출자에게 전달	낮음	이름 있는 조건/선택 메서드 또는 for/foreach
Lambda	Drilling.File	Drilling.File/Parser/CCsvParser.cs	211	Drilling.File.Parser.CCsvParser.ReadHeaders(string)	ParseLine(firstLine, path, 1)                  .Select(header => header.Trim())                  .Where	-	열거를 수행하는 호출자 스레드	기존 LINQ 열거 시점	기존 열거 시 호출자에게 전달	낮음	이름 있는 조건/선택 메서드 또는 for/foreach
Lambda	Drilling.File	Drilling.File/Parser/CCsvParser.cs	242	Drilling.File.Parser.CCsvParser.ValidateRequiredHeaders(string, string, System.Collections.Generic.IEnumerable<System.Collections.Generic.IEnumerable<string>>)	requiredHeaderGroups              .Select	-	열거를 수행하는 호출자 스레드	기존 LINQ 열거 시점	기존 열거 시 호출자에게 전달	낮음	이름 있는 조건/선택 메서드 또는 for/foreach
Lambda	Drilling.File	Drilling.File/Parser/CCsvParser.cs	243	lambda expression	group                  .Where	-	열거를 수행하는 호출자 스레드	기존 LINQ 열거 시점	기존 열거 시 호출자에게 전달	낮음	이름 있는 조건/선택 메서드 또는 for/foreach
Lambda	Drilling.File	Drilling.File/Parser/CCsvParser.cs	244	lambda expression	group                  .Where(header => !string.IsNullOrWhiteSpace(header))                  .Select	-	열거를 수행하는 호출자 스레드	기존 LINQ 열거 시점	기존 열거 시 호출자에게 전달	낮음	이름 있는 조건/선택 메서드 또는 for/foreach
Lambda	Drilling.File	Drilling.File/Parser/CCsvParser.cs	246	Drilling.File.Parser.CCsvParser.ValidateRequiredHeaders(string, string, System.Collections.Generic.IEnumerable<System.Collections.Generic.IEnumerable<string>>)	requiredHeaderGroups              .Select(group => group                  .Where(header => !string.IsNullOrWhiteSpace(header))                  .Select(header => header.Trim())                  .ToArray())              .Where	headerSet	열거를 수행하는 호출자 스레드	기존 LINQ 열거 시점	기존 열거 시 호출자에게 전달	중간	이름 있는 조건/선택 메서드 또는 for/foreach
Lambda	Drilling.File	Drilling.File/Parser/CCsvParser.cs	247	lambda expression	group.Any	headerSet	열거를 수행하는 호출자 스레드	기존 LINQ 열거 시점	기존 열거 시 호출자에게 전달	중간	이름 있는 조건/선택 메서드 또는 for/foreach
Lambda	Drilling.File	Drilling.File/Parser/CCsvParser.cs	248	Drilling.File.Parser.CCsvParser.ValidateRequiredHeaders(string, string, System.Collections.Generic.IEnumerable<System.Collections.Generic.IEnumerable<string>>)	requiredHeaderGroups              .Select(group => group                  .Where(header => !string.IsNullOrWhiteSpace(header))                  .Select(header => header.Trim())                  .ToArray())              .Where(group => group.Length > 0 &&                  !group.Any(header => headerSet.Contains(NormalizeHeader(header))))              .Select	-	열거를 수행하는 호출자 스레드	기존 LINQ 열거 시점	기존 열거 시 호출자에게 전달	낮음	이름 있는 조건/선택 메서드 또는 for/foreach
Lambda	Drilling.File	Drilling.File/Parser/CCsvParser.cs	266	Drilling.File.Parser.CCsvParser.GetExtra(System.Collections.Generic.IReadOnlyDictionary<string, string>, System.Collections.Generic.IEnumerable<string>)	row              .Where	known	열거를 수행하는 호출자 스레드	기존 LINQ 열거 시점	기존 열거 시 호출자에게 전달	중간	이름 있는 조건/선택 메서드 또는 for/foreach
Lambda	Drilling.File	Drilling.File/Parser/CCsvParser.cs	267	Drilling.File.Parser.CCsvParser.GetExtra(System.Collections.Generic.IReadOnlyDictionary<string, string>, System.Collections.Generic.IEnumerable<string>)	row              .Where(item => !known.Contains(item.Key))              .ToDictionary	-	열거를 수행하는 호출자 스레드	기존 LINQ 열거 시점	기존 열거 시 호출자에게 전달	낮음	이름 있는 조건/선택 메서드 또는 for/foreach
Lambda	Drilling.File	Drilling.File/Parser/CCsvParser.cs	267	Drilling.File.Parser.CCsvParser.GetExtra(System.Collections.Generic.IReadOnlyDictionary<string, string>, System.Collections.Generic.IEnumerable<string>)	row              .Where(item => !known.Contains(item.Key))              .ToDictionary	-	열거를 수행하는 호출자 스레드	기존 LINQ 열거 시점	기존 열거 시 호출자에게 전달	낮음	이름 있는 조건/선택 메서드 또는 for/foreach
Lambda	Drilling.File	Drilling.File/Parser/CCsvParser.cs	322	Drilling.File.Parser.CCsvParser.ValidateHeaders(string, System.Collections.Generic.IReadOnlyList<string>)	headers              .Select	-	열거를 수행하는 호출자 스레드	기존 LINQ 열거 시점	기존 열거 시 호출자에게 전달	낮음	이름 있는 조건/선택 메서드 또는 for/foreach
Lambda	Drilling.File	Drilling.File/Parser/CCsvParser.cs	323	Drilling.File.Parser.CCsvParser.ValidateHeaders(string, System.Collections.Generic.IReadOnlyList<string>)	headers              .Select((header, index) => new { Header = header, Index = index + 1 })              .Where	-	열거를 수행하는 호출자 스레드	기존 LINQ 열거 시점	기존 열거 시 호출자에게 전달	낮음	이름 있는 조건/선택 메서드 또는 for/foreach
Lambda	Drilling.File	Drilling.File/Parser/CCsvParser.cs	324	Drilling.File.Parser.CCsvParser.ValidateHeaders(string, System.Collections.Generic.IReadOnlyList<string>)	headers              .Select((header, index) => new { Header = header, Index = index + 1 })              .Where(item => string.IsNullOrWhiteSpace(item.Header))              .Select	-	열거를 수행하는 호출자 스레드	기존 LINQ 열거 시점	기존 열거 시 호출자에게 전달	낮음	이름 있는 조건/선택 메서드 또는 for/foreach
Lambda	Drilling.File	Drilling.File/Parser/CCsvParser.cs	335	Drilling.File.Parser.CCsvParser.ValidateHeaders(string, System.Collections.Generic.IReadOnlyList<string>)	headers              .GroupBy(NormalizeHeader, StringComparer.OrdinalIgnoreCase)              .Where	-	열거를 수행하는 호출자 스레드	기존 LINQ 열거 시점	기존 열거 시 호출자에게 전달	낮음	이름 있는 조건/선택 메서드 또는 for/foreach
Lambda	Drilling.File	Drilling.File/Parser/CCsvParser.cs	336	Drilling.File.Parser.CCsvParser.ValidateHeaders(string, System.Collections.Generic.IReadOnlyList<string>)	headers              .GroupBy(NormalizeHeader, StringComparer.OrdinalIgnoreCase)              .Where(group => group.Count() > 1)              .Select	-	열거를 수행하는 호출자 스레드	기존 LINQ 열거 시점	기존 열거 시 호출자에게 전달	낮음	이름 있는 조건/선택 메서드 또는 for/foreach
Lambda	Drilling.File	Drilling.File/Product/CProductFile.cs	67	Drilling.File.Product.CProductFile.LoadActive(System.Threading.CancellationToken)	rows.FirstOrDefault	-	열거를 수행하는 호출자 스레드	기존 LINQ 열거 시점	기존 열거 시 호출자에게 전달	낮음	이름 있는 조건/선택 메서드 또는 for/foreach
Lambda	Drilling.File	Drilling.File/Product/CProductFile.cs	82	Drilling.File.Product.CProductFile.LoadActive(System.Threading.CancellationToken)	rows              .Where	productId	열거를 수행하는 호출자 스레드	기존 LINQ 열거 시점	기존 열거 시 호출자에게 전달	중간	이름 있는 조건/선택 메서드 또는 for/foreach
Lambda	Drilling.File	Drilling.File/Product/CProductFile.cs	83	Drilling.File.Product.CProductFile.LoadActive(System.Threading.CancellationToken)	rows              .Where(row => IsProductRow(row, productId, "PARAM"))              .GroupBy	-	열거를 수행하는 호출자 스레드	기존 LINQ 열거 시점	기존 열거 시 호출자에게 전달	낮음	이름 있는 조건/선택 메서드 또는 for/foreach
Lambda	Drilling.File	Drilling.File/Product/CProductFile.cs	84	Drilling.File.Product.CProductFile.LoadActive(System.Threading.CancellationToken)	rows              .Where(row => IsProductRow(row, productId, "PARAM"))              .GroupBy(row => CCsvParser.Get(row, "NAME"), StringComparer.OrdinalIgnoreCase)              .Where	-	열거를 수행하는 호출자 스레드	기존 LINQ 열거 시점	기존 열거 시 호출자에게 전달	낮음	이름 있는 조건/선택 메서드 또는 for/foreach
Lambda	Drilling.File	Drilling.File/Product/CProductFile.cs	86	Drilling.File.Product.CProductFile.LoadActive(System.Threading.CancellationToken)	rows              .Where(row => IsProductRow(row, productId, "PARAM"))              .GroupBy(row => CCsvParser.Get(row, "NAME"), StringComparer.OrdinalIgnoreCase)              .Where(group => !string.IsNullOrWhiteSpace(group.Key))              .ToDictionary	-	열거를 수행하는 호출자 스레드	기존 LINQ 열거 시점	기존 열거 시 호출자에게 전달	낮음	이름 있는 조건/선택 메서드 또는 for/foreach
Lambda	Drilling.File	Drilling.File/Product/CProductFile.cs	87	Drilling.File.Product.CProductFile.LoadActive(System.Threading.CancellationToken)	rows              .Where(row => IsProductRow(row, productId, "PARAM"))              .GroupBy(row => CCsvParser.Get(row, "NAME"), StringComparer.OrdinalIgnoreCase)              .Where(group => !string.IsNullOrWhiteSpace(group.Key))              .ToDictionary	-	열거를 수행하는 호출자 스레드	기존 LINQ 열거 시점	기존 열거 시 호출자에게 전달	낮음	이름 있는 조건/선택 메서드 또는 for/foreach
Lambda	Drilling.File	Drilling.File/Product/CProductFile.cs	90	Drilling.File.Product.CProductFile.LoadActive(System.Threading.CancellationToken)	rows              .Where	productId	열거를 수행하는 호출자 스레드	기존 LINQ 열거 시점	기존 열거 시 호출자에게 전달	중간	이름 있는 조건/선택 메서드 또는 for/foreach
Lambda	Drilling.File	Drilling.File/Product/CProductFile.cs	92	Drilling.File.Product.CProductFile.LoadActive(System.Threading.CancellationToken)	rows              .Where(row => IsProductRow(row, productId, "HEAD"))              .Select(ParseHead)              .OrderBy	-	열거를 수행하는 호출자 스레드	기존 LINQ 열거 시점	기존 열거 시 호출자에게 전달	낮음	이름 있는 조건/선택 메서드 또는 for/foreach
Lambda	Drilling.File	Drilling.File/Product/CProductFile.cs	124	Drilling.File.Product.CProductFile.SaveActive(Drilling.Common.Product.ST_PRODUCT_DATA, System.Threading.CancellationToken)	product.Parameters              .OrderBy	-	열거를 수행하는 호출자 스레드	기존 LINQ 열거 시점	기존 열거 시 호출자에게 전달	낮음	이름 있는 조건/선택 메서드 또는 for/foreach
Lambda	Drilling.File	Drilling.File/Product/CProductFile.cs	125	Drilling.File.Product.CProductFile.SaveActive(Drilling.Common.Product.ST_PRODUCT_DATA, System.Threading.CancellationToken)	product.Parameters              .OrderBy(item => item.Key, StringComparer.OrdinalIgnoreCase)              .Select	product	열거를 수행하는 호출자 스레드	기존 LINQ 열거 시점	기존 열거 시 호출자에게 전달	중간	이름 있는 조건/선택 메서드 또는 for/foreach
Lambda	Drilling.File	Drilling.File/Product/CProductFile.cs	127	Drilling.File.Product.CProductFile.SaveActive(Drilling.Common.Product.ST_PRODUCT_DATA, System.Threading.CancellationToken)	product.Heads              .OrderBy	-	열거를 수행하는 호출자 스레드	기존 LINQ 열거 시점	기존 열거 시 호출자에게 전달	낮음	이름 있는 조건/선택 메서드 또는 for/foreach
Lambda	Drilling.File	Drilling.File/Product/CProductFile.cs	128	Drilling.File.Product.CProductFile.SaveActive(Drilling.Common.Product.ST_PRODUCT_DATA, System.Threading.CancellationToken)	product.Heads              .OrderBy(head => head.HeadNo)              .Select	product	열거를 수행하는 호출자 스레드	기존 LINQ 열거 시점	기존 열거 시 호출자에게 전달	중간	이름 있는 조건/선택 메서드 또는 for/foreach
Lambda	Drilling.File	Drilling.File/Product/CProductFile.cs	157	Drilling.File.Product.CProductFile.AppendHeadResults(Drilling.Common.Product.ST_PRODUCT_DATA, System.Threading.CancellationToken)	product.Heads.OrderBy	-	열거를 수행하는 호출자 스레드	기존 LINQ 열거 시점	기존 열거 시 호출자에게 전달	낮음	이름 있는 조건/선택 메서드 또는 for/foreach
Lambda	Drilling.File	Drilling.File/Product/CProductFile.cs	174	Drilling.File.Product.CProductFile.LoadHistory(int, int, System.Threading.CancellationToken)	Enumerable.Range(0, Math.Max(1, days))              .Select	today	열거를 수행하는 호출자 스레드	기존 LINQ 열거 시점	기존 열거 시 호출자에게 전달	중간	이름 있는 조건/선택 메서드 또는 for/foreach
Lambda	Drilling.File	Drilling.File/Product/CProductFile.cs	175	Drilling.File.Product.CProductFile.LoadHistory(int, int, System.Threading.CancellationToken)	Enumerable.Range(0, Math.Max(1, days))              .Select(offset => today.AddDays(-offset))              .Select	this	열거를 수행하는 호출자 스레드	기존 LINQ 열거 시점	기존 열거 시 호출자에게 전달	중간	이름 있는 조건/선택 메서드 또는 for/foreach
Lambda	Drilling.File	Drilling.File/Product/CProductFile.cs	179	Drilling.File.Product.CProductFile.LoadHistory(int, int, System.Threading.CancellationToken)	Enumerable.Range(0, Math.Max(1, days))              .Select(offset => today.AddDays(-offset))              .Select(date => GetHistoryPath(new DateTimeOffset(date)))              .Where(System.IO.File.Exists)              .SelectMany(CCsvParser.Read)              .Select(ParseHistory)              .OrderByDescending	-	열거를 수행하는 호출자 스레드	기존 LINQ 열거 시점	기존 열거 시 호출자에게 전달	낮음	이름 있는 조건/선택 메서드 또는 for/foreach
ExpressionBody	Drilling.File	Drilling.File/ReviewResult/CReviewResultFile.cs	26	Drilling.File.ReviewResult.CReviewResultFile.RootPath.get	PropertyDeclaration	-	호출자 스레드	기존 식 평가 시점	기존 호출자에게 직접 전달	낮음	블록 본문과 명시적 return/get/set
Lambda	Drilling.File	Drilling.File/ReviewResult/CReviewResultFile.cs	37	Drilling.File.ReviewResult.CReviewResultFile.Load(string, System.Threading.CancellationToken)	Headers.Select	-	열거를 수행하는 호출자 스레드	기존 LINQ 열거 시점	기존 열거 시 호출자에게 전달	낮음	이름 있는 조건/선택 메서드 또는 for/foreach
Lambda	Drilling.File	Drilling.File/ReviewResult/CReviewResultFile.cs	46	Drilling.File.ReviewResult.CReviewResultFile.Load(string, System.Threading.CancellationToken)	sourceRows              .Select	-	열거를 수행하는 호출자 스레드	기존 LINQ 열거 시점	기존 열거 시 호출자에게 전달	낮음	이름 있는 조건/선택 메서드 또는 for/foreach
Lambda	Drilling.File	Drilling.File/ReviewResult/CReviewResultFile.cs	49	Drilling.File.ReviewResult.CReviewResultFile.Load(string, System.Threading.CancellationToken)	rows              .Select	-	열거를 수행하는 호출자 스레드	기존 LINQ 열거 시점	기존 열거 시 호출자에게 전달	낮음	이름 있는 조건/선택 메서드 또는 for/foreach
Lambda	Drilling.File	Drilling.File/ReviewResult/CReviewResultFile.cs	64	Drilling.File.ReviewResult.CReviewResultFile.Load(string, System.Threading.CancellationToken)	rows.Max	-	호출자 스레드	기존 식 평가 시점	기존 호출자에게 직접 전달	낮음	이름 있는 메서드 또는 명시적 반복문
Lambda	Drilling.File	Drilling.File/ReviewResult/CReviewResultFile.cs	81	Drilling.File.ReviewResult.CReviewResultFile.Save(Drilling.Common.Review.ST_REVIEW_RESULT_DATA, System.Threading.CancellationToken)	rows.Select	result	열거를 수행하는 호출자 스레드	기존 LINQ 열거 시점	기존 열거 시 호출자에게 전달	중간	이름 있는 조건/선택 메서드 또는 for/foreach
Lambda	Drilling.File	Drilling.File/ReviewResult/CReviewResultFile.cs	198	Drilling.File.ReviewResult.CReviewResultFile.SanitizeFileName(string)	value              .Select	invalidChars	열거를 수행하는 호출자 스레드	기존 LINQ 열거 시점	기존 열거 시 호출자에게 전달	중간	이름 있는 조건/선택 메서드 또는 for/foreach
ExpressionBody	Drilling.File	Drilling.File/Script/CAutomation1ScriptFile.cs	23	Drilling.File.Script.CAutomation1ScriptFile.ScriptFileName.get	PropertyDeclaration	-	호출자 스레드	기존 식 평가 시점	기존 호출자에게 직접 전달	낮음	블록 본문과 명시적 return/get/set
Lambda	Drilling.File	Drilling.File/Script/CAutomation1ScriptFile.cs	54	Drilling.File.Script.CAutomation1ScriptFile.Build(Drilling.Common.Station.ST_PROCESS_MODEL, string, System.Threading.CancellationToken)	processModel.Heads.Where	-	열거를 수행하는 호출자 스레드	기존 LINQ 열거 시점	기존 열거 시 호출자에게 전달	낮음	이름 있는 조건/선택 메서드 또는 for/foreach
Lambda	Drilling.File	Drilling.File/Script/CAutomation1ScriptFile.cs	81	Drilling.File.Script.CAutomation1ScriptFile.Build(Drilling.Common.Station.ST_PROCESS_MODEL, string, System.Threading.CancellationToken)	headScripts.Sum	-	호출자 스레드	기존 식 평가 시점	기존 호출자에게 직접 전달	낮음	이름 있는 메서드 또는 명시적 반복문
Lambda	Drilling.File	Drilling.File/Script/CAutomation1ScriptFile.cs	332	Drilling.File.Script.CAutomation1ScriptFile.AppendHeadHoleList(System.Collections.Generic.List<string>, Drilling.Common.Station.ST_HEAD_PROCESS_DATA)	head.ProcessPoints.GroupBy	-	열거를 수행하는 호출자 스레드	기존 LINQ 열거 시점	기존 열거 시 호출자에게 전달	낮음	이름 있는 조건/선택 메서드 또는 for/foreach
Lambda	Drilling.File	Drilling.File/Script/CAutomation1ScriptFile.cs	332	Drilling.File.Script.CAutomation1ScriptFile.AppendHeadHoleList(System.Collections.Generic.List<string>, Drilling.Common.Station.ST_HEAD_PROCESS_DATA)	head.ProcessPoints.GroupBy(point => point.CellNo).OrderBy	-	열거를 수행하는 호출자 스레드	기존 LINQ 열거 시점	기존 열거 시 호출자에게 전달	낮음	이름 있는 조건/선택 메서드 또는 for/foreach
Lambda	Drilling.File	Drilling.File/Script/CAutomation1ScriptFile.cs	628	Drilling.File.Script.CAutomation1ScriptFile.ReadDelaySeconds(System.Collections.Generic.IReadOnlyDictionary<string, string>, double, params string[])	keys.Where	-	열거를 수행하는 호출자 스레드	기존 LINQ 열거 시점	기존 열거 시 호출자에게 전달	낮음	이름 있는 조건/선택 메서드 또는 for/foreach
Lambda	Drilling.File	Drilling.File/Script/CAutomation1ScriptFile.cs	650	Drilling.File.Script.CAutomation1ScriptFile.CreateHeadKeys(int, params string[])	names              .Select	headNo	열거를 수행하는 호출자 스레드	기존 LINQ 열거 시점	기존 열거 시 호출자에게 전달	중간	이름 있는 조건/선택 메서드 또는 for/foreach
Lambda	Drilling.File	Drilling.File/Script/CAutomation1ScriptFile.cs	659	Drilling.File.Script.CAutomation1ScriptFile.ReadText(System.Collections.Generic.IReadOnlyDictionary<string, string>, string, System.Collections.Generic.IEnumerable<string>)	keys.Where	-	열거를 수행하는 호출자 스레드	기존 LINQ 열거 시점	기존 열거 시 호출자에게 전달	낮음	이름 있는 조건/선택 메서드 또는 for/foreach
Lambda	Drilling.File	Drilling.File/Script/CAutomation1ScriptFile.cs	684	Drilling.File.Script.CAutomation1ScriptFile.ReadDouble(System.Collections.Generic.IReadOnlyDictionary<string, string>, double, System.Collections.Generic.IEnumerable<string>)	keys.Where	-	열거를 수행하는 호출자 스레드	기존 LINQ 열거 시점	기존 열거 시 호출자에게 전달	낮음	이름 있는 조건/선택 메서드 또는 for/foreach
Lambda	Drilling.File	Drilling.File/Script/CAutomation1ScriptFile.cs	709	Drilling.File.Script.CAutomation1ScriptFile.ReadInt(System.Collections.Generic.IReadOnlyDictionary<string, string>, int, System.Collections.Generic.IEnumerable<string>)	keys.Where	-	열거를 수행하는 호출자 스레드	기존 LINQ 열거 시점	기존 열거 시 호출자에게 전달	낮음	이름 있는 조건/선택 메서드 또는 for/foreach
Lambda	Drilling.File	Drilling.File/Script/CAutomation1ScriptFile.cs	734	Drilling.File.Script.CAutomation1ScriptFile.ReadBool(System.Collections.Generic.IReadOnlyDictionary<string, string>, bool, System.Collections.Generic.IEnumerable<string>)	keys.Where	-	열거를 수행하는 호출자 스레드	기존 LINQ 열거 시점	기존 열거 시 호출자에게 전달	낮음	이름 있는 조건/선택 메서드 또는 for/foreach
ExpressionBody	Drilling.File	Drilling.File/Script/CAutomation1ScriptFile.cs	822	Drilling.File.Script.CAutomation1ScriptFile.CAutomation1Script.FilePath.get	PropertyDeclaration	-	호출자 스레드	기존 식 평가 시점	기존 호출자에게 직접 전달	낮음	블록 본문과 명시적 return/get/set
ExpressionBody	Drilling.File	Drilling.File/Script/CAutomation1ScriptFile.cs	824	Drilling.File.Script.CAutomation1ScriptFile.CAutomation1Script.Lines.get	PropertyDeclaration	-	호출자 스레드	기존 식 평가 시점	기존 호출자에게 직접 전달	낮음	블록 본문과 명시적 return/get/set
Lambda	Drilling.UI	Drilling.UI/CApp.xaml.cs	56	Drilling.UI.CApp.RegisterExceptionHandlers()	event:DispatcherUnhandledException	-	이벤트 발생 스레드	기존 이벤트 발생 시점	기존 이벤트 디스패치 경로	높음	이름 있는 이벤트 처리 메서드
Lambda	Drilling.UI	Drilling.UI/CApp.xaml.cs	61	Drilling.UI.CApp.RegisterExceptionHandlers()	event:AppDomain.CurrentDomain.UnhandledException	-	이벤트 발생 스레드	기존 이벤트 발생 시점	기존 이벤트 디스패치 경로	높음	이름 있는 이벤트 처리 메서드
Lambda	Drilling.UI	Drilling.UI/CApp.xaml.cs	69	Drilling.UI.CApp.RegisterExceptionHandlers()	event:TaskScheduler.UnobservedTaskException	-	이벤트 발생 스레드	기존 이벤트 발생 시점	기존 이벤트 디스패치 경로	높음	이름 있는 이벤트 처리 메서드
Lambda	Drilling.UI	Drilling.UI/CApp.xaml.cs	81	Drilling.UI.CApp.ConfigureMainWindowBounds(System.Windows.Window)	event:_monitorFitTimer.Tick	this,window	이벤트 발생 스레드	기존 이벤트 발생 시점	기존 이벤트 디스패치 경로	높음	이름 있는 이벤트 처리 메서드
Lambda	Drilling.UI	Drilling.UI/CApp.xaml.cs	94	Drilling.UI.CApp.ConfigureMainWindowBounds(System.Windows.Window)	event:window.SourceInitialized	this,window	이벤트 발생 스레드	기존 이벤트 발생 시점	기존 이벤트 디스패치 경로	높음	이름 있는 이벤트 처리 메서드
Lambda	Drilling.UI	Drilling.UI/CApp.xaml.cs	95	Drilling.UI.CApp.ConfigureMainWindowBounds(System.Windows.Window)	event:window.LocationChanged	this,window	이벤트 발생 스레드	기존 이벤트 발생 시점	기존 이벤트 디스패치 경로	높음	이름 있는 이벤트 처리 메서드
Lambda	Drilling.UI	Drilling.UI/CApp.xaml.cs	96	Drilling.UI.CApp.ConfigureMainWindowBounds(System.Windows.Window)	event:window.StateChanged	this,window	이벤트 발생 스레드	기존 이벤트 발생 시점	기존 이벤트 디스패치 경로	높음	이름 있는 이벤트 처리 메서드
Lambda	Drilling.UI	Drilling.UI/CAppStartup.cs	42	Drilling.UI.CAppStartup.CreateMainViewModel()	Task.Run	manager,lastLoggedStartupOrder	기존 작업/스레드/타이머 실행 스레드	기존 작업 예약 또는 타이머 발생 시점	기존 Task/스레드 경로 유지	높음	이름 있는 작업/스레드 콜백
Lambda	Drilling.UI	Drilling.UI/CAppStartup.cs	85	Drilling.UI.CAppStartup.WriteManagerStartupStatus(Drilling.Common.Managers.CManager, string, int)	status.StartupSteps              .Where	afterOrder	열거를 수행하는 호출자 스레드	기존 LINQ 열거 시점	기존 열거 시 호출자에게 전달	중간	이름 있는 조건/선택 메서드 또는 for/foreach
Lambda	Drilling.UI	Drilling.UI/CAppStartup.cs	86	Drilling.UI.CAppStartup.WriteManagerStartupStatus(Drilling.Common.Managers.CManager, string, int)	status.StartupSteps              .Where(step => step.Order > afterOrder)              .OrderBy	-	열거를 수행하는 호출자 스레드	기존 LINQ 열거 시점	기존 열거 시 호출자에게 전달	낮음	이름 있는 조건/선택 메서드 또는 for/foreach
Lambda	Drilling.UI	Drilling.UI/CAppStartup.cs	123	Drilling.UI.CAppStartup.WriteManagerStartupStatus(Drilling.Common.Managers.CManager, string, int)	status.StartupSteps.Max	-	호출자 스레드	기존 식 평가 시점	기존 호출자에게 직접 전달	낮음	이름 있는 메서드 또는 명시적 반복문
Lambda	Drilling.UI	Drilling.UI/CAppStartup.cs	152	Drilling.UI.CAppStartup.GetScriptDirectory(string, Drilling.File.JHMI.CSettingFile)	settingFile              .Load(EN_SETTING_TAB.Option)              .GetAwaiter()              .GetResult()              .FirstOrDefault	-	열거를 수행하는 호출자 스레드	기존 LINQ 열거 시점	기존 열거 시 호출자에게 전달	낮음	이름 있는 조건/선택 메서드 또는 for/foreach
ExpressionBody	Drilling.UI	Drilling.UI/CPreviewCoordinateConverter.cs	44	Drilling.UI.CPreviewCoordinateConverter.ConvertBack(object, System.Type[], object, System.Globalization.CultureInfo)	MethodDeclaration	-	호출자 스레드	기존 식 평가 시점	기존 호출자에게 직접 전달	낮음	블록 본문과 명시적 return/get/set
Lambda	Drilling.UI	Drilling.UI/CRootView.cs	120	Drilling.UI.CRootView.CRootView(Drilling.Common.Managers.CManager, Drilling.Common.Station.IStationManager, Drilling.Common.Interface.IInterfaceManager, Drilling.Common.Motion.IMotionManager, Drilling.Common.Alarm.CAlarmManager, Drilling.Common.InterLock.CInterLockManager, Drilling.Common.Managers.IManualScanFile, Drilling.Common.Managers.IRecipeManager, Drilling.Common.Managers.ISettingManager, Drilling.Common.Product.IProductManager, Drilling.Common.Review.IReviewManager, Drilling.Common.Review.IReviewRuleFile, Drilling.Common.Station.IAutomationScriptFile)	OperatorMenus.Select	-	열거를 수행하는 호출자 스레드	기존 LINQ 열거 시점	기존 열거 시 호출자에게 전달	낮음	이름 있는 조건/선택 메서드 또는 for/foreach
Lambda	Drilling.UI	Drilling.UI/CRootView.cs	128	Drilling.UI.CRootView.CRootView(Drilling.Common.Managers.CManager, Drilling.Common.Station.IStationManager, Drilling.Common.Interface.IInterfaceManager, Drilling.Common.Motion.IMotionManager, Drilling.Common.Alarm.CAlarmManager, Drilling.Common.InterLock.CInterLockManager, Drilling.Common.Managers.IManualScanFile, Drilling.Common.Managers.IRecipeManager, Drilling.Common.Managers.ISettingManager, Drilling.Common.Product.IProductManager, Drilling.Common.Review.IReviewManager, Drilling.Common.Review.IReviewRuleFile, Drilling.Common.Station.IAutomationScriptFile)	Argument	this	호출자 스레드	기존 식 평가 시점	기존 호출자에게 직접 전달	중간	이름 있는 메서드 또는 명시적 반복문
Lambda	Drilling.UI	Drilling.UI/CRootView.cs	128	Drilling.UI.CRootView.CRootView(Drilling.Common.Managers.CManager, Drilling.Common.Station.IStationManager, Drilling.Common.Interface.IInterfaceManager, Drilling.Common.Motion.IMotionManager, Drilling.Common.Alarm.CAlarmManager, Drilling.Common.InterLock.CInterLockManager, Drilling.Common.Managers.IManualScanFile, Drilling.Common.Managers.IRecipeManager, Drilling.Common.Managers.ISettingManager, Drilling.Common.Product.IProductManager, Drilling.Common.Review.IReviewManager, Drilling.Common.Review.IReviewRuleFile, Drilling.Common.Station.IAutomationScriptFile)	Argument	this	호출자 스레드	기존 식 평가 시점	기존 호출자에게 직접 전달	중간	이름 있는 메서드 또는 명시적 반복문
Lambda	Drilling.UI	Drilling.UI/CRootView.cs	129	Drilling.UI.CRootView.CRootView(Drilling.Common.Managers.CManager, Drilling.Common.Station.IStationManager, Drilling.Common.Interface.IInterfaceManager, Drilling.Common.Motion.IMotionManager, Drilling.Common.Alarm.CAlarmManager, Drilling.Common.InterLock.CInterLockManager, Drilling.Common.Managers.IManualScanFile, Drilling.Common.Managers.IRecipeManager, Drilling.Common.Managers.ISettingManager, Drilling.Common.Product.IProductManager, Drilling.Common.Review.IReviewManager, Drilling.Common.Review.IReviewRuleFile, Drilling.Common.Station.IAutomationScriptFile)	Argument	this	호출자 스레드	기존 식 평가 시점	기존 호출자에게 직접 전달	중간	이름 있는 메서드 또는 명시적 반복문
Lambda	Drilling.UI	Drilling.UI/CRootView.cs	129	Drilling.UI.CRootView.CRootView(Drilling.Common.Managers.CManager, Drilling.Common.Station.IStationManager, Drilling.Common.Interface.IInterfaceManager, Drilling.Common.Motion.IMotionManager, Drilling.Common.Alarm.CAlarmManager, Drilling.Common.InterLock.CInterLockManager, Drilling.Common.Managers.IManualScanFile, Drilling.Common.Managers.IRecipeManager, Drilling.Common.Managers.ISettingManager, Drilling.Common.Product.IProductManager, Drilling.Common.Review.IReviewManager, Drilling.Common.Review.IReviewRuleFile, Drilling.Common.Station.IAutomationScriptFile)	Argument	this	호출자 스레드	기존 식 평가 시점	기존 호출자에게 직접 전달	중간	이름 있는 메서드 또는 명시적 반복문
Lambda	Drilling.UI	Drilling.UI/CRootView.cs	130	Drilling.UI.CRootView.CRootView(Drilling.Common.Managers.CManager, Drilling.Common.Station.IStationManager, Drilling.Common.Interface.IInterfaceManager, Drilling.Common.Motion.IMotionManager, Drilling.Common.Alarm.CAlarmManager, Drilling.Common.InterLock.CInterLockManager, Drilling.Common.Managers.IManualScanFile, Drilling.Common.Managers.IRecipeManager, Drilling.Common.Managers.ISettingManager, Drilling.Common.Product.IProductManager, Drilling.Common.Review.IReviewManager, Drilling.Common.Review.IReviewRuleFile, Drilling.Common.Station.IAutomationScriptFile)	Argument	this	호출자 스레드	기존 식 평가 시점	기존 호출자에게 직접 전달	중간	이름 있는 메서드 또는 명시적 반복문
Lambda	Drilling.UI	Drilling.UI/CRootView.cs	130	Drilling.UI.CRootView.CRootView(Drilling.Common.Managers.CManager, Drilling.Common.Station.IStationManager, Drilling.Common.Interface.IInterfaceManager, Drilling.Common.Motion.IMotionManager, Drilling.Common.Alarm.CAlarmManager, Drilling.Common.InterLock.CInterLockManager, Drilling.Common.Managers.IManualScanFile, Drilling.Common.Managers.IRecipeManager, Drilling.Common.Managers.ISettingManager, Drilling.Common.Product.IProductManager, Drilling.Common.Review.IReviewManager, Drilling.Common.Review.IReviewRuleFile, Drilling.Common.Station.IAutomationScriptFile)	Argument	this	호출자 스레드	기존 식 평가 시점	기존 호출자에게 직접 전달	중간	이름 있는 메서드 또는 명시적 반복문
Lambda	Drilling.UI	Drilling.UI/CRootView.cs	132	Drilling.UI.CRootView.CRootView(Drilling.Common.Managers.CManager, Drilling.Common.Station.IStationManager, Drilling.Common.Interface.IInterfaceManager, Drilling.Common.Motion.IMotionManager, Drilling.Common.Alarm.CAlarmManager, Drilling.Common.InterLock.CInterLockManager, Drilling.Common.Managers.IManualScanFile, Drilling.Common.Managers.IRecipeManager, Drilling.Common.Managers.ISettingManager, Drilling.Common.Product.IProductManager, Drilling.Common.Review.IReviewManager, Drilling.Common.Review.IReviewRuleFile, Drilling.Common.Station.IAutomationScriptFile)	Argument	this	호출자 스레드	기존 식 평가 시점	기존 호출자에게 직접 전달	중간	이름 있는 메서드 또는 명시적 반복문
Lambda	Drilling.UI	Drilling.UI/CRootView.cs	133	Drilling.UI.CRootView.CRootView(Drilling.Common.Managers.CManager, Drilling.Common.Station.IStationManager, Drilling.Common.Interface.IInterfaceManager, Drilling.Common.Motion.IMotionManager, Drilling.Common.Alarm.CAlarmManager, Drilling.Common.InterLock.CInterLockManager, Drilling.Common.Managers.IManualScanFile, Drilling.Common.Managers.IRecipeManager, Drilling.Common.Managers.ISettingManager, Drilling.Common.Product.IProductManager, Drilling.Common.Review.IReviewManager, Drilling.Common.Review.IReviewRuleFile, Drilling.Common.Station.IAutomationScriptFile)	Argument	this	호출자 스레드	기존 식 평가 시점	기존 호출자에게 직접 전달	중간	이름 있는 메서드 또는 명시적 반복문
Lambda	Drilling.UI	Drilling.UI/CRootView.cs	134	Drilling.UI.CRootView.CRootView(Drilling.Common.Managers.CManager, Drilling.Common.Station.IStationManager, Drilling.Common.Interface.IInterfaceManager, Drilling.Common.Motion.IMotionManager, Drilling.Common.Alarm.CAlarmManager, Drilling.Common.InterLock.CInterLockManager, Drilling.Common.Managers.IManualScanFile, Drilling.Common.Managers.IRecipeManager, Drilling.Common.Managers.ISettingManager, Drilling.Common.Product.IProductManager, Drilling.Common.Review.IReviewManager, Drilling.Common.Review.IReviewRuleFile, Drilling.Common.Station.IAutomationScriptFile)	Argument	this	호출자 스레드	기존 식 평가 시점	기존 호출자에게 직접 전달	중간	이름 있는 메서드 또는 명시적 반복문
ExpressionBody	Drilling.UI	Drilling.UI/CRootView.cs	162	Drilling.UI.CRootView.SelectedMenu.get	GetAccessorDeclaration	-	호출자 스레드	기존 식 평가 시점	기존 호출자에게 직접 전달	낮음	블록 본문과 명시적 return/get/set
ExpressionBody	Drilling.UI	Drilling.UI/CRootView.cs	188	Drilling.UI.CRootView.CurrentScreen.get	GetAccessorDeclaration	-	호출자 스레드	기존 식 평가 시점	기존 호출자에게 직접 전달	낮음	블록 본문과 명시적 return/get/set
ExpressionBody	Drilling.UI	Drilling.UI/CRootView.cs	189	Drilling.UI.CRootView.CurrentScreen.set	SetAccessorDeclaration	-	호출자 스레드	기존 식 평가 시점	기존 호출자에게 직접 전달	낮음	블록 본문과 명시적 return/get/set
ExpressionBody	Drilling.UI	Drilling.UI/CRootView.cs	194	Drilling.UI.CRootView.StatusMessage.get	GetAccessorDeclaration	-	호출자 스레드	기존 식 평가 시점	기존 호출자에게 직접 전달	낮음	블록 본문과 명시적 return/get/set
ExpressionBody	Drilling.UI	Drilling.UI/CRootView.cs	195	Drilling.UI.CRootView.StatusMessage.set	SetAccessorDeclaration	-	호출자 스레드	기존 식 평가 시점	기존 호출자에게 직접 전달	낮음	블록 본문과 명시적 return/get/set
ExpressionBody	Drilling.UI	Drilling.UI/CRootView.cs	200	Drilling.UI.CRootView.CurrentDateText.get	GetAccessorDeclaration	-	호출자 스레드	기존 식 평가 시점	기존 호출자에게 직접 전달	낮음	블록 본문과 명시적 return/get/set
ExpressionBody	Drilling.UI	Drilling.UI/CRootView.cs	201	Drilling.UI.CRootView.CurrentDateText.set	SetAccessorDeclaration	-	호출자 스레드	기존 식 평가 시점	기존 호출자에게 직접 전달	낮음	블록 본문과 명시적 return/get/set
ExpressionBody	Drilling.UI	Drilling.UI/CRootView.cs	206	Drilling.UI.CRootView.CurrentTimeText.get	GetAccessorDeclaration	-	호출자 스레드	기존 식 평가 시점	기존 호출자에게 직접 전달	낮음	블록 본문과 명시적 return/get/set
ExpressionBody	Drilling.UI	Drilling.UI/CRootView.cs	207	Drilling.UI.CRootView.CurrentTimeText.set	SetAccessorDeclaration	-	호출자 스레드	기존 식 평가 시점	기존 호출자에게 직접 전달	낮음	블록 본문과 명시적 return/get/set
ExpressionBody	Drilling.UI	Drilling.UI/CRootView.cs	210	Drilling.UI.CRootView.CurrentUserText.get	PropertyDeclaration	-	호출자 스레드	기존 식 평가 시점	기존 호출자에게 직접 전달	낮음	블록 본문과 명시적 return/get/set
ExpressionBody	Drilling.UI	Drilling.UI/CRootView.cs	214	Drilling.UI.CRootView.ThemeToggleText.get	PropertyDeclaration	-	호출자 스레드	기존 식 평가 시점	기존 호출자에게 직접 전달	낮음	블록 본문과 명시적 return/get/set
ExpressionBody	Drilling.UI	Drilling.UI/CRootView.cs	218	Drilling.UI.CRootView.ThemeModeText.get	PropertyDeclaration	-	호출자 스레드	기존 식 평가 시점	기존 호출자에게 직접 전달	낮음	블록 본문과 명시적 return/get/set
ExpressionBody	Drilling.UI	Drilling.UI/CRootView.cs	232	Drilling.UI.CRootView.CanSelectHead.get	PropertyDeclaration	-	호출자 스레드	기존 식 평가 시점	기존 호출자에게 직접 전달	낮음	블록 본문과 명시적 return/get/set
Lambda	Drilling.UI	Drilling.UI/CRootView.cs	517	Drilling.UI.CRootView.QueueStationStateLog(string, string, string)	Task.Run	stateName,action,detail,logManager	기존 작업/스레드/타이머 실행 스레드	기존 작업 예약 또는 타이머 발생 시점	기존 Task/스레드 경로 유지	높음	이름 있는 작업/스레드 콜백
Lambda	Drilling.UI	Drilling.UI/CRootView.cs	638	Drilling.UI.CRootView.CreateHeaderStatusItems()	HeaderModules.Select	this,status,module	열거를 수행하는 호출자 스레드	기존 LINQ 열거 시점	기존 열거 시 호출자에게 전달	중간	이름 있는 조건/선택 메서드 또는 for/foreach
Lambda	Drilling.UI	Drilling.UI/CRootView.cs	660	Drilling.UI.CRootView.CreateFooterStatusItems(Drilling.UI.Menu.Menus.EN_MENU)	.AllManagedItems.Any	-	열거를 수행하는 호출자 스레드	기존 LINQ 열거 시점	기존 열거 시 호출자에게 전달	낮음	이름 있는 조건/선택 메서드 또는 for/foreach
Lambda	Drilling.UI	Drilling.UI/CRootView.cs	672	Drilling.UI.CRootView.CreateFooterStatusItems(Drilling.UI.Menu.Menus.EN_MENU)	.AllParameterRows.Count	-	열거를 수행하는 호출자 스레드	기존 LINQ 열거 시점	기존 열거 시 호출자에게 전달	낮음	이름 있는 조건/선택 메서드 또는 for/foreach
Lambda	Drilling.UI	Drilling.UI/CRootView.cs	771	Drilling.UI.CRootView.FindSelectedRecipe(System.Collections.Generic.IReadOnlyList<Drilling.Common.Managers.ST_RECIPE_DATA>)	recipes.FirstOrDefault	this	열거를 수행하는 호출자 스레드	기존 LINQ 열거 시점	기존 열거 시 호출자에게 전달	중간	이름 있는 조건/선택 메서드 또는 for/foreach
Lambda	Drilling.UI	Drilling.UI/CRootView.cs	780	Drilling.UI.CRootView.FindSelectedRecipe(System.Collections.Generic.IReadOnlyList<Drilling.Common.Managers.ST_RECIPE_DATA>)	recipes.FirstOrDefault	-	열거를 수행하는 호출자 스레드	기존 LINQ 열거 시점	기존 열거 시 호출자에게 전달	낮음	이름 있는 조건/선택 메서드 또는 for/foreach
Lambda	Drilling.UI	Drilling.UI/CRootView.cs	788	Drilling.UI.CRootView.CreateProcessParameters(Drilling.Common.Managers.ST_RECIPE_DATA?)	.Parameters              .Where	-	열거를 수행하는 호출자 스레드	기존 LINQ 열거 시점	기존 열거 시 호출자에게 전달	낮음	이름 있는 조건/선택 메서드 또는 for/foreach
Lambda	Drilling.UI	Drilling.UI/CRootView.cs	789	Drilling.UI.CRootView.CreateProcessParameters(Drilling.Common.Managers.ST_RECIPE_DATA?)	.Parameters              .Where(parameter => !string.IsNullOrWhiteSpace(parameter.Key))              .GroupBy	-	열거를 수행하는 호출자 스레드	기존 LINQ 열거 시점	기존 열거 시 호출자에게 전달	낮음	이름 있는 조건/선택 메서드 또는 for/foreach
Lambda	Drilling.UI	Drilling.UI/CRootView.cs	791	Drilling.UI.CRootView.CreateProcessParameters(Drilling.Common.Managers.ST_RECIPE_DATA?)	.Parameters              .Where(parameter => !string.IsNullOrWhiteSpace(parameter.Key))              .GroupBy(parameter => parameter.Key, StringComparer.OrdinalIgnoreCase)              .ToDictionary	-	열거를 수행하는 호출자 스레드	기존 LINQ 열거 시점	기존 열거 시 호출자에게 전달	낮음	이름 있는 조건/선택 메서드 또는 for/foreach
Lambda	Drilling.UI	Drilling.UI/CRootView.cs	792	Drilling.UI.CRootView.CreateProcessParameters(Drilling.Common.Managers.ST_RECIPE_DATA?)	.Parameters              .Where(parameter => !string.IsNullOrWhiteSpace(parameter.Key))              .GroupBy(parameter => parameter.Key, StringComparer.OrdinalIgnoreCase)              .ToDictionary	-	열거를 수행하는 호출자 스레드	기존 LINQ 열거 시점	기존 열거 시 호출자에게 전달	낮음	이름 있는 조건/선택 메서드 또는 for/foreach
SwitchExpression	Drilling.UI	Drilling.UI/CRootView.cs	822	Drilling.UI.CRootView.SelectHead(object?)	EqualsValueClause	-	호출자 스레드	기존 식 평가 시점	기존 호출자에게 직접 전달	중간	일반 switch 문과 명시적 return/대입
SwitchExpression	Drilling.UI	Drilling.UI/CRootView.cs	867	Drilling.UI.CRootView.TogglePreviewHead(object?)	EqualsValueClause	-	호출자 스레드	기존 식 평가 시점	기존 호출자에게 직접 전달	중간	일반 switch 문과 명시적 return/대입
Lambda	Drilling.UI	Drilling.UI/CRootView.cs	893	Drilling.UI.CRootView.UpdatePreviewHeadStatusMessage()	_selectedPreviewHeadNos.OrderBy	-	열거를 수행하는 호출자 스레드	기존 LINQ 열거 시점	기존 열거 시 호출자에게 전달	낮음	이름 있는 조건/선택 메서드 또는 for/foreach
Lambda	Drilling.UI	Drilling.UI/CRootView.cs	893	Drilling.UI.CRootView.UpdatePreviewHeadStatusMessage()	_selectedPreviewHeadNos.OrderBy(value => value).Select	-	열거를 수행하는 호출자 스레드	기존 LINQ 열거 시점	기존 열거 시 호출자에게 전달	낮음	이름 있는 조건/선택 메서드 또는 for/foreach
Lambda	Drilling.UI	Drilling.UI/CRootView.cs	903	Drilling.UI.CRootView.StartClock()	event:timer.Tick	this	이벤트 발생 스레드	기존 이벤트 발생 시점	기존 이벤트 디스패치 경로	높음	이름 있는 이벤트 처리 메서드
Lambda	Drilling.UI	Drilling.UI/CRootView.cs	970	Drilling.UI.CRootView.CreateMenus(Drilling.Common.Station.IStationManager, Drilling.Common.Interface.IInterfaceManager, Drilling.Common.Motion.IMotionManager, Drilling.Common.Alarm.CAlarmManager, Drilling.Common.InterLock.CInterLockManager, Drilling.Common.Managers.IManualScanFile, Drilling.Common.Managers.IRecipeManager, Drilling.Common.Managers.ISettingManager, Drilling.Common.Product.IProductManager, Drilling.Common.Review.IReviewManager, Drilling.Common.Review.IReviewRuleFile, Drilling.Common.Station.IAutomationScriptFile)	Argument	this	호출자 스레드	기존 식 평가 시점	기존 호출자에게 직접 전달	중간	이름 있는 메서드 또는 명시적 반복문
Lambda	Drilling.UI	Drilling.UI/CRootView.cs	971	Drilling.UI.CRootView.CreateMenus(Drilling.Common.Station.IStationManager, Drilling.Common.Interface.IInterfaceManager, Drilling.Common.Motion.IMotionManager, Drilling.Common.Alarm.CAlarmManager, Drilling.Common.InterLock.CInterLockManager, Drilling.Common.Managers.IManualScanFile, Drilling.Common.Managers.IRecipeManager, Drilling.Common.Managers.ISettingManager, Drilling.Common.Product.IProductManager, Drilling.Common.Review.IReviewManager, Drilling.Common.Review.IReviewRuleFile, Drilling.Common.Station.IAutomationScriptFile)	Argument	this	호출자 스레드	기존 식 평가 시점	기존 호출자에게 직접 전달	중간	이름 있는 메서드 또는 명시적 반복문
Lambda	Drilling.UI	Drilling.UI/CRootView.cs	973	Drilling.UI.CRootView.CreateMenus(Drilling.Common.Station.IStationManager, Drilling.Common.Interface.IInterfaceManager, Drilling.Common.Motion.IMotionManager, Drilling.Common.Alarm.CAlarmManager, Drilling.Common.InterLock.CInterLockManager, Drilling.Common.Managers.IManualScanFile, Drilling.Common.Managers.IRecipeManager, Drilling.Common.Managers.ISettingManager, Drilling.Common.Product.IProductManager, Drilling.Common.Review.IReviewManager, Drilling.Common.Review.IReviewRuleFile, Drilling.Common.Station.IAutomationScriptFile)	Argument	this	호출자 스레드	기존 식 평가 시점	기존 호출자에게 직접 전달	중간	이름 있는 메서드 또는 명시적 반복문
Lambda	Drilling.UI	Drilling.UI/CRootView.cs	979	Drilling.UI.CRootView.CreateMenus(Drilling.Common.Station.IStationManager, Drilling.Common.Interface.IInterfaceManager, Drilling.Common.Motion.IMotionManager, Drilling.Common.Alarm.CAlarmManager, Drilling.Common.InterLock.CInterLockManager, Drilling.Common.Managers.IManualScanFile, Drilling.Common.Managers.IRecipeManager, Drilling.Common.Managers.ISettingManager, Drilling.Common.Product.IProductManager, Drilling.Common.Review.IReviewManager, Drilling.Common.Review.IReviewRuleFile, Drilling.Common.Station.IAutomationScriptFile)	Argument	this	호출자 스레드	기존 식 평가 시점	기존 호출자에게 직접 전달	중간	이름 있는 메서드 또는 명시적 반복문
Lambda	Drilling.UI	Drilling.UI/CRootView.cs	980	Drilling.UI.CRootView.CreateMenus(Drilling.Common.Station.IStationManager, Drilling.Common.Interface.IInterfaceManager, Drilling.Common.Motion.IMotionManager, Drilling.Common.Alarm.CAlarmManager, Drilling.Common.InterLock.CInterLockManager, Drilling.Common.Managers.IManualScanFile, Drilling.Common.Managers.IRecipeManager, Drilling.Common.Managers.ISettingManager, Drilling.Common.Product.IProductManager, Drilling.Common.Review.IReviewManager, Drilling.Common.Review.IReviewRuleFile, Drilling.Common.Station.IAutomationScriptFile)	Argument	this	호출자 스레드	기존 식 평가 시점	기존 호출자에게 직접 전달	중간	이름 있는 메서드 또는 명시적 반복문
Lambda	Drilling.UI	Drilling.UI/CRootView.cs	981	Drilling.UI.CRootView.CreateMenus(Drilling.Common.Station.IStationManager, Drilling.Common.Interface.IInterfaceManager, Drilling.Common.Motion.IMotionManager, Drilling.Common.Alarm.CAlarmManager, Drilling.Common.InterLock.CInterLockManager, Drilling.Common.Managers.IManualScanFile, Drilling.Common.Managers.IRecipeManager, Drilling.Common.Managers.ISettingManager, Drilling.Common.Product.IProductManager, Drilling.Common.Review.IReviewManager, Drilling.Common.Review.IReviewRuleFile, Drilling.Common.Station.IAutomationScriptFile)	Argument	this	호출자 스레드	기존 식 평가 시점	기존 호출자에게 직접 전달	중간	이름 있는 메서드 또는 명시적 반복문
Lambda	Drilling.UI	Drilling.UI/CRootView.cs	983	Drilling.UI.CRootView.CreateMenus(Drilling.Common.Station.IStationManager, Drilling.Common.Interface.IInterfaceManager, Drilling.Common.Motion.IMotionManager, Drilling.Common.Alarm.CAlarmManager, Drilling.Common.InterLock.CInterLockManager, Drilling.Common.Managers.IManualScanFile, Drilling.Common.Managers.IRecipeManager, Drilling.Common.Managers.ISettingManager, Drilling.Common.Product.IProductManager, Drilling.Common.Review.IReviewManager, Drilling.Common.Review.IReviewRuleFile, Drilling.Common.Station.IAutomationScriptFile)	Argument	this	호출자 스레드	기존 식 평가 시점	기존 호출자에게 직접 전달	중간	이름 있는 메서드 또는 명시적 반복문
Lambda	Drilling.UI	Drilling.UI/CRootView.cs	989	Drilling.UI.CRootView.CreateMenus(Drilling.Common.Station.IStationManager, Drilling.Common.Interface.IInterfaceManager, Drilling.Common.Motion.IMotionManager, Drilling.Common.Alarm.CAlarmManager, Drilling.Common.InterLock.CInterLockManager, Drilling.Common.Managers.IManualScanFile, Drilling.Common.Managers.IRecipeManager, Drilling.Common.Managers.ISettingManager, Drilling.Common.Product.IProductManager, Drilling.Common.Review.IReviewManager, Drilling.Common.Review.IReviewRuleFile, Drilling.Common.Station.IAutomationScriptFile)	Argument	this	호출자 스레드	기존 식 평가 시점	기존 호출자에게 직접 전달	중간	이름 있는 메서드 또는 명시적 반복문
Lambda	Drilling.UI	Drilling.UI/CRootView.cs	990	Drilling.UI.CRootView.CreateMenus(Drilling.Common.Station.IStationManager, Drilling.Common.Interface.IInterfaceManager, Drilling.Common.Motion.IMotionManager, Drilling.Common.Alarm.CAlarmManager, Drilling.Common.InterLock.CInterLockManager, Drilling.Common.Managers.IManualScanFile, Drilling.Common.Managers.IRecipeManager, Drilling.Common.Managers.ISettingManager, Drilling.Common.Product.IProductManager, Drilling.Common.Review.IReviewManager, Drilling.Common.Review.IReviewRuleFile, Drilling.Common.Station.IAutomationScriptFile)	Argument	this	호출자 스레드	기존 식 평가 시점	기존 호출자에게 직접 전달	중간	이름 있는 메서드 또는 명시적 반복문
Lambda	Drilling.UI	Drilling.UI/CRootView.cs	991	Drilling.UI.CRootView.CreateMenus(Drilling.Common.Station.IStationManager, Drilling.Common.Interface.IInterfaceManager, Drilling.Common.Motion.IMotionManager, Drilling.Common.Alarm.CAlarmManager, Drilling.Common.InterLock.CInterLockManager, Drilling.Common.Managers.IManualScanFile, Drilling.Common.Managers.IRecipeManager, Drilling.Common.Managers.ISettingManager, Drilling.Common.Product.IProductManager, Drilling.Common.Review.IReviewManager, Drilling.Common.Review.IReviewRuleFile, Drilling.Common.Station.IAutomationScriptFile)	Argument	this	호출자 스레드	기존 식 평가 시점	기존 호출자에게 직접 전달	중간	이름 있는 메서드 또는 명시적 반복문
Lambda	Drilling.UI	Drilling.UI/CRootView.cs	992	Drilling.UI.CRootView.CreateMenus(Drilling.Common.Station.IStationManager, Drilling.Common.Interface.IInterfaceManager, Drilling.Common.Motion.IMotionManager, Drilling.Common.Alarm.CAlarmManager, Drilling.Common.InterLock.CInterLockManager, Drilling.Common.Managers.IManualScanFile, Drilling.Common.Managers.IRecipeManager, Drilling.Common.Managers.ISettingManager, Drilling.Common.Product.IProductManager, Drilling.Common.Review.IReviewManager, Drilling.Common.Review.IReviewRuleFile, Drilling.Common.Station.IAutomationScriptFile)	Argument	this	호출자 스레드	기존 식 평가 시점	기존 호출자에게 직접 전달	중간	이름 있는 메서드 또는 명시적 반복문
Lambda	Drilling.UI	Drilling.UI/CRootView.cs	993	Drilling.UI.CRootView.CreateMenus(Drilling.Common.Station.IStationManager, Drilling.Common.Interface.IInterfaceManager, Drilling.Common.Motion.IMotionManager, Drilling.Common.Alarm.CAlarmManager, Drilling.Common.InterLock.CInterLockManager, Drilling.Common.Managers.IManualScanFile, Drilling.Common.Managers.IRecipeManager, Drilling.Common.Managers.ISettingManager, Drilling.Common.Product.IProductManager, Drilling.Common.Review.IReviewManager, Drilling.Common.Review.IReviewRuleFile, Drilling.Common.Station.IAutomationScriptFile)	Argument	this	호출자 스레드	기존 식 평가 시점	기존 호출자에게 직접 전달	중간	이름 있는 메서드 또는 명시적 반복문
Lambda	Drilling.UI	Drilling.UI/CRootView.cs	994	Drilling.UI.CRootView.CreateMenus(Drilling.Common.Station.IStationManager, Drilling.Common.Interface.IInterfaceManager, Drilling.Common.Motion.IMotionManager, Drilling.Common.Alarm.CAlarmManager, Drilling.Common.InterLock.CInterLockManager, Drilling.Common.Managers.IManualScanFile, Drilling.Common.Managers.IRecipeManager, Drilling.Common.Managers.ISettingManager, Drilling.Common.Product.IProductManager, Drilling.Common.Review.IReviewManager, Drilling.Common.Review.IReviewRuleFile, Drilling.Common.Station.IAutomationScriptFile)	Argument	this	호출자 스레드	기존 식 평가 시점	기존 호출자에게 직접 전달	중간	이름 있는 메서드 또는 명시적 반복문
Lambda	Drilling.UI	Drilling.UI/CRootView.cs	995	Drilling.UI.CRootView.CreateMenus(Drilling.Common.Station.IStationManager, Drilling.Common.Interface.IInterfaceManager, Drilling.Common.Motion.IMotionManager, Drilling.Common.Alarm.CAlarmManager, Drilling.Common.InterLock.CInterLockManager, Drilling.Common.Managers.IManualScanFile, Drilling.Common.Managers.IRecipeManager, Drilling.Common.Managers.ISettingManager, Drilling.Common.Product.IProductManager, Drilling.Common.Review.IReviewManager, Drilling.Common.Review.IReviewRuleFile, Drilling.Common.Station.IAutomationScriptFile)	Argument	this	호출자 스레드	기존 식 평가 시점	기존 호출자에게 직접 전달	중간	이름 있는 메서드 또는 명시적 반복문
Lambda	Drilling.UI	Drilling.UI/CRootView.cs	1000	Drilling.UI.CRootView.CreateMenus(Drilling.Common.Station.IStationManager, Drilling.Common.Interface.IInterfaceManager, Drilling.Common.Motion.IMotionManager, Drilling.Common.Alarm.CAlarmManager, Drilling.Common.InterLock.CInterLockManager, Drilling.Common.Managers.IManualScanFile, Drilling.Common.Managers.IRecipeManager, Drilling.Common.Managers.ISettingManager, Drilling.Common.Product.IProductManager, Drilling.Common.Review.IReviewManager, Drilling.Common.Review.IReviewRuleFile, Drilling.Common.Station.IAutomationScriptFile)	Argument	this	호출자 스레드	기존 식 평가 시점	기존 호출자에게 직접 전달	중간	이름 있는 메서드 또는 명시적 반복문
Lambda	Drilling.UI	Drilling.UI/CRootView.cs	1001	Drilling.UI.CRootView.CreateMenus(Drilling.Common.Station.IStationManager, Drilling.Common.Interface.IInterfaceManager, Drilling.Common.Motion.IMotionManager, Drilling.Common.Alarm.CAlarmManager, Drilling.Common.InterLock.CInterLockManager, Drilling.Common.Managers.IManualScanFile, Drilling.Common.Managers.IRecipeManager, Drilling.Common.Managers.ISettingManager, Drilling.Common.Product.IProductManager, Drilling.Common.Review.IReviewManager, Drilling.Common.Review.IReviewRuleFile, Drilling.Common.Station.IAutomationScriptFile)	Argument	this	호출자 스레드	기존 식 평가 시점	기존 호출자에게 직접 전달	중간	이름 있는 메서드 또는 명시적 반복문
Lambda	Drilling.UI	Drilling.UI/CRootView.cs	1002	Drilling.UI.CRootView.CreateMenus(Drilling.Common.Station.IStationManager, Drilling.Common.Interface.IInterfaceManager, Drilling.Common.Motion.IMotionManager, Drilling.Common.Alarm.CAlarmManager, Drilling.Common.InterLock.CInterLockManager, Drilling.Common.Managers.IManualScanFile, Drilling.Common.Managers.IRecipeManager, Drilling.Common.Managers.ISettingManager, Drilling.Common.Product.IProductManager, Drilling.Common.Review.IReviewManager, Drilling.Common.Review.IReviewRuleFile, Drilling.Common.Station.IAutomationScriptFile)	Argument	this	호출자 스레드	기존 식 평가 시점	기존 호출자에게 직접 전달	중간	이름 있는 메서드 또는 명시적 반복문
Lambda	Drilling.UI	Drilling.UI/CRootView.cs	1003	Drilling.UI.CRootView.CreateMenus(Drilling.Common.Station.IStationManager, Drilling.Common.Interface.IInterfaceManager, Drilling.Common.Motion.IMotionManager, Drilling.Common.Alarm.CAlarmManager, Drilling.Common.InterLock.CInterLockManager, Drilling.Common.Managers.IManualScanFile, Drilling.Common.Managers.IRecipeManager, Drilling.Common.Managers.ISettingManager, Drilling.Common.Product.IProductManager, Drilling.Common.Review.IReviewManager, Drilling.Common.Review.IReviewRuleFile, Drilling.Common.Station.IAutomationScriptFile)	Argument	this	호출자 스레드	기존 식 평가 시점	기존 호출자에게 직접 전달	중간	이름 있는 메서드 또는 명시적 반복문
Lambda	Drilling.UI	Drilling.UI/CRootView.cs	1004	Drilling.UI.CRootView.CreateMenus(Drilling.Common.Station.IStationManager, Drilling.Common.Interface.IInterfaceManager, Drilling.Common.Motion.IMotionManager, Drilling.Common.Alarm.CAlarmManager, Drilling.Common.InterLock.CInterLockManager, Drilling.Common.Managers.IManualScanFile, Drilling.Common.Managers.IRecipeManager, Drilling.Common.Managers.ISettingManager, Drilling.Common.Product.IProductManager, Drilling.Common.Review.IReviewManager, Drilling.Common.Review.IReviewRuleFile, Drilling.Common.Station.IAutomationScriptFile)	Argument	this	호출자 스레드	기존 식 평가 시점	기존 호출자에게 직접 전달	중간	이름 있는 메서드 또는 명시적 반복문
Lambda	Drilling.UI	Drilling.UI/CRootView.cs	1005	Drilling.UI.CRootView.CreateMenus(Drilling.Common.Station.IStationManager, Drilling.Common.Interface.IInterfaceManager, Drilling.Common.Motion.IMotionManager, Drilling.Common.Alarm.CAlarmManager, Drilling.Common.InterLock.CInterLockManager, Drilling.Common.Managers.IManualScanFile, Drilling.Common.Managers.IRecipeManager, Drilling.Common.Managers.ISettingManager, Drilling.Common.Product.IProductManager, Drilling.Common.Review.IReviewManager, Drilling.Common.Review.IReviewRuleFile, Drilling.Common.Station.IAutomationScriptFile)	Argument	this	호출자 스레드	기존 식 평가 시점	기존 호출자에게 직접 전달	중간	이름 있는 메서드 또는 명시적 반복문
Lambda	Drilling.UI	Drilling.UI/CRootView.cs	1006	Drilling.UI.CRootView.CreateMenus(Drilling.Common.Station.IStationManager, Drilling.Common.Interface.IInterfaceManager, Drilling.Common.Motion.IMotionManager, Drilling.Common.Alarm.CAlarmManager, Drilling.Common.InterLock.CInterLockManager, Drilling.Common.Managers.IManualScanFile, Drilling.Common.Managers.IRecipeManager, Drilling.Common.Managers.ISettingManager, Drilling.Common.Product.IProductManager, Drilling.Common.Review.IReviewManager, Drilling.Common.Review.IReviewRuleFile, Drilling.Common.Station.IAutomationScriptFile)	Argument	this	호출자 스레드	기존 식 평가 시점	기존 호출자에게 직접 전달	중간	이름 있는 메서드 또는 명시적 반복문
Lambda	Drilling.UI	Drilling.UI/CRootView.cs	1015	Drilling.UI.CRootView.CreateMenus(Drilling.Common.Station.IStationManager, Drilling.Common.Interface.IInterfaceManager, Drilling.Common.Motion.IMotionManager, Drilling.Common.Alarm.CAlarmManager, Drilling.Common.InterLock.CInterLockManager, Drilling.Common.Managers.IManualScanFile, Drilling.Common.Managers.IRecipeManager, Drilling.Common.Managers.ISettingManager, Drilling.Common.Product.IProductManager, Drilling.Common.Review.IReviewManager, Drilling.Common.Review.IReviewRuleFile, Drilling.Common.Station.IAutomationScriptFile)	Argument	this	호출자 스레드	기존 식 평가 시점	기존 호출자에게 직접 전달	중간	이름 있는 메서드 또는 명시적 반복문
Lambda	Drilling.UI	Drilling.UI/CRootView.cs	1025	Drilling.UI.CRootView.CreateMenus(Drilling.Common.Station.IStationManager, Drilling.Common.Interface.IInterfaceManager, Drilling.Common.Motion.IMotionManager, Drilling.Common.Alarm.CAlarmManager, Drilling.Common.InterLock.CInterLockManager, Drilling.Common.Managers.IManualScanFile, Drilling.Common.Managers.IRecipeManager, Drilling.Common.Managers.ISettingManager, Drilling.Common.Product.IProductManager, Drilling.Common.Review.IReviewManager, Drilling.Common.Review.IReviewRuleFile, Drilling.Common.Station.IAutomationScriptFile)	Argument	this	호출자 스레드	기존 식 평가 시점	기존 호출자에게 직접 전달	중간	이름 있는 메서드 또는 명시적 반복문
Lambda	Drilling.UI	Drilling.UI/CRootView.cs	1026	Drilling.UI.CRootView.CreateMenus(Drilling.Common.Station.IStationManager, Drilling.Common.Interface.IInterfaceManager, Drilling.Common.Motion.IMotionManager, Drilling.Common.Alarm.CAlarmManager, Drilling.Common.InterLock.CInterLockManager, Drilling.Common.Managers.IManualScanFile, Drilling.Common.Managers.IRecipeManager, Drilling.Common.Managers.ISettingManager, Drilling.Common.Product.IProductManager, Drilling.Common.Review.IReviewManager, Drilling.Common.Review.IReviewRuleFile, Drilling.Common.Station.IAutomationScriptFile)	Argument	this	호출자 스레드	기존 식 평가 시점	기존 호출자에게 직접 전달	중간	이름 있는 메서드 또는 명시적 반복문
Lambda	Drilling.UI	Drilling.UI/CRootView.cs	1027	Drilling.UI.CRootView.CreateMenus(Drilling.Common.Station.IStationManager, Drilling.Common.Interface.IInterfaceManager, Drilling.Common.Motion.IMotionManager, Drilling.Common.Alarm.CAlarmManager, Drilling.Common.InterLock.CInterLockManager, Drilling.Common.Managers.IManualScanFile, Drilling.Common.Managers.IRecipeManager, Drilling.Common.Managers.ISettingManager, Drilling.Common.Product.IProductManager, Drilling.Common.Review.IReviewManager, Drilling.Common.Review.IReviewRuleFile, Drilling.Common.Station.IAutomationScriptFile)	Argument	this	호출자 스레드	기존 식 평가 시점	기존 호출자에게 직접 전달	중간	이름 있는 메서드 또는 명시적 반복문
Lambda	Drilling.UI	Drilling.UI/CRootView.cs	1028	Drilling.UI.CRootView.CreateMenus(Drilling.Common.Station.IStationManager, Drilling.Common.Interface.IInterfaceManager, Drilling.Common.Motion.IMotionManager, Drilling.Common.Alarm.CAlarmManager, Drilling.Common.InterLock.CInterLockManager, Drilling.Common.Managers.IManualScanFile, Drilling.Common.Managers.IRecipeManager, Drilling.Common.Managers.ISettingManager, Drilling.Common.Product.IProductManager, Drilling.Common.Review.IReviewManager, Drilling.Common.Review.IReviewRuleFile, Drilling.Common.Station.IAutomationScriptFile)	Argument	this	호출자 스레드	기존 식 평가 시점	기존 호출자에게 직접 전달	중간	이름 있는 메서드 또는 명시적 반복문
Lambda	Drilling.UI	Drilling.UI/CRootView.cs	1035	Drilling.UI.CRootView.CreateMenus(Drilling.Common.Station.IStationManager, Drilling.Common.Interface.IInterfaceManager, Drilling.Common.Motion.IMotionManager, Drilling.Common.Alarm.CAlarmManager, Drilling.Common.InterLock.CInterLockManager, Drilling.Common.Managers.IManualScanFile, Drilling.Common.Managers.IRecipeManager, Drilling.Common.Managers.ISettingManager, Drilling.Common.Product.IProductManager, Drilling.Common.Review.IReviewManager, Drilling.Common.Review.IReviewRuleFile, Drilling.Common.Station.IAutomationScriptFile)	Argument	this	호출자 스레드	기존 식 평가 시점	기존 호출자에게 직접 전달	중간	이름 있는 메서드 또는 명시적 반복문
Lambda	Drilling.UI	Drilling.UI/CRootView.cs	1036	Drilling.UI.CRootView.CreateMenus(Drilling.Common.Station.IStationManager, Drilling.Common.Interface.IInterfaceManager, Drilling.Common.Motion.IMotionManager, Drilling.Common.Alarm.CAlarmManager, Drilling.Common.InterLock.CInterLockManager, Drilling.Common.Managers.IManualScanFile, Drilling.Common.Managers.IRecipeManager, Drilling.Common.Managers.ISettingManager, Drilling.Common.Product.IProductManager, Drilling.Common.Review.IReviewManager, Drilling.Common.Review.IReviewRuleFile, Drilling.Common.Station.IAutomationScriptFile)	Argument	this	호출자 스레드	기존 식 평가 시점	기존 호출자에게 직접 전달	중간	이름 있는 메서드 또는 명시적 반복문
Lambda	Drilling.UI	Drilling.UI/CRootView.cs	1037	Drilling.UI.CRootView.CreateMenus(Drilling.Common.Station.IStationManager, Drilling.Common.Interface.IInterfaceManager, Drilling.Common.Motion.IMotionManager, Drilling.Common.Alarm.CAlarmManager, Drilling.Common.InterLock.CInterLockManager, Drilling.Common.Managers.IManualScanFile, Drilling.Common.Managers.IRecipeManager, Drilling.Common.Managers.ISettingManager, Drilling.Common.Product.IProductManager, Drilling.Common.Review.IReviewManager, Drilling.Common.Review.IReviewRuleFile, Drilling.Common.Station.IAutomationScriptFile)	Argument	this	호출자 스레드	기존 식 평가 시점	기존 호출자에게 직접 전달	중간	이름 있는 메서드 또는 명시적 반복문
Lambda	Drilling.UI	Drilling.UI/CRootView.cs	1042	Drilling.UI.CRootView.CreateMenus(Drilling.Common.Station.IStationManager, Drilling.Common.Interface.IInterfaceManager, Drilling.Common.Motion.IMotionManager, Drilling.Common.Alarm.CAlarmManager, Drilling.Common.InterLock.CInterLockManager, Drilling.Common.Managers.IManualScanFile, Drilling.Common.Managers.IRecipeManager, Drilling.Common.Managers.ISettingManager, Drilling.Common.Product.IProductManager, Drilling.Common.Review.IReviewManager, Drilling.Common.Review.IReviewRuleFile, Drilling.Common.Station.IAutomationScriptFile)	Argument	this	호출자 스레드	기존 식 평가 시점	기존 호출자에게 직접 전달	중간	이름 있는 메서드 또는 명시적 반복문
Lambda	Drilling.UI	Drilling.UI/CRootView.cs	1043	Drilling.UI.CRootView.CreateMenus(Drilling.Common.Station.IStationManager, Drilling.Common.Interface.IInterfaceManager, Drilling.Common.Motion.IMotionManager, Drilling.Common.Alarm.CAlarmManager, Drilling.Common.InterLock.CInterLockManager, Drilling.Common.Managers.IManualScanFile, Drilling.Common.Managers.IRecipeManager, Drilling.Common.Managers.ISettingManager, Drilling.Common.Product.IProductManager, Drilling.Common.Review.IReviewManager, Drilling.Common.Review.IReviewRuleFile, Drilling.Common.Station.IAutomationScriptFile)	Argument	this	호출자 스레드	기존 식 평가 시점	기존 호출자에게 직접 전달	중간	이름 있는 메서드 또는 명시적 반복문
Lambda	Drilling.UI	Drilling.UI/CRootView.cs	1049	Drilling.UI.CRootView.CreateMenus(Drilling.Common.Station.IStationManager, Drilling.Common.Interface.IInterfaceManager, Drilling.Common.Motion.IMotionManager, Drilling.Common.Alarm.CAlarmManager, Drilling.Common.InterLock.CInterLockManager, Drilling.Common.Managers.IManualScanFile, Drilling.Common.Managers.IRecipeManager, Drilling.Common.Managers.ISettingManager, Drilling.Common.Product.IProductManager, Drilling.Common.Review.IReviewManager, Drilling.Common.Review.IReviewRuleFile, Drilling.Common.Station.IAutomationScriptFile)	menus.ToDictionary	-	열거를 수행하는 호출자 스레드	기존 LINQ 열거 시점	기존 열거 시 호출자에게 전달	낮음	이름 있는 조건/선택 메서드 또는 for/foreach
SwitchExpression	Drilling.UI	Drilling.UI/CRootView.cs	1115	Drilling.UI.CRootView.CreateMonitorFooterStatusItems()	ReturnStatement	-	호출자 스레드	기존 식 평가 시점	기존 호출자에게 직접 전달	중간	일반 switch 문과 명시적 return/대입
SwitchExpression	Drilling.UI	Drilling.UI/CRootView.cs	1178	Drilling.UI.CRootView.NormalizeMonitorTab(string)	ReturnStatement	-	호출자 스레드	기존 식 평가 시점	기존 호출자에게 직접 전달	중간	일반 switch 문과 명시적 return/대입
Lambda	Drilling.UI	Drilling.UI/CRootView.cs	1211	Drilling.UI.CRootView.NormalizeCommunicationStatuses(System.Collections.Generic.IReadOnlyList<Drilling.Common.Interface.ST_DEVICE_COMM_STATUS>)	Enum.GetValues<EN_EQP_MODULE>()              .Select	modules,module	열거를 수행하는 호출자 스레드	기존 LINQ 열거 시점	기존 열거 시 호출자에게 전달	중간	이름 있는 조건/선택 메서드 또는 for/foreach
Lambda	Drilling.UI	Drilling.UI/CRootView.cs	1211	lambda expression	modules.FirstOrDefault	module	열거를 수행하는 호출자 스레드	기존 LINQ 열거 시점	기존 열거 시 호출자에게 전달	중간	이름 있는 조건/선택 메서드 또는 for/foreach
Lambda	Drilling.UI	Drilling.UI/CRootView.cs	1245	Drilling.UI.CRootView.ModuleHeader(Drilling.Common.Managers.ST_SYSTEM_STATUS, Drilling.Common.Interface.EN_EQP_MODULE)	Argument	this,module	호출자 스레드	기존 식 평가 시점	기존 호출자에게 직접 전달	중간	이름 있는 메서드 또는 명시적 반복문
Lambda	Drilling.UI	Drilling.UI/CRootView.cs	1246	Drilling.UI.CRootView.ModuleHeader(Drilling.Common.Managers.ST_SYSTEM_STATUS, Drilling.Common.Interface.EN_EQP_MODULE)	Argument	this,module	호출자 스레드	기존 식 평가 시점	기존 호출자에게 직접 전달	중간	이름 있는 메서드 또는 명시적 반복문
Lambda	Drilling.UI	Drilling.UI/CRootView.cs	1247	Drilling.UI.CRootView.ModuleHeader(Drilling.Common.Managers.ST_SYSTEM_STATUS, Drilling.Common.Interface.EN_EQP_MODULE)	Argument	this,module	호출자 스레드	기존 식 평가 시점	기존 호출자에게 직접 전달	중간	이름 있는 메서드 또는 명시적 반복문
Lambda	Drilling.UI	Drilling.UI/CRootView.cs	1253	Drilling.UI.CRootView.GetModuleCommunicationStatuses(Drilling.Common.Interface.EN_EQP_MODULE)	_interfaceCommStatuses              .Where	module	열거를 수행하는 호출자 스레드	기존 LINQ 열거 시점	기존 열거 시 호출자에게 전달	중간	이름 있는 조건/선택 메서드 또는 for/foreach
Lambda	Drilling.UI	Drilling.UI/CRootView.cs	1254	Drilling.UI.CRootView.GetModuleCommunicationStatuses(Drilling.Common.Interface.EN_EQP_MODULE)	_interfaceCommStatuses              .Where(status => status.Module == module)              .OrderBy	-	열거를 수행하는 호출자 스레드	기존 LINQ 열거 시점	기존 열거 시 호출자에게 전달	낮음	이름 있는 조건/선택 메서드 또는 for/foreach
Lambda	Drilling.UI	Drilling.UI/CRootView.cs	1255	Drilling.UI.CRootView.GetModuleCommunicationStatuses(Drilling.Common.Interface.EN_EQP_MODULE)	_interfaceCommStatuses              .Where(status => status.Module == module)              .OrderBy(status => status.Number)              .ThenBy	-	열거를 수행하는 호출자 스레드	기존 LINQ 열거 시점	기존 열거 시 호출자에게 전달	낮음	이름 있는 조건/선택 메서드 또는 for/foreach
Lambda	Drilling.UI	Drilling.UI/CRootView.cs	1310	Drilling.UI.CRootView.ShowModuleStatusPopup(Drilling.Common.Interface.EN_EQP_MODULE)	Application.Current.Windows              .OfType<Window>()              .FirstOrDefault	-	열거를 수행하는 호출자 스레드	기존 LINQ 열거 시점	기존 열거 시 호출자에게 전달	낮음	이름 있는 조건/선택 메서드 또는 for/foreach
SwitchExpression	Drilling.UI	Drilling.UI/CRootView.cs	1323	Drilling.UI.CRootView.ModuleDisplayName(Drilling.Common.Interface.EN_EQP_MODULE)	ReturnStatement	-	호출자 스레드	기존 식 평가 시점	기존 호출자에게 직접 전달	중간	일반 switch 문과 명시적 return/대입
SwitchExpression	Drilling.UI	Drilling.UI/CRootView.cs	1341	Drilling.UI.CRootView.ConnectionStateValue(Drilling.Common.Interface.EN_COMM_STATE)	ReturnStatement	-	호출자 스레드	기존 식 평가 시점	기존 호출자에게 직접 전달	중간	일반 switch 문과 명시적 return/대입
SwitchExpression	Drilling.UI	Drilling.UI/CRootView.cs	1351	Drilling.UI.CRootView.OperationModeValue(Drilling.Common.Managers.EN_SYSTEM_MODE)	ReturnStatement	-	호출자 스레드	기존 식 평가 시점	기존 호출자에게 직접 전달	중간	일반 switch 문과 명시적 return/대입
SwitchExpression	Drilling.UI	Drilling.UI/CRootView.cs	1371	Drilling.UI.CRootView.GetMenuDisplayName(Drilling.UI.Menu.Menus.EN_MENU)	ReturnStatement	-	호출자 스레드	기존 식 평가 시점	기존 호출자에게 직접 전달	중간	일반 switch 문과 명시적 return/대입
Lambda	Drilling.UI	Drilling.UI/Menu/CButtonCommand.cs	9	Drilling.UI.Menu.CButtonCommand.NoOp.field	Argument	-	호출자 스레드	기존 식 평가 시점	기존 호출자에게 직접 전달	낮음	이름 있는 메서드 또는 명시적 반복문
Lambda	Drilling.UI	Drilling.UI/Menu/Menus/CCellPreviewDrawing.cs	93	Drilling.UI.Menu.Menus.CCellPreviewDrawing.CreateDistortionKeyPreviews(double, double, double, double, System.Func<string, double?>)	Enumerable.Range(1, 6)              .Select	akMarginX,akMarginY,readValue,defaultSpanX,defaultSpanY,keyNo,defaultX,defaultY,x,y	열거를 수행하는 호출자 스레드	기존 LINQ 열거 시점	기존 열거 시 호출자에게 전달	중간	이름 있는 조건/선택 메서드 또는 for/foreach
SwitchExpression	Drilling.UI	Drilling.UI/Menu/Menus/CCellPreviewDrawing.cs	95	lambda expression	EqualsValueClause	-	호출자 스레드	기존 식 평가 시점	기존 호출자에게 직접 전달	중간	일반 switch 문과 명시적 return/대입
ExpressionBody	Drilling.UI	Drilling.UI/Menu/Menus/CCellPreviewDrawing.cs	240	Drilling.UI.Menu.Menus.ST_CELL_PREVIEW_LABEL.DisplayText.get	PropertyDeclaration	-	호출자 스레드	기존 식 평가 시점	기존 호출자에게 직접 전달	낮음	블록 본문과 명시적 return/get/set
ExpressionBody	Drilling.UI	Drilling.UI/Menu/Menus/CCellPreviewDrawing.cs	242	Drilling.UI.Menu.Menus.ST_CELL_PREVIEW_LABEL.Height.get	PropertyDeclaration	-	호출자 스레드	기존 식 평가 시점	기존 호출자에게 직접 전달	낮음	블록 본문과 명시적 return/get/set
ExpressionBody	Drilling.UI	Drilling.UI/Menu/Menus/CCellPreviewDrawing.cs	250	Drilling.UI.Menu.Menus.ST_DISTORTION_KEY_PREVIEW.DisplayText.get	PropertyDeclaration	-	호출자 스레드	기존 식 평가 시점	기존 호출자에게 직접 전달	낮음	블록 본문과 명시적 return/get/set
ExpressionBody	Drilling.UI	Drilling.UI/Menu/Menus/CMenuAlarm.cs	21	Drilling.UI.Menu.Menus.CMenuAlarm.Menu.get	PropertyDeclaration	-	호출자 스레드	기존 식 평가 시점	기존 호출자에게 직접 전달	낮음	블록 본문과 명시적 return/get/set
ExpressionBody	Drilling.UI	Drilling.UI/Menu/Menus/CMenuAlarm.cs	23	Drilling.UI.Menu.Menus.CMenuAlarm.AlarmResetCommand.get	PropertyDeclaration	-	호출자 스레드	기존 식 평가 시점	기존 호출자에게 직접 전달	낮음	블록 본문과 명시적 return/get/set
Lambda	Drilling.UI	Drilling.UI/Menu/Menus/CMenuAlarm.cs	23	Drilling.UI.Menu.Menus.CMenuAlarm.AlarmResetCommand.get	Argument	this	호출자 스레드	기존 식 평가 시점	기존 호출자에게 직접 전달	중간	이름 있는 메서드 또는 명시적 반복문
ExpressionBody	Drilling.UI	Drilling.UI/Menu/Menus/CMenuAlarm.cs	25	Drilling.UI.Menu.Menus.CMenuAlarm.BuzzerOffCommand.get	PropertyDeclaration	-	호출자 스레드	기존 식 평가 시점	기존 호출자에게 직접 전달	낮음	블록 본문과 명시적 return/get/set
Lambda	Drilling.UI	Drilling.UI/Menu/Menus/CMenuAlarm.cs	25	Drilling.UI.Menu.Menus.CMenuAlarm.BuzzerOffCommand.get	Argument	setStatusMessage	호출자 스레드	기존 식 평가 시점	기존 호출자에게 직접 전달	중간	이름 있는 메서드 또는 명시적 반복문
Lambda	Drilling.UI	Drilling.UI/Menu/Menus/CMenuAlarm.cs	50	Drilling.UI.Menu.Menus.CMenuAlarm.Build(System.Threading.CancellationToken)	alarms.Select	-	열거를 수행하는 호출자 스레드	기존 LINQ 열거 시점	기존 열거 시 호출자에게 전달	낮음	이름 있는 조건/선택 메서드 또는 for/foreach
Lambda	Drilling.UI	Drilling.UI/Menu/Menus/CMenuAlarm.cs	164	Drilling.UI.Menu.Menus.CMenuAlarm.BuildCurrentAlarmRows(System.Collections.Generic.IReadOnlyList<Drilling.Common.Alarm.ST_ALARM_DATA>)	alarms              .Select	-	열거를 수행하는 호출자 스레드	기존 LINQ 열거 시점	기존 열거 시 호출자에게 전달	낮음	이름 있는 조건/선택 메서드 또는 for/foreach
Lambda	Drilling.UI	Drilling.UI/Menu/Menus/CMenuAlarm.cs	238	Drilling.UI.Menu.Menus.CMenuAlarm.BuildSummaryItems(System.Collections.Generic.IReadOnlyList<Drilling.Common.Alarm.ST_ALARM_DATA>)	alarms.Count	-	열거를 수행하는 호출자 스레드	기존 LINQ 열거 시점	기존 열거 시 호출자에게 전달	낮음	이름 있는 조건/선택 메서드 또는 for/foreach
Lambda	Drilling.UI	Drilling.UI/Menu/Menus/CMenuAlarm.cs	239	Drilling.UI.Menu.Menus.CMenuAlarm.BuildSummaryItems(System.Collections.Generic.IReadOnlyList<Drilling.Common.Alarm.ST_ALARM_DATA>)	alarms.Count	-	열거를 수행하는 호출자 스레드	기존 LINQ 열거 시점	기존 열거 시 호출자에게 전달	낮음	이름 있는 조건/선택 메서드 또는 for/foreach
SwitchExpression	Drilling.UI	Drilling.UI/Menu/Menus/CMenuAlarm.cs	252	Drilling.UI.Menu.Menus.CMenuAlarm.FormatSeverity(Drilling.Common.Alarm.EN_ALARM_LEVEL)	ReturnStatement	-	호출자 스레드	기존 식 평가 시점	기존 호출자에게 직접 전달	중간	일반 switch 문과 명시적 return/대입
SwitchExpression	Drilling.UI	Drilling.UI/Menu/Menus/CMenuAlarm.cs	262	Drilling.UI.Menu.Menus.CMenuAlarm.SeverityState(Drilling.Common.Alarm.EN_ALARM_LEVEL)	ReturnStatement	-	호출자 스레드	기존 식 평가 시점	기존 호출자에게 직접 전달	중간	일반 switch 문과 명시적 return/대입
ExpressionBody	Drilling.UI	Drilling.UI/Menu/Menus/CMenuAlarm.cs	280	Drilling.UI.Menu.Menus.ST_ALARM_CURRENT_ROW.LevelBrush.get	PropertyDeclaration	-	호출자 스레드	기존 식 평가 시점	기존 호출자에게 직접 전달	낮음	블록 본문과 명시적 return/get/set
SwitchExpression	Drilling.UI	Drilling.UI/Menu/Menus/CMenuAlarm.cs	280	Drilling.UI.Menu.Menus.ST_ALARM_CURRENT_ROW.LevelBrush.get	ArrowExpressionClause	-	호출자 스레드	기존 식 평가 시점	기존 호출자에게 직접 전달	중간	일반 switch 문과 명시적 return/대입
ExpressionBody	Drilling.UI	Drilling.UI/Menu/Menus/CMenuAlarm.cs	294	Drilling.UI.Menu.Menus.ST_ALARM_DETAIL_ROW.ValueBrush.get	PropertyDeclaration	-	호출자 스레드	기존 식 평가 시점	기존 호출자에게 직접 전달	낮음	블록 본문과 명시적 return/get/set
SwitchExpression	Drilling.UI	Drilling.UI/Menu/Menus/CMenuAlarm.cs	294	Drilling.UI.Menu.Menus.ST_ALARM_DETAIL_ROW.ValueBrush.get	ArrowExpressionClause	-	호출자 스레드	기존 식 평가 시점	기존 호출자에게 직접 전달	중간	일반 switch 문과 명시적 return/대입
ExpressionBody	Drilling.UI	Drilling.UI/Menu/Menus/CMenuAlarm.cs	312	Drilling.UI.Menu.Menus.ST_ALARM_HISTORY_ROW.LevelBrush.get	PropertyDeclaration	-	호출자 스레드	기존 식 평가 시점	기존 호출자에게 직접 전달	낮음	블록 본문과 명시적 return/get/set
SwitchExpression	Drilling.UI	Drilling.UI/Menu/Menus/CMenuAlarm.cs	312	Drilling.UI.Menu.Menus.ST_ALARM_HISTORY_ROW.LevelBrush.get	ArrowExpressionClause	-	호출자 스레드	기존 식 평가 시점	기존 호출자에게 직접 전달	중간	일반 switch 문과 명시적 return/대입
ExpressionBody	Drilling.UI	Drilling.UI/Menu/Menus/CMenuAlarm.cs	335	Drilling.UI.Menu.Menus.ST_ALARM_SUMMARY_ITEM.ValueBrush.get	PropertyDeclaration	-	호출자 스레드	기존 식 평가 시점	기존 호출자에게 직접 전달	낮음	블록 본문과 명시적 return/get/set
SwitchExpression	Drilling.UI	Drilling.UI/Menu/Menus/CMenuAlarm.cs	335	Drilling.UI.Menu.Menus.ST_ALARM_SUMMARY_ITEM.ValueBrush.get	ArrowExpressionClause	-	호출자 스레드	기존 식 평가 시점	기존 호출자에게 직접 전달	중간	일반 switch 문과 명시적 return/대입
Lambda	Drilling.UI	Drilling.UI/Menu/Menus/CMenuCorrection.cs	56	Drilling.UI.Menu.Menus.CMenuCorrection.CMenuCorrection(Drilling.Common.Review.IReviewResultFile, Drilling.Common.Managers.IRecipeManager, Drilling.Common.Managers.ISettingManager, System.Func<string>, System.Action<string>, System.Func<System.Threading.Tasks.Task>)	Argument	this	호출자 스레드	기존 식 평가 시점	기존 호출자에게 직접 전달	중간	이름 있는 메서드 또는 명시적 반복문
ExpressionBody	Drilling.UI	Drilling.UI/Menu/Menus/CMenuCorrection.cs	59	Drilling.UI.Menu.Menus.CMenuCorrection.Menu.get	PropertyDeclaration	-	호출자 스레드	기존 식 평가 시점	기존 호출자에게 직접 전달	낮음	블록 본문과 명시적 return/get/set
ExpressionBody	Drilling.UI	Drilling.UI/Menu/Menus/CMenuCorrection.cs	61	Drilling.UI.Menu.Menus.CMenuCorrection.Title.get	PropertyDeclaration	-	호출자 스레드	기존 식 평가 시점	기존 호출자에게 직접 전달	낮음	블록 본문과 명시적 return/get/set
ExpressionBody	Drilling.UI	Drilling.UI/Menu/Menus/CMenuCorrection.cs	63	Drilling.UI.Menu.Menus.CMenuCorrection.Subtitle.get	PropertyDeclaration	-	호출자 스레드	기존 식 평가 시점	기존 호출자에게 직접 전달	낮음	블록 본문과 명시적 return/get/set
ExpressionBody	Drilling.UI	Drilling.UI/Menu/Menus/CMenuCorrection.cs	65	Drilling.UI.Menu.Menus.CMenuCorrection.SelectedTab.get	PropertyDeclaration	-	호출자 스레드	기존 식 평가 시점	기존 호출자에게 직접 전달	낮음	블록 본문과 명시적 return/get/set
ExpressionBody	Drilling.UI	Drilling.UI/Menu/Menus/CMenuCorrection.cs	67	Drilling.UI.Menu.Menus.CMenuCorrection.IsReviewDataTab.get	PropertyDeclaration	-	호출자 스레드	기존 식 평가 시점	기존 호출자에게 직접 전달	낮음	블록 본문과 명시적 return/get/set
ExpressionBody	Drilling.UI	Drilling.UI/Menu/Menus/CMenuCorrection.cs	70	Drilling.UI.Menu.Menus.CMenuCorrection.IsOtherCorrectionTab.get	PropertyDeclaration	-	호출자 스레드	기존 식 평가 시점	기존 호출자에게 직접 전달	낮음	블록 본문과 명시적 return/get/set
ExpressionBody	Drilling.UI	Drilling.UI/Menu/Menus/CMenuCorrection.cs	94	Drilling.UI.Menu.Menus.CMenuCorrection.LoadedReviewFileName.get	PropertyDeclaration	-	호출자 스레드	기존 식 평가 시점	기존 호출자에게 직접 전달	낮음	블록 본문과 명시적 return/get/set
ExpressionBody	Drilling.UI	Drilling.UI/Menu/Menus/CMenuCorrection.cs	96	Drilling.UI.Menu.Menus.CMenuCorrection.ReviewLoadStatus.get	PropertyDeclaration	-	호출자 스레드	기존 식 평가 시점	기존 호출자에게 직접 전달	낮음	블록 본문과 명시적 return/get/set
ExpressionBody	Drilling.UI	Drilling.UI/Menu/Menus/CMenuCorrection.cs	98	Drilling.UI.Menu.Menus.CMenuCorrection.ReviewLoadStatusBrush.get	PropertyDeclaration	-	호출자 스레드	기존 식 평가 시점	기존 호출자에게 직접 전달	낮음	블록 본문과 명시적 return/get/set
ExpressionBody	Drilling.UI	Drilling.UI/Menu/Menus/CMenuCorrection.cs	100	Drilling.UI.Menu.Menus.CMenuCorrection.CurrentSettingState.get	PropertyDeclaration	-	호출자 스레드	기존 식 평가 시점	기존 호출자에게 직접 전달	낮음	블록 본문과 명시적 return/get/set
ExpressionBody	Drilling.UI	Drilling.UI/Menu/Menus/CMenuCorrection.cs	102	Drilling.UI.Menu.Menus.CMenuCorrection.CurrentReviewOffsetRecipeName.get	PropertyDeclaration	-	호출자 스레드	기존 식 평가 시점	기존 호출자에게 직접 전달	낮음	블록 본문과 명시적 return/get/set
Lambda	Drilling.UI	Drilling.UI/Menu/Menus/CMenuCorrection.cs	141	Drilling.UI.Menu.Menus.CMenuCorrection.SelectTab(object?)	CorrectionTabs.FirstOrDefault	tabName	열거를 수행하는 호출자 스레드	기존 LINQ 열거 시점	기존 열거 시 호출자에게 전달	중간	이름 있는 조건/선택 메서드 또는 for/foreach
Lambda	Drilling.UI	Drilling.UI/Menu/Menus/CMenuCorrection.cs	192	Drilling.UI.Menu.Menus.CMenuCorrection.ApplyTabData(string)	CorrectionTabs              .Select	selectedTab	열거를 수행하는 호출자 스레드	기존 LINQ 열거 시점	기존 열거 시 호출자에게 전달	중간	이름 있는 조건/선택 메서드 또는 for/foreach
SwitchExpression	Drilling.UI	Drilling.UI/Menu/Menus/CMenuCorrection.cs	195	Drilling.UI.Menu.Menus.CMenuCorrection.ApplyTabData(string)	SimpleAssignmentExpression	-	호출자 스레드	기존 식 평가 시점	기존 호출자에게 직접 전달	중간	일반 switch 문과 명시적 return/대입
Lambda	Drilling.UI	Drilling.UI/Menu/Menus/CMenuCorrection.cs	236	Drilling.UI.Menu.Menus.CMenuCorrection.LoadReviewResult()	result.Rows                  .Select	-	열거를 수행하는 호출자 스레드	기존 LINQ 열거 시점	기존 열거 시 호출자에게 전달	낮음	이름 있는 조건/선택 메서드 또는 for/foreach
Lambda	Drilling.UI	Drilling.UI/Menu/Menus/CMenuCorrection.cs	424	Drilling.UI.Menu.Menus.CMenuCorrection.ApplyReviewOffsets()	CurrentOffsetRows              .Select	-	열거를 수행하는 호출자 스레드	기존 LINQ 열거 시점	기존 열거 시 호출자에게 전달	낮음	이름 있는 조건/선택 메서드 또는 for/foreach
Lambda	Drilling.UI	Drilling.UI/Menu/Menus/CMenuCorrection.cs	426	Drilling.UI.Menu.Menus.CMenuCorrection.ApplyReviewOffsets()	CalculatedOffsetRows.Any	currentKeys	열거를 수행하는 호출자 스레드	기존 LINQ 열거 시점	기존 열거 시 호출자에게 전달	중간	이름 있는 조건/선택 메서드 또는 for/foreach
Lambda	Drilling.UI	Drilling.UI/Menu/Menus/CMenuCorrection.cs	436	Drilling.UI.Menu.Menus.CMenuCorrection.ApplyReviewOffsets()	CurrentOffsetRows              .GroupBy	-	열거를 수행하는 호출자 스레드	기존 LINQ 열거 시점	기존 열거 시 호출자에게 전달	낮음	이름 있는 조건/선택 메서드 또는 for/foreach
Lambda	Drilling.UI	Drilling.UI/Menu/Menus/CMenuCorrection.cs	438	Drilling.UI.Menu.Menus.CMenuCorrection.ApplyReviewOffsets()	CurrentOffsetRows              .GroupBy(row => row.HoleKey, StringComparer.OrdinalIgnoreCase)              .ToDictionary	-	열거를 수행하는 호출자 스레드	기존 LINQ 열거 시점	기존 열거 시 호출자에게 전달	낮음	이름 있는 조건/선택 메서드 또는 for/foreach
Lambda	Drilling.UI	Drilling.UI/Menu/Menus/CMenuCorrection.cs	439	Drilling.UI.Menu.Menus.CMenuCorrection.ApplyReviewOffsets()	CurrentOffsetRows              .GroupBy(row => row.HoleKey, StringComparer.OrdinalIgnoreCase)              .ToDictionary	-	열거를 수행하는 호출자 스레드	기존 LINQ 열거 시점	기존 열거 시 호출자에게 전달	낮음	이름 있는 조건/선택 메서드 또는 for/foreach
Lambda	Drilling.UI	Drilling.UI/Menu/Menus/CMenuCorrection.cs	442	Drilling.UI.Menu.Menus.CMenuCorrection.ApplyReviewOffsets()	CalculatedOffsetRows              .Select	currentOffsets	열거를 수행하는 호출자 스레드	기존 LINQ 열거 시점	기존 열거 시 호출자에게 전달	중간	이름 있는 조건/선택 메서드 또는 for/foreach
Lambda	Drilling.UI	Drilling.UI/Menu/Menus/CMenuCorrection.cs	456	Drilling.UI.Menu.Menus.CMenuCorrection.ApplyReviewOffsets()	ApplyPreviewRows.Any	-	열거를 수행하는 호출자 스레드	기존 LINQ 열거 시점	기존 열거 시 호출자에게 전달	낮음	이름 있는 조건/선택 메서드 또는 for/foreach
Lambda	Drilling.UI	Drilling.UI/Menu/Menus/CMenuCorrection.cs	471	Drilling.UI.Menu.Menus.CMenuCorrection.ApplyReviewOffsets()	ApplyPreviewRows.Count	-	열거를 수행하는 호출자 스레드	기존 LINQ 열거 시점	기존 열거 시 호출자에게 전달	낮음	이름 있는 조건/선택 메서드 또는 for/foreach
Lambda	Drilling.UI	Drilling.UI/Menu/Menus/CMenuCorrection.cs	473	Drilling.UI.Menu.Menus.CMenuCorrection.ApplyReviewOffsets()	ApplyPreviewRows.Count	-	열거를 수행하는 호출자 스레드	기존 LINQ 열거 시점	기존 열거 시 호출자에게 전달	낮음	이름 있는 조건/선택 메서드 또는 for/foreach
Lambda	Drilling.UI	Drilling.UI/Menu/Menus/CMenuCorrection.cs	496	Drilling.UI.Menu.Menus.CMenuCorrection.SaveAppliedReviewOffsets()	(await _recipeManager.LoadRecipes())                  .FirstOrDefault	selectedRecipeId	열거를 수행하는 호출자 스레드	기존 LINQ 열거 시점	기존 열거 시 호출자에게 전달	중간	이름 있는 조건/선택 메서드 또는 for/foreach
Lambda	Drilling.UI	Drilling.UI/Menu/Menus/CMenuCorrection.cs	504	Drilling.UI.Menu.Menus.CMenuCorrection.SaveAppliedReviewOffsets()	ApplyPreviewRows.Count	-	열거를 수행하는 호출자 스레드	기존 LINQ 열거 시점	기존 열거 시 호출자에게 전달	낮음	이름 있는 조건/선택 메서드 또는 for/foreach
Lambda	Drilling.UI	Drilling.UI/Menu/Menus/CMenuCorrection.cs	515	Drilling.UI.Menu.Menus.CMenuCorrection.SaveAppliedReviewOffsets()	ApplyPreviewRows                  .Select	-	열거를 수행하는 호출자 스레드	기존 LINQ 열거 시점	기존 열거 시 호출자에게 전달	낮음	이름 있는 조건/선택 메서드 또는 for/foreach
Lambda	Drilling.UI	Drilling.UI/Menu/Menus/CMenuCorrection.cs	523	Drilling.UI.Menu.Menus.CMenuCorrection.SaveAppliedReviewOffsets()	ApplyPreviewRows                  .Select	-	열거를 수행하는 호출자 스레드	기존 LINQ 열거 시점	기존 열거 시 호출자에게 전달	낮음	이름 있는 조건/선택 메서드 또는 for/foreach
Lambda	Drilling.UI	Drilling.UI/Menu/Menus/CMenuCorrection.cs	554	Drilling.UI.Menu.Menus.CMenuCorrection.UpsertReviewOffsetParameter(System.Collections.Generic.List<Drilling.Common.Managers.ST_RECIPE_PARAM>, Drilling.UI.Menu.Menus.ST_CORRECTION_REVIEW_OFFSET_ROW, string, double)	parameters.FindIndex	key	호출자 스레드	기존 식 평가 시점	기존 호출자에게 직접 전달	중간	이름 있는 메서드 또는 명시적 반복문
Lambda	Drilling.UI	Drilling.UI/Menu/Menus/CMenuCorrection.cs	634	Drilling.UI.Menu.Menus.CMenuCorrection.LoadCurrentReviewOffsets(Drilling.Common.Review.ST_REVIEW_RESULT_FILE_DATA)	(await _recipeManager.LoadRecipes())              .FirstOrDefault	selectedRecipeId	열거를 수행하는 호출자 스레드	기존 LINQ 열거 시점	기존 열거 시 호출자에게 전달	중간	이름 있는 조건/선택 메서드 또는 for/foreach
Lambda	Drilling.UI	Drilling.UI/Menu/Menus/CMenuCorrection.cs	644	Drilling.UI.Menu.Menus.CMenuCorrection.LoadCurrentReviewOffsets(Drilling.Common.Review.ST_REVIEW_RESULT_FILE_DATA)	result.Rows              .Select	recipe	열거를 수행하는 호출자 스레드	기존 LINQ 열거 시점	기존 열거 시 호출자에게 전달	중간	이름 있는 조건/선택 메서드 또는 for/foreach
Lambda	Drilling.UI	Drilling.UI/Menu/Menus/CMenuCorrection.cs	719	Drilling.UI.Menu.Menus.CMenuCorrection.CreateReviewData()	.Rows.Count	-	열거를 수행하는 호출자 스레드	기존 LINQ 열거 시점	기존 열거 시 호출자에게 전달	낮음	이름 있는 조건/선택 메서드 또는 for/foreach
Lambda	Drilling.UI	Drilling.UI/Menu/Menus/CMenuCorrection.cs	761	Drilling.UI.Menu.Menus.CMenuCorrection.ReadRecipeDouble(Drilling.Common.Managers.ST_RECIPE_DATA, double, params string[])	keys.Any	parameter	열거를 수행하는 호출자 스레드	기존 LINQ 열거 시점	기존 열거 시 호출자에게 전달	중간	이름 있는 조건/선택 메서드 또는 for/foreach
SwitchExpression	Drilling.UI	Drilling.UI/Menu/Menus/CMenuCorrection.cs	991	Drilling.UI.Menu.Menus.CMenuCorrection.GetSubtitle(string)	ReturnStatement	-	호출자 스레드	기존 식 평가 시점	기존 호출자에게 직접 전달	중간	일반 switch 문과 명시적 return/대입
SwitchExpression	Drilling.UI	Drilling.UI/Menu/Menus/CMenuCorrection.cs	1005	Drilling.UI.Menu.Menus.CMenuCorrection.GetSourceName(string)	ReturnStatement	-	호출자 스레드	기존 식 평가 시점	기존 호출자에게 직접 전달	중간	일반 switch 문과 명시적 return/대입
ExpressionBody	Drilling.UI	Drilling.UI/Menu/Menus/CMenuCorrection.cs	1035	Drilling.UI.Menu.Menus.ST_CORRECTION_SOURCE_ROW.StateBrush.get	PropertyDeclaration	-	호출자 스레드	기존 식 평가 시점	기존 호출자에게 직접 전달	낮음	블록 본문과 명시적 return/get/set
ExpressionBody	Drilling.UI	Drilling.UI/Menu/Menus/CMenuCorrection.cs	1045	Drilling.UI.Menu.Menus.ST_CORRECTION_VALUE_ROW.ValueBrush.get	PropertyDeclaration	-	호출자 스레드	기존 식 평가 시점	기존 호출자에게 직접 전달	낮음	블록 본문과 명시적 return/get/set
ExpressionBody	Drilling.UI	Drilling.UI/Menu/Menus/CMenuCorrection.cs	1047	Drilling.UI.Menu.Menus.ST_CORRECTION_VALUE_ROW.StateBrush.get	PropertyDeclaration	-	호출자 스레드	기존 식 평가 시점	기존 호출자에게 직접 전달	낮음	블록 본문과 명시적 return/get/set
ExpressionBody	Drilling.UI	Drilling.UI/Menu/Menus/CMenuCorrection.cs	1059	Drilling.UI.Menu.Menus.ST_CORRECTION_HISTORY_ROW.ResultBrush.get	PropertyDeclaration	-	호출자 스레드	기존 식 평가 시점	기존 호출자에게 직접 전달	낮음	블록 본문과 명시적 return/get/set
ExpressionBody	Drilling.UI	Drilling.UI/Menu/Menus/CMenuCorrection.cs	1070	Drilling.UI.Menu.Menus.ST_CORRECTION_REVIEW_RESULT_ROW.ErrorX.get	PropertyDeclaration	-	호출자 스레드	기존 식 평가 시점	기존 호출자에게 직접 전달	낮음	블록 본문과 명시적 return/get/set
ExpressionBody	Drilling.UI	Drilling.UI/Menu/Menus/CMenuCorrection.cs	1072	Drilling.UI.Menu.Menus.ST_CORRECTION_REVIEW_RESULT_ROW.ErrorY.get	PropertyDeclaration	-	호출자 스레드	기존 식 평가 시점	기존 호출자에게 직접 전달	낮음	블록 본문과 명시적 return/get/set
ExpressionBody	Drilling.UI	Drilling.UI/Menu/Menus/CMenuCorrection.cs	1074	Drilling.UI.Menu.Menus.ST_CORRECTION_REVIEW_RESULT_ROW.JudgeBrush.get	PropertyDeclaration	-	호출자 스레드	기존 식 평가 시점	기존 호출자에게 직접 전달	낮음	블록 본문과 명시적 return/get/set
ExpressionBody	Drilling.UI	Drilling.UI/Menu/Menus/CMenuCorrection.cs	1089	Drilling.UI.Menu.Menus.ST_CORRECTION_REVIEW_OFFSET_ROW.OffsetX.get	PropertyDeclaration	-	호출자 스레드	기존 식 평가 시점	기존 호출자에게 직접 전달	낮음	블록 본문과 명시적 return/get/set
ExpressionBody	Drilling.UI	Drilling.UI/Menu/Menus/CMenuCorrection.cs	1091	Drilling.UI.Menu.Menus.ST_CORRECTION_REVIEW_OFFSET_ROW.OffsetY.get	PropertyDeclaration	-	호출자 스레드	기존 식 평가 시점	기존 호출자에게 직접 전달	낮음	블록 본문과 명시적 return/get/set
ExpressionBody	Drilling.UI	Drilling.UI/Menu/Menus/CMenuCorrection.cs	1093	Drilling.UI.Menu.Menus.ST_CORRECTION_REVIEW_OFFSET_ROW.StateBrush.get	PropertyDeclaration	-	호출자 스레드	기존 식 평가 시점	기존 호출자에게 직접 전달	낮음	블록 본문과 명시적 return/get/set
ExpressionBody	Drilling.UI	Drilling.UI/Menu/Menus/CMenuCorrection.cs	1095	Drilling.UI.Menu.Menus.ST_CORRECTION_REVIEW_OFFSET_ROW.OffsetValueBrush.get	PropertyDeclaration	-	호출자 스레드	기존 식 평가 시점	기존 호출자에게 직접 전달	낮음	블록 본문과 명시적 return/get/set
SwitchExpression	Drilling.UI	Drilling.UI/Menu/Menus/CMenuCorrection.cs	1095	Drilling.UI.Menu.Menus.ST_CORRECTION_REVIEW_OFFSET_ROW.OffsetValueBrush.get	ArrowExpressionClause	-	호출자 스레드	기존 식 평가 시점	기존 호출자에게 직접 전달	중간	일반 switch 문과 명시적 return/대입
ExpressionBody	Drilling.UI	Drilling.UI/Menu/Menus/CMenuExit.cs	12	Drilling.UI.Menu.Menus.CMenuExit.Menu.get	PropertyDeclaration	-	호출자 스레드	기존 식 평가 시점	기존 호출자에게 직접 전달	낮음	블록 본문과 명시적 return/get/set
ExpressionBody	Drilling.UI	Drilling.UI/Menu/Menus/CMenuMain.cs	90	Drilling.UI.Menu.Menus.CMenuMain.Menu.get	PropertyDeclaration	-	호출자 스레드	기존 식 평가 시점	기존 호출자에게 직접 전달	낮음	블록 본문과 명시적 return/get/set
ExpressionBody	Drilling.UI	Drilling.UI/Menu/Menus/CMenuMain.cs	111	Drilling.UI.Menu.Menus.CMenuMain.CycleItems.get	GetAccessorDeclaration	-	호출자 스레드	기존 식 평가 시점	기존 호출자에게 직접 전달	낮음	블록 본문과 명시적 return/get/set
ExpressionBody	Drilling.UI	Drilling.UI/Menu/Menus/CMenuMain.cs	112	Drilling.UI.Menu.Menus.CMenuMain.CycleItems.set	SetAccessorDeclaration	-	호출자 스레드	기존 식 평가 시점	기존 호출자에게 직접 전달	낮음	블록 본문과 명시적 return/get/set
ExpressionBody	Drilling.UI	Drilling.UI/Menu/Menus/CMenuMain.cs	117	Drilling.UI.Menu.Menus.CMenuMain.ResultItems.get	GetAccessorDeclaration	-	호출자 스레드	기존 식 평가 시점	기존 호출자에게 직접 전달	낮음	블록 본문과 명시적 return/get/set
ExpressionBody	Drilling.UI	Drilling.UI/Menu/Menus/CMenuMain.cs	118	Drilling.UI.Menu.Menus.CMenuMain.ResultItems.set	SetAccessorDeclaration	-	호출자 스레드	기존 식 평가 시점	기존 호출자에게 직접 전달	낮음	블록 본문과 명시적 return/get/set
ExpressionBody	Drilling.UI	Drilling.UI/Menu/Menus/CMenuMain.cs	123	Drilling.UI.Menu.Menus.CMenuMain.ProcessSequenceItems.get	GetAccessorDeclaration	-	호출자 스레드	기존 식 평가 시점	기존 호출자에게 직접 전달	낮음	블록 본문과 명시적 return/get/set
ExpressionBody	Drilling.UI	Drilling.UI/Menu/Menus/CMenuMain.cs	124	Drilling.UI.Menu.Menus.CMenuMain.ProcessSequenceItems.set	SetAccessorDeclaration	-	호출자 스레드	기존 식 평가 시점	기존 호출자에게 직접 전달	낮음	블록 본문과 명시적 return/get/set
ExpressionBody	Drilling.UI	Drilling.UI/Menu/Menus/CMenuMain.cs	129	Drilling.UI.Menu.Menus.CMenuMain.CurrentStepDetails.get	GetAccessorDeclaration	-	호출자 스레드	기존 식 평가 시점	기존 호출자에게 직접 전달	낮음	블록 본문과 명시적 return/get/set
ExpressionBody	Drilling.UI	Drilling.UI/Menu/Menus/CMenuMain.cs	130	Drilling.UI.Menu.Menus.CMenuMain.CurrentStepDetails.set	SetAccessorDeclaration	-	호출자 스레드	기존 식 평가 시점	기존 호출자에게 직접 전달	낮음	블록 본문과 명시적 return/get/set
ExpressionBody	Drilling.UI	Drilling.UI/Menu/Menus/CMenuMain.cs	135	Drilling.UI.Menu.Menus.CMenuMain.ProcessSummaryItems.get	GetAccessorDeclaration	-	호출자 스레드	기존 식 평가 시점	기존 호출자에게 직접 전달	낮음	블록 본문과 명시적 return/get/set
ExpressionBody	Drilling.UI	Drilling.UI/Menu/Menus/CMenuMain.cs	136	Drilling.UI.Menu.Menus.CMenuMain.ProcessSummaryItems.set	SetAccessorDeclaration	-	호출자 스레드	기존 식 평가 시점	기존 호출자에게 직접 전달	낮음	블록 본문과 명시적 return/get/set
ExpressionBody	Drilling.UI	Drilling.UI/Menu/Menus/CMenuMain.cs	141	Drilling.UI.Menu.Menus.CMenuMain.LifecycleItems.get	GetAccessorDeclaration	-	호출자 스레드	기존 식 평가 시점	기존 호출자에게 직접 전달	낮음	블록 본문과 명시적 return/get/set
ExpressionBody	Drilling.UI	Drilling.UI/Menu/Menus/CMenuMain.cs	142	Drilling.UI.Menu.Menus.CMenuMain.LifecycleItems.set	SetAccessorDeclaration	-	호출자 스레드	기존 식 평가 시점	기존 호출자에게 직접 전달	낮음	블록 본문과 명시적 return/get/set
ExpressionBody	Drilling.UI	Drilling.UI/Menu/Menus/CMenuMain.cs	147	Drilling.UI.Menu.Menus.CMenuMain.ScriptTaskStatusItems.get	GetAccessorDeclaration	-	호출자 스레드	기존 식 평가 시점	기존 호출자에게 직접 전달	낮음	블록 본문과 명시적 return/get/set
ExpressionBody	Drilling.UI	Drilling.UI/Menu/Menus/CMenuMain.cs	148	Drilling.UI.Menu.Menus.CMenuMain.ScriptTaskStatusItems.set	SetAccessorDeclaration	-	호출자 스레드	기존 식 평가 시점	기존 호출자에게 직접 전달	낮음	블록 본문과 명시적 return/get/set
ExpressionBody	Drilling.UI	Drilling.UI/Menu/Menus/CMenuMain.cs	153	Drilling.UI.Menu.Menus.CMenuMain.InspectionStatusItems.get	GetAccessorDeclaration	-	호출자 스레드	기존 식 평가 시점	기존 호출자에게 직접 전달	낮음	블록 본문과 명시적 return/get/set
ExpressionBody	Drilling.UI	Drilling.UI/Menu/Menus/CMenuMain.cs	154	Drilling.UI.Menu.Menus.CMenuMain.InspectionStatusItems.set	SetAccessorDeclaration	-	호출자 스레드	기존 식 평가 시점	기존 호출자에게 직접 전달	낮음	블록 본문과 명시적 return/get/set
ExpressionBody	Drilling.UI	Drilling.UI/Menu/Menus/CMenuMain.cs	159	Drilling.UI.Menu.Menus.CMenuMain.InspectionSummary.get	GetAccessorDeclaration	-	호출자 스레드	기존 식 평가 시점	기존 호출자에게 직접 전달	낮음	블록 본문과 명시적 return/get/set
ExpressionBody	Drilling.UI	Drilling.UI/Menu/Menus/CMenuMain.cs	160	Drilling.UI.Menu.Menus.CMenuMain.InspectionSummary.set	SetAccessorDeclaration	-	호출자 스레드	기존 식 평가 시점	기존 호출자에게 직접 전달	낮음	블록 본문과 명시적 return/get/set
ExpressionBody	Drilling.UI	Drilling.UI/Menu/Menus/CMenuMain.cs	165	Drilling.UI.Menu.Menus.CMenuMain.InspectionModeText.get	GetAccessorDeclaration	-	호출자 스레드	기존 식 평가 시점	기존 호출자에게 직접 전달	낮음	블록 본문과 명시적 return/get/set
ExpressionBody	Drilling.UI	Drilling.UI/Menu/Menus/CMenuMain.cs	166	Drilling.UI.Menu.Menus.CMenuMain.InspectionModeText.set	SetAccessorDeclaration	-	호출자 스레드	기존 식 평가 시점	기존 호출자에게 직접 전달	낮음	블록 본문과 명시적 return/get/set
ExpressionBody	Drilling.UI	Drilling.UI/Menu/Menus/CMenuMain.cs	171	Drilling.UI.Menu.Menus.CMenuMain.InspectionRuleText.get	GetAccessorDeclaration	-	호출자 스레드	기존 식 평가 시점	기존 호출자에게 직접 전달	낮음	블록 본문과 명시적 return/get/set
ExpressionBody	Drilling.UI	Drilling.UI/Menu/Menus/CMenuMain.cs	172	Drilling.UI.Menu.Menus.CMenuMain.InspectionRuleText.set	SetAccessorDeclaration	-	호출자 스레드	기존 식 평가 시점	기존 호출자에게 직접 전달	낮음	블록 본문과 명시적 return/get/set
ExpressionBody	Drilling.UI	Drilling.UI/Menu/Menus/CMenuMain.cs	177	Drilling.UI.Menu.Menus.CMenuMain.InspectionRuleVisibility.get	GetAccessorDeclaration	-	호출자 스레드	기존 식 평가 시점	기존 호출자에게 직접 전달	낮음	블록 본문과 명시적 return/get/set
ExpressionBody	Drilling.UI	Drilling.UI/Menu/Menus/CMenuMain.cs	178	Drilling.UI.Menu.Menus.CMenuMain.InspectionRuleVisibility.set	SetAccessorDeclaration	-	호출자 스레드	기존 식 평가 시점	기존 호출자에게 직접 전달	낮음	블록 본문과 명시적 return/get/set
ExpressionBody	Drilling.UI	Drilling.UI/Menu/Menus/CMenuMain.cs	183	Drilling.UI.Menu.Menus.CMenuMain.InterlockItems.get	GetAccessorDeclaration	-	호출자 스레드	기존 식 평가 시점	기존 호출자에게 직접 전달	낮음	블록 본문과 명시적 return/get/set
ExpressionBody	Drilling.UI	Drilling.UI/Menu/Menus/CMenuMain.cs	184	Drilling.UI.Menu.Menus.CMenuMain.InterlockItems.set	SetAccessorDeclaration	-	호출자 스레드	기존 식 평가 시점	기존 호출자에게 직접 전달	낮음	블록 본문과 명시적 return/get/set
ExpressionBody	Drilling.UI	Drilling.UI/Menu/Menus/CMenuMain.cs	197	Drilling.UI.Menu.Menus.CMenuMain.ScannerStatusItems.get	GetAccessorDeclaration	-	호출자 스레드	기존 식 평가 시점	기존 호출자에게 직접 전달	낮음	블록 본문과 명시적 return/get/set
ExpressionBody	Drilling.UI	Drilling.UI/Menu/Menus/CMenuMain.cs	198	Drilling.UI.Menu.Menus.CMenuMain.ScannerStatusItems.set	SetAccessorDeclaration	-	호출자 스레드	기존 식 평가 시점	기존 호출자에게 직접 전달	낮음	블록 본문과 명시적 return/get/set
ExpressionBody	Drilling.UI	Drilling.UI/Menu/Menus/CMenuMain.cs	207	Drilling.UI.Menu.Menus.CMenuMain.IsScannerStatusSelected.get	PropertyDeclaration	-	호출자 스레드	기존 식 평가 시점	기존 호출자에게 직접 전달	낮음	블록 본문과 명시적 return/get/set
ExpressionBody	Drilling.UI	Drilling.UI/Menu/Menus/CMenuMain.cs	211	Drilling.UI.Menu.Menus.CMenuMain.ProcessStep.get	GetAccessorDeclaration	-	호출자 스레드	기존 식 평가 시점	기존 호출자에게 직접 전달	낮음	블록 본문과 명시적 return/get/set
ExpressionBody	Drilling.UI	Drilling.UI/Menu/Menus/CMenuMain.cs	212	Drilling.UI.Menu.Menus.CMenuMain.ProcessStep.set	SetAccessorDeclaration	-	호출자 스레드	기존 식 평가 시점	기존 호출자에게 직접 전달	낮음	블록 본문과 명시적 return/get/set
ExpressionBody	Drilling.UI	Drilling.UI/Menu/Menus/CMenuMain.cs	217	Drilling.UI.Menu.Menus.CMenuMain.ScriptStatus.get	GetAccessorDeclaration	-	호출자 스레드	기존 식 평가 시점	기존 호출자에게 직접 전달	낮음	블록 본문과 명시적 return/get/set
ExpressionBody	Drilling.UI	Drilling.UI/Menu/Menus/CMenuMain.cs	218	Drilling.UI.Menu.Menus.CMenuMain.ScriptStatus.set	SetAccessorDeclaration	-	호출자 스레드	기존 식 평가 시점	기존 호출자에게 직접 전달	낮음	블록 본문과 명시적 return/get/set
ExpressionBody	Drilling.UI	Drilling.UI/Menu/Menus/CMenuMain.cs	223	Drilling.UI.Menu.Menus.CMenuMain.ScriptStatusText.get	GetAccessorDeclaration	-	호출자 스레드	기존 식 평가 시점	기존 호출자에게 직접 전달	낮음	블록 본문과 명시적 return/get/set
ExpressionBody	Drilling.UI	Drilling.UI/Menu/Menus/CMenuMain.cs	224	Drilling.UI.Menu.Menus.CMenuMain.ScriptStatusText.set	SetAccessorDeclaration	-	호출자 스레드	기존 식 평가 시점	기존 호출자에게 직접 전달	낮음	블록 본문과 명시적 return/get/set
ExpressionBody	Drilling.UI	Drilling.UI/Menu/Menus/CMenuMain.cs	229	Drilling.UI.Menu.Menus.CMenuMain.ResultMessage.get	GetAccessorDeclaration	-	호출자 스레드	기존 식 평가 시점	기존 호출자에게 직접 전달	낮음	블록 본문과 명시적 return/get/set
ExpressionBody	Drilling.UI	Drilling.UI/Menu/Menus/CMenuMain.cs	230	Drilling.UI.Menu.Menus.CMenuMain.ResultMessage.set	SetAccessorDeclaration	-	호출자 스레드	기존 식 평가 시점	기존 호출자에게 직접 전달	낮음	블록 본문과 명시적 return/get/set
ExpressionBody	Drilling.UI	Drilling.UI/Menu/Menus/CMenuMain.cs	235	Drilling.UI.Menu.Menus.CMenuMain.TotalPointsText.get	GetAccessorDeclaration	-	호출자 스레드	기존 식 평가 시점	기존 호출자에게 직접 전달	낮음	블록 본문과 명시적 return/get/set
ExpressionBody	Drilling.UI	Drilling.UI/Menu/Menus/CMenuMain.cs	236	Drilling.UI.Menu.Menus.CMenuMain.TotalPointsText.set	SetAccessorDeclaration	-	호출자 스레드	기존 식 평가 시점	기존 호출자에게 직접 전달	낮음	블록 본문과 명시적 return/get/set
ExpressionBody	Drilling.UI	Drilling.UI/Menu/Menus/CMenuMain.cs	241	Drilling.UI.Menu.Menus.CMenuMain.MoveCountText.get	GetAccessorDeclaration	-	호출자 스레드	기존 식 평가 시점	기존 호출자에게 직접 전달	낮음	블록 본문과 명시적 return/get/set
ExpressionBody	Drilling.UI	Drilling.UI/Menu/Menus/CMenuMain.cs	242	Drilling.UI.Menu.Menus.CMenuMain.MoveCountText.set	SetAccessorDeclaration	-	호출자 스레드	기존 식 평가 시점	기존 호출자에게 직접 전달	낮음	블록 본문과 명시적 return/get/set
ExpressionBody	Drilling.UI	Drilling.UI/Menu/Menus/CMenuMain.cs	247	Drilling.UI.Menu.Menus.CMenuMain.LaserOnSegmentsText.get	GetAccessorDeclaration	-	호출자 스레드	기존 식 평가 시점	기존 호출자에게 직접 전달	낮음	블록 본문과 명시적 return/get/set
ExpressionBody	Drilling.UI	Drilling.UI/Menu/Menus/CMenuMain.cs	248	Drilling.UI.Menu.Menus.CMenuMain.LaserOnSegmentsText.set	SetAccessorDeclaration	-	호출자 스레드	기존 식 평가 시점	기존 호출자에게 직접 전달	낮음	블록 본문과 명시적 return/get/set
ExpressionBody	Drilling.UI	Drilling.UI/Menu/Menus/CMenuMain.cs	253	Drilling.UI.Menu.Menus.CMenuMain.EstimatedTimeText.get	GetAccessorDeclaration	-	호출자 스레드	기존 식 평가 시점	기존 호출자에게 직접 전달	낮음	블록 본문과 명시적 return/get/set
ExpressionBody	Drilling.UI	Drilling.UI/Menu/Menus/CMenuMain.cs	254	Drilling.UI.Menu.Menus.CMenuMain.EstimatedTimeText.set	SetAccessorDeclaration	-	호출자 스레드	기존 식 평가 시점	기존 호출자에게 직접 전달	낮음	블록 본문과 명시적 return/get/set
ExpressionBody	Drilling.UI	Drilling.UI/Menu/Menus/CMenuMain.cs	259	Drilling.UI.Menu.Menus.CMenuMain.ElapsedTimeText.get	GetAccessorDeclaration	-	호출자 스레드	기존 식 평가 시점	기존 호출자에게 직접 전달	낮음	블록 본문과 명시적 return/get/set
ExpressionBody	Drilling.UI	Drilling.UI/Menu/Menus/CMenuMain.cs	260	Drilling.UI.Menu.Menus.CMenuMain.ElapsedTimeText.set	SetAccessorDeclaration	-	호출자 스레드	기존 식 평가 시점	기존 호출자에게 직접 전달	낮음	블록 본문과 명시적 return/get/set
ExpressionBody	Drilling.UI	Drilling.UI/Menu/Menus/CMenuMain.cs	265	Drilling.UI.Menu.Menus.CMenuMain.ProgressText.get	GetAccessorDeclaration	-	호출자 스레드	기존 식 평가 시점	기존 호출자에게 직접 전달	낮음	블록 본문과 명시적 return/get/set
ExpressionBody	Drilling.UI	Drilling.UI/Menu/Menus/CMenuMain.cs	266	Drilling.UI.Menu.Menus.CMenuMain.ProgressText.set	SetAccessorDeclaration	-	호출자 스레드	기존 식 평가 시점	기존 호출자에게 직접 전달	낮음	블록 본문과 명시적 return/get/set
ExpressionBody	Drilling.UI	Drilling.UI/Menu/Menus/CMenuMain.cs	271	Drilling.UI.Menu.Menus.CMenuMain.ProgressPercentText.get	GetAccessorDeclaration	-	호출자 스레드	기존 식 평가 시점	기존 호출자에게 직접 전달	낮음	블록 본문과 명시적 return/get/set
ExpressionBody	Drilling.UI	Drilling.UI/Menu/Menus/CMenuMain.cs	272	Drilling.UI.Menu.Menus.CMenuMain.ProgressPercentText.set	SetAccessorDeclaration	-	호출자 스레드	기존 식 평가 시점	기존 호출자에게 직접 전달	낮음	블록 본문과 명시적 return/get/set
ExpressionBody	Drilling.UI	Drilling.UI/Menu/Menus/CMenuMain.cs	277	Drilling.UI.Menu.Menus.CMenuMain.ProgressPercent.get	GetAccessorDeclaration	-	호출자 스레드	기존 식 평가 시점	기존 호출자에게 직접 전달	낮음	블록 본문과 명시적 return/get/set
ExpressionBody	Drilling.UI	Drilling.UI/Menu/Menus/CMenuMain.cs	278	Drilling.UI.Menu.Menus.CMenuMain.ProgressPercent.set	SetAccessorDeclaration	-	호출자 스레드	기존 식 평가 시점	기존 호출자에게 직접 전달	낮음	블록 본문과 명시적 return/get/set
ExpressionBody	Drilling.UI	Drilling.UI/Menu/Menus/CMenuMain.cs	283	Drilling.UI.Menu.Menus.CMenuMain.ProcessResultValue.get	GetAccessorDeclaration	-	호출자 스레드	기존 식 평가 시점	기존 호출자에게 직접 전달	낮음	블록 본문과 명시적 return/get/set
ExpressionBody	Drilling.UI	Drilling.UI/Menu/Menus/CMenuMain.cs	284	Drilling.UI.Menu.Menus.CMenuMain.ProcessResultValue.set	SetAccessorDeclaration	-	호출자 스레드	기존 식 평가 시점	기존 호출자에게 직접 전달	낮음	블록 본문과 명시적 return/get/set
ExpressionBody	Drilling.UI	Drilling.UI/Menu/Menus/CMenuMain.cs	289	Drilling.UI.Menu.Menus.CMenuMain.ProcessResultBrush.get	GetAccessorDeclaration	-	호출자 스레드	기존 식 평가 시점	기존 호출자에게 직접 전달	낮음	블록 본문과 명시적 return/get/set
ExpressionBody	Drilling.UI	Drilling.UI/Menu/Menus/CMenuMain.cs	290	Drilling.UI.Menu.Menus.CMenuMain.ProcessResultBrush.set	SetAccessorDeclaration	-	호출자 스레드	기존 식 평가 시점	기존 호출자에게 직접 전달	낮음	블록 본문과 명시적 return/get/set
ExpressionBody	Drilling.UI	Drilling.UI/Menu/Menus/CMenuMain.cs	295	Drilling.UI.Menu.Menus.CMenuMain.ToggleSequenceStepUseCommand.get	PropertyDeclaration	-	호출자 스레드	기존 식 평가 시점	기존 호출자에게 직접 전달	낮음	블록 본문과 명시적 return/get/set
Lambda	Drilling.UI	Drilling.UI/Menu/Menus/CMenuMain.cs	296	Drilling.UI.Menu.Menus.CMenuMain.ToggleSequenceStepUseCommand.get	Argument	this	호출자 스레드	기존 식 평가 시점	기존 호출자에게 직접 전달	중간	이름 있는 메서드 또는 명시적 반복문
ExpressionBody	Drilling.UI	Drilling.UI/Menu/Menus/CMenuMain.cs	298	Drilling.UI.Menu.Menus.CMenuMain.SelectParameterTabCommand.get	PropertyDeclaration	-	호출자 스레드	기존 식 평가 시점	기존 호출자에게 직접 전달	낮음	블록 본문과 명시적 return/get/set
Lambda	Drilling.UI	Drilling.UI/Menu/Menus/CMenuMain.cs	299	Drilling.UI.Menu.Menus.CMenuMain.SelectParameterTabCommand.get	Argument	this	호출자 스레드	기존 식 평가 시점	기존 호출자에게 직접 전달	중간	이름 있는 메서드 또는 명시적 반복문
Lambda	Drilling.UI	Drilling.UI/Menu/Menus/CMenuMain.cs	338	Drilling.UI.Menu.Menus.CMenuMain.Build(System.Threading.CancellationToken)	headAssignmentMap.Areas              .Select	recipePreview	열거를 수행하는 호출자 스레드	기존 LINQ 열거 시점	기존 열거 시 호출자에게 전달	중간	이름 있는 조건/선택 메서드 또는 for/foreach
Lambda	Drilling.UI	Drilling.UI/Menu/Menus/CMenuMain.cs	349	Drilling.UI.Menu.Menus.CMenuMain.Build(System.Threading.CancellationToken)	snapshot.HeadPreviews              .GroupBy	-	열거를 수행하는 호출자 스레드	기존 LINQ 열거 시점	기존 열거 시 호출자에게 전달	낮음	이름 있는 조건/선택 메서드 또는 for/foreach
Lambda	Drilling.UI	Drilling.UI/Menu/Menus/CMenuMain.cs	350	Drilling.UI.Menu.Menus.CMenuMain.Build(System.Threading.CancellationToken)	snapshot.HeadPreviews              .GroupBy(head => head.HeadNo)              .ToDictionary	-	열거를 수행하는 호출자 스레드	기존 LINQ 열거 시점	기존 열거 시 호출자에게 전달	낮음	이름 있는 조건/선택 메서드 또는 for/foreach
Lambda	Drilling.UI	Drilling.UI/Menu/Menus/CMenuMain.cs	350	Drilling.UI.Menu.Menus.CMenuMain.Build(System.Threading.CancellationToken)	snapshot.HeadPreviews              .GroupBy(head => head.HeadNo)              .ToDictionary	-	열거를 수행하는 호출자 스레드	기존 LINQ 열거 시점	기존 열거 시 호출자에게 전달	낮음	이름 있는 조건/선택 메서드 또는 for/foreach
Lambda	Drilling.UI	Drilling.UI/Menu/Menus/CMenuMain.cs	353	Drilling.UI.Menu.Menus.CMenuMain.Build(System.Threading.CancellationToken)	displayedHeadAreas              .Select	headStatusMap	열거를 수행하는 호출자 스레드	기존 LINQ 열거 시점	기존 열거 시 호출자에게 전달	중간	이름 있는 조건/선택 메서드 또는 for/foreach
Lambda	Drilling.UI	Drilling.UI/Menu/Menus/CMenuMain.cs	360	Drilling.UI.Menu.Menus.CMenuMain.Build(System.Threading.CancellationToken)	displayedHeadAreas              .Select	selectedHeadNos,headStatusMap	열거를 수행하는 호출자 스레드	기존 LINQ 열거 시점	기존 열거 시 호출자에게 전달	중간	이름 있는 조건/선택 메서드 또는 for/foreach
Lambda	Drilling.UI	Drilling.UI/Menu/Menus/CMenuMain.cs	526	Drilling.UI.Menu.Menus.CMenuMain.Apply(System.Collections.Generic.IReadOnlyList<Drilling.UI.Menu.Menus.ST_HEAD_PREVIEW>, System.Collections.Generic.IReadOnlyList<Drilling.UI.Menu.Menus.ST_HEAD_ASSIGNMENT_AREA>, Drilling.UI.Menu.Menus.ST_GLASS_PREVIEW_FRAME, string, System.Windows.Media.ImageSource?, System.Collections.Generic.IReadOnlyList<Drilling.UI.Menu.Menus.ST_CELL_PREVIEW_LABEL>, System.Collections.Generic.IReadOnlyList<Drilling.UI.Menu.Menus.ST_DISPLAY_ITEM>, System.Collections.Generic.IReadOnlyList<Drilling.UI.Menu.Menus.ST_DISPLAY_ITEM>, System.Collections.Generic.IReadOnlyList<Drilling.UI.Menu.Menus.ST_MAIN_PROCESS_SEQUENCE_ITEM>, System.Collections.Generic.IReadOnlyList<Drilling.UI.Menu.Menus.ST_DISPLAY_ITEM>, System.Collections.Generic.IReadOnlyList<Drilling.UI.Menu.Menus.ST_DISPLAY_ITEM>, System.Collections.Generic.IReadOnlyList<Drilling.UI.Menu.Menus.ST_DISPLAY_ITEM>, System.Collections.Generic.IReadOnlyList<Drilling.UI.Menu.Menus.ST_SCRIPT_TASK_STATUS_ITEM>, System.Collections.Generic.IReadOnlyList<Drilling.UI.Menu.Menus.ST_INSPECTION_STATUS_ITEM>, string, string, string, System.Windows.Visibility, System.Collections.Generic.IReadOnlyList<Drilling.UI.Menu.Menus.ST_INTERLOCK_ITEM>, System.Collections.Generic.IReadOnlyList<Drilling.UI.Menu.Menus.ST_HEAD_PARAMETER>, System.Collections.Generic.IReadOnlyList<Drilling.UI.Menu.Menus.ST_MAIN_PARAMETER_TAB_ITEM>, System.Collections.Generic.IReadOnlyList<Drilling.UI.Menu.Menus.ST_OPTIC_PARAMETER_GROUP>, System.Collections.Generic.IReadOnlyList<Drilling.UI.Menu.Menus.ST_OPTIC_HEAD_PARAMETER>, System.Collections.Generic.IReadOnlyList<Drilling.UI.Menu.Menus.ST_SCANNER_AXIS_STATUS_ITEM>, string, string, string, Drilling.Common.Station.ST_PROCESS_STATISTICS, string, Drilling.UI.Menu.CButtonCommand)	headPreviews              .Where	-	열거를 수행하는 호출자 스레드	기존 LINQ 열거 시점	기존 열거 시 호출자에게 전달	낮음	이름 있는 조건/선택 메서드 또는 for/foreach
Lambda	Drilling.UI	Drilling.UI/Menu/Menus/CMenuMain.cs	527	Drilling.UI.Menu.Menus.CMenuMain.Apply(System.Collections.Generic.IReadOnlyList<Drilling.UI.Menu.Menus.ST_HEAD_PREVIEW>, System.Collections.Generic.IReadOnlyList<Drilling.UI.Menu.Menus.ST_HEAD_ASSIGNMENT_AREA>, Drilling.UI.Menu.Menus.ST_GLASS_PREVIEW_FRAME, string, System.Windows.Media.ImageSource?, System.Collections.Generic.IReadOnlyList<Drilling.UI.Menu.Menus.ST_CELL_PREVIEW_LABEL>, System.Collections.Generic.IReadOnlyList<Drilling.UI.Menu.Menus.ST_DISPLAY_ITEM>, System.Collections.Generic.IReadOnlyList<Drilling.UI.Menu.Menus.ST_DISPLAY_ITEM>, System.Collections.Generic.IReadOnlyList<Drilling.UI.Menu.Menus.ST_MAIN_PROCESS_SEQUENCE_ITEM>, System.Collections.Generic.IReadOnlyList<Drilling.UI.Menu.Menus.ST_DISPLAY_ITEM>, System.Collections.Generic.IReadOnlyList<Drilling.UI.Menu.Menus.ST_DISPLAY_ITEM>, System.Collections.Generic.IReadOnlyList<Drilling.UI.Menu.Menus.ST_DISPLAY_ITEM>, System.Collections.Generic.IReadOnlyList<Drilling.UI.Menu.Menus.ST_SCRIPT_TASK_STATUS_ITEM>, System.Collections.Generic.IReadOnlyList<Drilling.UI.Menu.Menus.ST_INSPECTION_STATUS_ITEM>, string, string, string, System.Windows.Visibility, System.Collections.Generic.IReadOnlyList<Drilling.UI.Menu.Menus.ST_INTERLOCK_ITEM>, System.Collections.Generic.IReadOnlyList<Drilling.UI.Menu.Menus.ST_HEAD_PARAMETER>, System.Collections.Generic.IReadOnlyList<Drilling.UI.Menu.Menus.ST_MAIN_PARAMETER_TAB_ITEM>, System.Collections.Generic.IReadOnlyList<Drilling.UI.Menu.Menus.ST_OPTIC_PARAMETER_GROUP>, System.Collections.Generic.IReadOnlyList<Drilling.UI.Menu.Menus.ST_OPTIC_HEAD_PARAMETER>, System.Collections.Generic.IReadOnlyList<Drilling.UI.Menu.Menus.ST_SCANNER_AXIS_STATUS_ITEM>, string, string, string, Drilling.Common.Station.ST_PROCESS_STATISTICS, string, Drilling.UI.Menu.CButtonCommand)	headPreviews              .Where(head => head.HeadNo % 2 != 0)              .OrderBy	-	열거를 수행하는 호출자 스레드	기존 LINQ 열거 시점	기존 열거 시 호출자에게 전달	낮음	이름 있는 조건/선택 메서드 또는 for/foreach
Lambda	Drilling.UI	Drilling.UI/Menu/Menus/CMenuMain.cs	530	Drilling.UI.Menu.Menus.CMenuMain.Apply(System.Collections.Generic.IReadOnlyList<Drilling.UI.Menu.Menus.ST_HEAD_PREVIEW>, System.Collections.Generic.IReadOnlyList<Drilling.UI.Menu.Menus.ST_HEAD_ASSIGNMENT_AREA>, Drilling.UI.Menu.Menus.ST_GLASS_PREVIEW_FRAME, string, System.Windows.Media.ImageSource?, System.Collections.Generic.IReadOnlyList<Drilling.UI.Menu.Menus.ST_CELL_PREVIEW_LABEL>, System.Collections.Generic.IReadOnlyList<Drilling.UI.Menu.Menus.ST_DISPLAY_ITEM>, System.Collections.Generic.IReadOnlyList<Drilling.UI.Menu.Menus.ST_DISPLAY_ITEM>, System.Collections.Generic.IReadOnlyList<Drilling.UI.Menu.Menus.ST_MAIN_PROCESS_SEQUENCE_ITEM>, System.Collections.Generic.IReadOnlyList<Drilling.UI.Menu.Menus.ST_DISPLAY_ITEM>, System.Collections.Generic.IReadOnlyList<Drilling.UI.Menu.Menus.ST_DISPLAY_ITEM>, System.Collections.Generic.IReadOnlyList<Drilling.UI.Menu.Menus.ST_DISPLAY_ITEM>, System.Collections.Generic.IReadOnlyList<Drilling.UI.Menu.Menus.ST_SCRIPT_TASK_STATUS_ITEM>, System.Collections.Generic.IReadOnlyList<Drilling.UI.Menu.Menus.ST_INSPECTION_STATUS_ITEM>, string, string, string, System.Windows.Visibility, System.Collections.Generic.IReadOnlyList<Drilling.UI.Menu.Menus.ST_INTERLOCK_ITEM>, System.Collections.Generic.IReadOnlyList<Drilling.UI.Menu.Menus.ST_HEAD_PARAMETER>, System.Collections.Generic.IReadOnlyList<Drilling.UI.Menu.Menus.ST_MAIN_PARAMETER_TAB_ITEM>, System.Collections.Generic.IReadOnlyList<Drilling.UI.Menu.Menus.ST_OPTIC_PARAMETER_GROUP>, System.Collections.Generic.IReadOnlyList<Drilling.UI.Menu.Menus.ST_OPTIC_HEAD_PARAMETER>, System.Collections.Generic.IReadOnlyList<Drilling.UI.Menu.Menus.ST_SCANNER_AXIS_STATUS_ITEM>, string, string, string, Drilling.Common.Station.ST_PROCESS_STATISTICS, string, Drilling.UI.Menu.CButtonCommand)	headPreviews              .Where	-	열거를 수행하는 호출자 스레드	기존 LINQ 열거 시점	기존 열거 시 호출자에게 전달	낮음	이름 있는 조건/선택 메서드 또는 for/foreach
Lambda	Drilling.UI	Drilling.UI/Menu/Menus/CMenuMain.cs	531	Drilling.UI.Menu.Menus.CMenuMain.Apply(System.Collections.Generic.IReadOnlyList<Drilling.UI.Menu.Menus.ST_HEAD_PREVIEW>, System.Collections.Generic.IReadOnlyList<Drilling.UI.Menu.Menus.ST_HEAD_ASSIGNMENT_AREA>, Drilling.UI.Menu.Menus.ST_GLASS_PREVIEW_FRAME, string, System.Windows.Media.ImageSource?, System.Collections.Generic.IReadOnlyList<Drilling.UI.Menu.Menus.ST_CELL_PREVIEW_LABEL>, System.Collections.Generic.IReadOnlyList<Drilling.UI.Menu.Menus.ST_DISPLAY_ITEM>, System.Collections.Generic.IReadOnlyList<Drilling.UI.Menu.Menus.ST_DISPLAY_ITEM>, System.Collections.Generic.IReadOnlyList<Drilling.UI.Menu.Menus.ST_MAIN_PROCESS_SEQUENCE_ITEM>, System.Collections.Generic.IReadOnlyList<Drilling.UI.Menu.Menus.ST_DISPLAY_ITEM>, System.Collections.Generic.IReadOnlyList<Drilling.UI.Menu.Menus.ST_DISPLAY_ITEM>, System.Collections.Generic.IReadOnlyList<Drilling.UI.Menu.Menus.ST_DISPLAY_ITEM>, System.Collections.Generic.IReadOnlyList<Drilling.UI.Menu.Menus.ST_SCRIPT_TASK_STATUS_ITEM>, System.Collections.Generic.IReadOnlyList<Drilling.UI.Menu.Menus.ST_INSPECTION_STATUS_ITEM>, string, string, string, System.Windows.Visibility, System.Collections.Generic.IReadOnlyList<Drilling.UI.Menu.Menus.ST_INTERLOCK_ITEM>, System.Collections.Generic.IReadOnlyList<Drilling.UI.Menu.Menus.ST_HEAD_PARAMETER>, System.Collections.Generic.IReadOnlyList<Drilling.UI.Menu.Menus.ST_MAIN_PARAMETER_TAB_ITEM>, System.Collections.Generic.IReadOnlyList<Drilling.UI.Menu.Menus.ST_OPTIC_PARAMETER_GROUP>, System.Collections.Generic.IReadOnlyList<Drilling.UI.Menu.Menus.ST_OPTIC_HEAD_PARAMETER>, System.Collections.Generic.IReadOnlyList<Drilling.UI.Menu.Menus.ST_SCANNER_AXIS_STATUS_ITEM>, string, string, string, Drilling.Common.Station.ST_PROCESS_STATISTICS, string, Drilling.UI.Menu.CButtonCommand)	headPreviews              .Where(head => head.HeadNo % 2 == 0)              .OrderBy	-	열거를 수행하는 호출자 스레드	기존 LINQ 열거 시점	기존 열거 시 호출자에게 전달	낮음	이름 있는 조건/선택 메서드 또는 for/foreach
SwitchExpression	Drilling.UI	Drilling.UI/Menu/Menus/CMenuMain.cs	584	Drilling.UI.Menu.Menus.CMenuMain.FormatScriptStatus(Drilling.Common.Station.EN_SCRIPT_STATUS)	ReturnStatement	-	호출자 스레드	기존 식 평가 시점	기존 호출자에게 직접 전달	중간	일반 switch 문과 명시적 return/대입
Lambda	Drilling.UI	Drilling.UI/Menu/Menus/CMenuMain.cs	602	Drilling.UI.Menu.Menus.CMenuMain.BuildProcessSequenceItems(System.Collections.Generic.IReadOnlyList<Drilling.Common.Station.ST_PROCESS_DISPLAY_ITEM>, System.Collections.Generic.IReadOnlyDictionary<string, bool>, bool)	processSequence              .Select	autoStepOptions,canToggleAutoStep	열거를 수행하는 호출자 스레드	기존 LINQ 열거 시점	기존 열거 시 호출자에게 전달	중간	이름 있는 조건/선택 메서드 또는 for/foreach
SwitchExpression	Drilling.UI	Drilling.UI/Menu/Menus/CMenuMain.cs	628	Drilling.UI.Menu.Menus.CMenuMain.NormalizeAutoStepKey(string)	ReturnStatement	-	호출자 스레드	기존 식 평가 시점	기존 호출자에게 직접 전달	중간	일반 switch 문과 명시적 return/대입
Lambda	Drilling.UI	Drilling.UI/Menu/Menus/CMenuMain.cs	640	Drilling.UI.Menu.Menus.CMenuMain.LoadAutoStepOptions(System.Threading.CancellationToken)	parameters.ToDictionary	-	열거를 수행하는 호출자 스레드	기존 LINQ 열거 시점	기존 열거 시 호출자에게 전달	낮음	이름 있는 조건/선택 메서드 또는 for/foreach
Lambda	Drilling.UI	Drilling.UI/Menu/Menus/CMenuMain.cs	641	Drilling.UI.Menu.Menus.CMenuMain.LoadAutoStepOptions(System.Threading.CancellationToken)	parameters.ToDictionary	-	열거를 수행하는 호출자 스레드	기존 LINQ 열거 시점	기존 열거 시 호출자에게 전달	낮음	이름 있는 조건/선택 메서드 또는 for/foreach
Lambda	Drilling.UI	Drilling.UI/Menu/Menus/CMenuMain.cs	647	Drilling.UI.Menu.Menus.CMenuMain.LoadAutoStepOptions(System.Threading.CancellationToken)	OptionalAutoStepSettingKeys.Values              .Distinct(StringComparer.OrdinalIgnoreCase)              .ToDictionary	-	열거를 수행하는 호출자 스레드	기존 LINQ 열거 시점	기존 열거 시 호출자에게 전달	낮음	이름 있는 조건/선택 메서드 또는 for/foreach
Lambda	Drilling.UI	Drilling.UI/Menu/Menus/CMenuMain.cs	648	Drilling.UI.Menu.Menus.CMenuMain.LoadAutoStepOptions(System.Threading.CancellationToken)	OptionalAutoStepSettingKeys.Values              .Distinct(StringComparer.OrdinalIgnoreCase)              .ToDictionary	values	열거를 수행하는 호출자 스레드	기존 LINQ 열거 시점	기존 열거 시 호출자에게 전달	중간	이름 있는 조건/선택 메서드 또는 for/foreach
Lambda	Drilling.UI	Drilling.UI/Menu/Menus/CMenuMain.cs	752	Drilling.UI.Menu.Menus.CMenuMain.BuildScriptTaskStatusPlaceholders(Drilling.Common.Station.ST_STATION_PROCESS_STATUS, System.Collections.Generic.IReadOnlyDictionary<string, string>)	BuildScriptTaskDefinitions(snapshot, previewParameters)              .Select	-	열거를 수행하는 호출자 스레드	기존 LINQ 열거 시점	기존 열거 시 호출자에게 전달	낮음	이름 있는 조건/선택 메서드 또는 for/foreach
Lambda	Drilling.UI	Drilling.UI/Menu/Menus/CMenuMain.cs	769	Drilling.UI.Menu.Menus.CMenuMain.BuildScriptTaskDefinitions(Drilling.Common.Station.ST_STATION_PROCESS_STATUS, System.Collections.Generic.IReadOnlyDictionary<string, string>)	.Heads              .GroupBy	-	열거를 수행하는 호출자 스레드	기존 LINQ 열거 시점	기존 열거 시 호출자에게 전달	낮음	이름 있는 조건/선택 메서드 또는 for/foreach
Lambda	Drilling.UI	Drilling.UI/Menu/Menus/CMenuMain.cs	770	Drilling.UI.Menu.Menus.CMenuMain.BuildScriptTaskDefinitions(Drilling.Common.Station.ST_STATION_PROCESS_STATUS, System.Collections.Generic.IReadOnlyDictionary<string, string>)	.Heads              .GroupBy(head => head.HeadNo)              .ToDictionary	-	열거를 수행하는 호출자 스레드	기존 LINQ 열거 시점	기존 열거 시 호출자에게 전달	낮음	이름 있는 조건/선택 메서드 또는 for/foreach
Lambda	Drilling.UI	Drilling.UI/Menu/Menus/CMenuMain.cs	770	Drilling.UI.Menu.Menus.CMenuMain.BuildScriptTaskDefinitions(Drilling.Common.Station.ST_STATION_PROCESS_STATUS, System.Collections.Generic.IReadOnlyDictionary<string, string>)	.Heads              .GroupBy(head => head.HeadNo)              .ToDictionary	-	열거를 수행하는 호출자 스레드	기존 LINQ 열거 시점	기존 열거 시 호출자에게 전달	낮음	이름 있는 조건/선택 메서드 또는 for/foreach
Lambda	Drilling.UI	Drilling.UI/Menu/Menus/CMenuMain.cs	774	Drilling.UI.Menu.Menus.CMenuMain.BuildScriptTaskDefinitions(Drilling.Common.Station.ST_STATION_PROCESS_STATUS, System.Collections.Generic.IReadOnlyDictionary<string, string>)	Enumerable.Range(1, 8)              .Select	previewParameters,headMap	열거를 수행하는 호출자 스레드	기존 LINQ 열거 시점	기존 열거 시 호출자에게 전달	중간	이름 있는 조건/선택 메서드 또는 for/foreach
Lambda	Drilling.UI	Drilling.UI/Menu/Menus/CMenuMain.cs	982	Drilling.UI.Menu.Menus.CMenuMain.BuildOpticDeviceMap(Drilling.Common.Interface.EN_EQP_MODULE)	interfaceManager.GetInterfaceList(module)              .GroupBy	-	열거를 수행하는 호출자 스레드	기존 LINQ 열거 시점	기존 열거 시 호출자에게 전달	낮음	이름 있는 조건/선택 메서드 또는 for/foreach
Lambda	Drilling.UI	Drilling.UI/Menu/Menus/CMenuMain.cs	984	Drilling.UI.Menu.Menus.CMenuMain.BuildOpticDeviceMap(Drilling.Common.Interface.EN_EQP_MODULE)	interfaceManager.GetInterfaceList(module)              .GroupBy(device => Math.Clamp(device.Number + 1, 1, 8))              .ToDictionary	-	열거를 수행하는 호출자 스레드	기존 LINQ 열거 시점	기존 열거 시 호출자에게 전달	낮음	이름 있는 조건/선택 메서드 또는 for/foreach
Lambda	Drilling.UI	Drilling.UI/Menu/Menus/CMenuMain.cs	985	Drilling.UI.Menu.Menus.CMenuMain.BuildOpticDeviceMap(Drilling.Common.Interface.EN_EQP_MODULE)	interfaceManager.GetInterfaceList(module)              .GroupBy(device => Math.Clamp(device.Number + 1, 1, 8))              .ToDictionary	-	열거를 수행하는 호출자 스레드	기존 LINQ 열거 시점	기존 열거 시 호출자에게 전달	낮음	이름 있는 조건/선택 메서드 또는 for/foreach
Lambda	Drilling.UI	Drilling.UI/Menu/Menus/CMenuMain.cs	986	lambda expression	group                      .OrderBy	-	열거를 수행하는 호출자 스레드	기존 LINQ 열거 시점	기존 열거 시 호출자에게 전달	낮음	이름 있는 조건/선택 메서드 또는 for/foreach
Lambda	Drilling.UI	Drilling.UI/Menu/Menus/CMenuMain.cs	987	lambda expression	group                      .OrderBy(device => device.Number)                      .ThenBy	-	열거를 수행하는 호출자 스레드	기존 LINQ 열거 시점	기존 열거 시 호출자에게 전달	낮음	이름 있는 조건/선택 메서드 또는 for/foreach
Lambda	Drilling.UI	Drilling.UI/Menu/Menus/CMenuMain.cs	1205	Drilling.UI.Menu.Menus.CMenuMain.OrderOpticHeadParameters(System.Collections.Generic.IReadOnlyList<Drilling.UI.Menu.Menus.ST_OPTIC_HEAD_PARAMETER>)	headParameters.ToDictionary	-	열거를 수행하는 호출자 스레드	기존 LINQ 열거 시점	기존 열거 시 호출자에게 전달	낮음	이름 있는 조건/선택 메서드 또는 for/foreach
Lambda	Drilling.UI	Drilling.UI/Menu/Menus/CMenuMain.cs	1206	Drilling.UI.Menu.Menus.CMenuMain.OrderOpticHeadParameters(System.Collections.Generic.IReadOnlyList<Drilling.UI.Menu.Menus.ST_OPTIC_HEAD_PARAMETER>)	headParameters.ToDictionary	-	열거를 수행하는 호출자 스레드	기존 LINQ 열거 시점	기존 열거 시 호출자에게 전달	낮음	이름 있는 조건/선택 메서드 또는 for/foreach
Lambda	Drilling.UI	Drilling.UI/Menu/Menus/CMenuMain.cs	1209	Drilling.UI.Menu.Menus.CMenuMain.OrderOpticHeadParameters(System.Collections.Generic.IReadOnlyList<Drilling.UI.Menu.Menus.ST_OPTIC_HEAD_PARAMETER>)	CreateOpticHeadOrder()              .Select	-	열거를 수행하는 호출자 스레드	기존 LINQ 열거 시점	기존 열거 시 호출자에게 전달	낮음	이름 있는 조건/선택 메서드 또는 for/foreach
Lambda	Drilling.UI	Drilling.UI/Menu/Menus/CMenuMain.cs	1211	Drilling.UI.Menu.Menus.CMenuMain.OrderOpticHeadParameters(System.Collections.Generic.IReadOnlyList<Drilling.UI.Menu.Menus.ST_OPTIC_HEAD_PARAMETER>)	CreateOpticHeadOrder()              .Select(headNo => $"H{headNo:00}")              .Where(headMap.ContainsKey)              .Select	headMap	열거를 수행하는 호출자 스레드	기존 LINQ 열거 시점	기존 열거 시 호출자에게 전달	중간	이름 있는 조건/선택 메서드 또는 for/foreach
Lambda	Drilling.UI	Drilling.UI/Menu/Menus/CMenuMain.cs	1239	Drilling.UI.Menu.Menus.CMenuMain.FormatOpticGroupState(System.Collections.Generic.IReadOnlyList<Drilling.UI.Menu.Menus.ST_OPTIC_PARAMETER_ITEM>)	items.All	-	열거를 수행하는 호출자 스레드	기존 LINQ 열거 시점	기존 열거 시 호출자에게 전달	낮음	이름 있는 조건/선택 메서드 또는 for/foreach
Lambda	Drilling.UI	Drilling.UI/Menu/Menus/CMenuMain.cs	1244	Drilling.UI.Menu.Menus.CMenuMain.FormatOpticGroupState(System.Collections.Generic.IReadOnlyList<Drilling.UI.Menu.Menus.ST_OPTIC_PARAMETER_ITEM>)	items.Any	-	열거를 수행하는 호출자 스레드	기존 LINQ 열거 시점	기존 열거 시 호출자에게 전달	낮음	이름 있는 조건/선택 메서드 또는 for/foreach
Lambda	Drilling.UI	Drilling.UI/Menu/Menus/CMenuMain.cs	1249	Drilling.UI.Menu.Menus.CMenuMain.FormatOpticGroupState(System.Collections.Generic.IReadOnlyList<Drilling.UI.Menu.Menus.ST_OPTIC_PARAMETER_ITEM>)	items.Any	-	열거를 수행하는 호출자 스레드	기존 LINQ 열거 시점	기존 열거 시 호출자에게 전달	낮음	이름 있는 조건/선택 메서드 또는 for/foreach
Lambda	Drilling.UI	Drilling.UI/Menu/Menus/CMenuMain.cs	1254	Drilling.UI.Menu.Menus.CMenuMain.FormatOpticGroupState(System.Collections.Generic.IReadOnlyList<Drilling.UI.Menu.Menus.ST_OPTIC_PARAMETER_ITEM>)	items.Any	-	열거를 수행하는 호출자 스레드	기존 LINQ 열거 시점	기존 열거 시 호출자에게 전달	낮음	이름 있는 조건/선택 메서드 또는 for/foreach
Lambda	Drilling.UI	Drilling.UI/Menu/Menus/CMenuMain.cs	1259	Drilling.UI.Menu.Menus.CMenuMain.FormatOpticGroupState(System.Collections.Generic.IReadOnlyList<Drilling.UI.Menu.Menus.ST_OPTIC_PARAMETER_ITEM>)	items.Any	-	열거를 수행하는 호출자 스레드	기존 LINQ 열거 시점	기존 열거 시 호출자에게 전달	낮음	이름 있는 조건/선택 메서드 또는 for/foreach
Lambda	Drilling.UI	Drilling.UI/Menu/Menus/CMenuMain.cs	1264	Drilling.UI.Menu.Menus.CMenuMain.FormatOpticGroupState(System.Collections.Generic.IReadOnlyList<Drilling.UI.Menu.Menus.ST_OPTIC_PARAMETER_ITEM>)	items.Any	-	열거를 수행하는 호출자 스레드	기존 LINQ 열거 시점	기존 열거 시 호출자에게 전달	낮음	이름 있는 조건/선택 메서드 또는 for/foreach
Lambda	Drilling.UI	Drilling.UI/Menu/Menus/CMenuMain.cs	1277	Drilling.UI.Menu.Menus.CMenuMain.IsOpticState(string, params string[])	expectedStates.Any	normalized	열거를 수행하는 호출자 스레드	기존 LINQ 열거 시점	기존 열거 시 호출자에게 전달	중간	이름 있는 조건/선택 메서드 또는 for/foreach
SwitchExpression	Drilling.UI	Drilling.UI/Menu/Menus/CMenuMain.cs	1337	Drilling.UI.Menu.Menus.CMenuMain.ReadBoolOption(string, bool)	ReturnStatement	-	호출자 스레드	기존 식 평가 시점	기존 호출자에게 직접 전달	중간	일반 switch 문과 명시적 return/대입
SwitchExpression	Drilling.UI	Drilling.UI/Menu/Menus/CMenuMain.cs	1347	Drilling.UI.Menu.Menus.CMenuMain.FormatAutoStepOptionName(string)	ReturnStatement	-	호출자 스레드	기존 식 평가 시점	기존 호출자에게 직접 전달	중간	일반 switch 문과 명시적 return/대입
Lambda	Drilling.UI	Drilling.UI/Menu/Menus/CMenuMain.cs	1378	Drilling.UI.Menu.Menus.CMenuMain.BuildInspectionStatus(Drilling.Common.Station.ST_STATION_PROCESS_STATUS)	items.Count	-	열거를 수행하는 호출자 스레드	기존 LINQ 열거 시점	기존 열거 시 호출자에게 전달	낮음	이름 있는 조건/선택 메서드 또는 for/foreach
Lambda	Drilling.UI	Drilling.UI/Menu/Menus/CMenuMain.cs	1379	Drilling.UI.Menu.Menus.CMenuMain.BuildInspectionStatus(Drilling.Common.Station.ST_STATION_PROCESS_STATUS)	items.Count	-	열거를 수행하는 호출자 스레드	기존 LINQ 열거 시점	기존 열거 시 호출자에게 전달	낮음	이름 있는 조건/선택 메서드 또는 for/foreach
Lambda	Drilling.UI	Drilling.UI/Menu/Menus/CMenuMain.cs	1380	Drilling.UI.Menu.Menus.CMenuMain.BuildInspectionStatus(Drilling.Common.Station.ST_STATION_PROCESS_STATUS)	items.FirstOrDefault	-	열거를 수행하는 호출자 스레드	기존 LINQ 열거 시점	기존 열거 시 호출자에게 전달	낮음	이름 있는 조건/선택 메서드 또는 for/foreach
Lambda	Drilling.UI	Drilling.UI/Menu/Menus/CMenuMain.cs	1407	Drilling.UI.Menu.Menus.CMenuMain.BuildInspectionStatusItems(Drilling.Common.Review.ST_REVIEW_PLAN)	points              .Select	-	열거를 수행하는 호출자 스레드	기존 LINQ 열거 시점	기존 열거 시 호출자에게 전달	낮음	이름 있는 조건/선택 메서드 또는 for/foreach
SwitchExpression	Drilling.UI	Drilling.UI/Menu/Menus/CMenuMain.cs	1410	lambda expression	EqualsValueClause	-	호출자 스레드	기존 식 평가 시점	기존 호출자에게 직접 전달	중간	일반 switch 문과 명시적 return/대입
Lambda	Drilling.UI	Drilling.UI/Menu/Menus/CMenuMain.cs	1449	Drilling.UI.Menu.Menus.CMenuMain.OrderByInspectionSequence(System.Collections.Generic.IEnumerable<Drilling.Common.Review.ST_REVIEW_PLAN_POINT>)	points              .OrderBy	-	열거를 수행하는 호출자 스레드	기존 LINQ 열거 시점	기존 열거 시 호출자에게 전달	낮음	이름 있는 조건/선택 메서드 또는 for/foreach
Lambda	Drilling.UI	Drilling.UI/Menu/Menus/CMenuMain.cs	1450	Drilling.UI.Menu.Menus.CMenuMain.OrderByInspectionSequence(System.Collections.Generic.IEnumerable<Drilling.Common.Review.ST_REVIEW_PLAN_POINT>)	points              .OrderBy(point => point.DesignY)              .ThenBy	-	열거를 수행하는 호출자 스레드	기존 LINQ 열거 시점	기존 열거 시 호출자에게 전달	낮음	이름 있는 조건/선택 메서드 또는 for/foreach
Lambda	Drilling.UI	Drilling.UI/Menu/Menus/CMenuMain.cs	1451	Drilling.UI.Menu.Menus.CMenuMain.OrderByInspectionSequence(System.Collections.Generic.IEnumerable<Drilling.Common.Review.ST_REVIEW_PLAN_POINT>)	points              .OrderBy(point => point.DesignY)              .ThenBy(point => point.DesignX)              .ThenBy	-	열거를 수행하는 호출자 스레드	기존 LINQ 열거 시점	기존 열거 시 호출자에게 전달	낮음	이름 있는 조건/선택 메서드 또는 for/foreach
Lambda	Drilling.UI	Drilling.UI/Menu/Menus/CMenuMain.cs	1452	Drilling.UI.Menu.Menus.CMenuMain.OrderByInspectionSequence(System.Collections.Generic.IEnumerable<Drilling.Common.Review.ST_REVIEW_PLAN_POINT>)	points              .OrderBy(point => point.DesignY)              .ThenBy(point => point.DesignX)              .ThenBy(point => point.CellNo)              .ThenBy	-	열거를 수행하는 호출자 스레드	기존 LINQ 열거 시점	기존 열거 시 호출자에게 전달	낮음	이름 있는 조건/선택 메서드 또는 for/foreach
Lambda	Drilling.UI	Drilling.UI/Menu/Menus/CMenuMain.cs	1474	Drilling.UI.Menu.Menus.CMenuMain.OrderByInspectionSequence(System.Collections.Generic.IEnumerable<Drilling.Common.Review.ST_REVIEW_PLAN_POINT>)	row                      .OrderBy	-	열거를 수행하는 호출자 스레드	기존 LINQ 열거 시점	기존 열거 시 호출자에게 전달	낮음	이름 있는 조건/선택 메서드 또는 for/foreach
Lambda	Drilling.UI	Drilling.UI/Menu/Menus/CMenuMain.cs	1475	Drilling.UI.Menu.Menus.CMenuMain.OrderByInspectionSequence(System.Collections.Generic.IEnumerable<Drilling.Common.Review.ST_REVIEW_PLAN_POINT>)	row                      .OrderBy(point => point.DesignX)                      .ThenBy	-	열거를 수행하는 호출자 스레드	기존 LINQ 열거 시점	기존 열거 시 호출자에게 전달	낮음	이름 있는 조건/선택 메서드 또는 for/foreach
Lambda	Drilling.UI	Drilling.UI/Menu/Menus/CMenuMain.cs	1476	Drilling.UI.Menu.Menus.CMenuMain.OrderByInspectionSequence(System.Collections.Generic.IEnumerable<Drilling.Common.Review.ST_REVIEW_PLAN_POINT>)	row                      .OrderBy(point => point.DesignX)                      .ThenBy(point => point.CellNo)                      .ThenBy	-	열거를 수행하는 호출자 스레드	기존 LINQ 열거 시점	기존 열거 시 호출자에게 전달	낮음	이름 있는 조건/선택 메서드 또는 for/foreach
Lambda	Drilling.UI	Drilling.UI/Menu/Menus/CMenuMain.cs	1478	Drilling.UI.Menu.Menus.CMenuMain.OrderByInspectionSequence(System.Collections.Generic.IEnumerable<Drilling.Common.Review.ST_REVIEW_PLAN_POINT>)	row                      .OrderByDescending	-	열거를 수행하는 호출자 스레드	기존 LINQ 열거 시점	기존 열거 시 호출자에게 전달	낮음	이름 있는 조건/선택 메서드 또는 for/foreach
Lambda	Drilling.UI	Drilling.UI/Menu/Menus/CMenuMain.cs	1479	Drilling.UI.Menu.Menus.CMenuMain.OrderByInspectionSequence(System.Collections.Generic.IEnumerable<Drilling.Common.Review.ST_REVIEW_PLAN_POINT>)	row                      .OrderByDescending(point => point.DesignX)                      .ThenBy	-	열거를 수행하는 호출자 스레드	기존 LINQ 열거 시점	기존 열거 시 호출자에게 전달	낮음	이름 있는 조건/선택 메서드 또는 for/foreach
Lambda	Drilling.UI	Drilling.UI/Menu/Menus/CMenuMain.cs	1480	Drilling.UI.Menu.Menus.CMenuMain.OrderByInspectionSequence(System.Collections.Generic.IEnumerable<Drilling.Common.Review.ST_REVIEW_PLAN_POINT>)	row                      .OrderByDescending(point => point.DesignX)                      .ThenBy(point => point.CellNo)                      .ThenBy	-	열거를 수행하는 호출자 스레드	기존 LINQ 열거 시점	기존 열거 시 호출자에게 전달	낮음	이름 있는 조건/선택 메서드 또는 for/foreach
SwitchExpression	Drilling.UI	Drilling.UI/Menu/Menus/CMenuMain.cs	1490	Drilling.UI.Menu.Menus.CMenuMain.ToInspectionStateText(Drilling.Common.Review.EN_REVIEW_POINT_STATE)	ReturnStatement	-	호출자 스레드	기존 식 평가 시점	기존 호출자에게 직접 전달	중간	일반 switch 문과 명시적 return/대입
SwitchExpression	Drilling.UI	Drilling.UI/Menu/Menus/CMenuMain.cs	1511	Drilling.UI.Menu.Menus.CMenuMain.FormatInterLockState(Drilling.Common.InterLock.ST_INTERLOCK_ITEM)	ReturnStatement	-	호출자 스레드	기존 식 평가 시점	기존 호출자에게 직접 전달	중간	일반 switch 문과 명시적 return/대입
Lambda	Drilling.UI	Drilling.UI/Menu/Menus/CMenuMain.cs	1566	Drilling.UI.Menu.Menus.CMenuMain.BuildRecipePreview(System.Collections.Generic.IReadOnlyDictionary<string, string>, System.Collections.Generic.IReadOnlySet<int>, Drilling.UI.Menu.Menus.ST_PREVIEW_HEAD_LAYOUT)	CCellPreviewDrawing.CreateDistortionKeyPreviews	parameters	호출자 스레드	기존 식 평가 시점	기존 호출자에게 직접 전달	중간	이름 있는 메서드 또는 명시적 반복문
Lambda	Drilling.UI	Drilling.UI/Menu/Menus/CMenuMain.cs	1586	Drilling.UI.Menu.Menus.CMenuMain.BuildRecipePreview(System.Collections.Generic.IReadOnlyDictionary<string, string>, System.Collections.Generic.IReadOnlySet<int>, Drilling.UI.Menu.Menus.ST_PREVIEW_HEAD_LAYOUT)	Enumerable.Range(1, headCount)              .ToDictionary	-	열거를 수행하는 호출자 스레드	기존 LINQ 열거 시점	기존 열거 시 호출자에게 전달	낮음	이름 있는 조건/선택 메서드 또는 for/foreach
Lambda	Drilling.UI	Drilling.UI/Menu/Menus/CMenuMain.cs	1586	Drilling.UI.Menu.Menus.CMenuMain.BuildRecipePreview(System.Collections.Generic.IReadOnlyDictionary<string, string>, System.Collections.Generic.IReadOnlySet<int>, Drilling.UI.Menu.Menus.ST_PREVIEW_HEAD_LAYOUT)	Enumerable.Range(1, headCount)              .ToDictionary	-	열거를 수행하는 호출자 스레드	기존 LINQ 열거 시점	기존 열거 시 호출자에게 전달	낮음	이름 있는 조건/선택 메서드 또는 for/foreach
Lambda	Drilling.UI	Drilling.UI/Menu/Menus/CMenuMain.cs	1588	Drilling.UI.Menu.Menus.CMenuMain.BuildRecipePreview(System.Collections.Generic.IReadOnlyDictionary<string, string>, System.Collections.Generic.IReadOnlySet<int>, Drilling.UI.Menu.Menus.ST_PREVIEW_HEAD_LAYOUT)	Enumerable.Range(1, headCount)              .ToDictionary	-	열거를 수행하는 호출자 스레드	기존 LINQ 열거 시점	기존 열거 시 호출자에게 전달	낮음	이름 있는 조건/선택 메서드 또는 for/foreach
Lambda	Drilling.UI	Drilling.UI/Menu/Menus/CMenuMain.cs	1588	Drilling.UI.Menu.Menus.CMenuMain.BuildRecipePreview(System.Collections.Generic.IReadOnlyDictionary<string, string>, System.Collections.Generic.IReadOnlySet<int>, Drilling.UI.Menu.Menus.ST_PREVIEW_HEAD_LAYOUT)	Enumerable.Range(1, headCount)              .ToDictionary	-	열거를 수행하는 호출자 스레드	기존 LINQ 열거 시점	기존 열거 시 호출자에게 전달	낮음	이름 있는 조건/선택 메서드 또는 for/foreach
Lambda	Drilling.UI	Drilling.UI/Menu/Menus/CMenuMain.cs	1762	Drilling.UI.Menu.Menus.CMenuMain.AssignPreviewHead(double, int, Drilling.UI.Menu.Menus.ST_PREVIEW_HEAD_LAYOUT, double, System.Collections.Generic.IReadOnlyDictionary<int, long>)	Enumerable.Range(1, headCount)              .Select	x,headLayout,akMarginX	열거를 수행하는 호출자 스레드	기존 LINQ 열거 시점	기존 열거 시 호출자에게 전달	중간	이름 있는 조건/선택 메서드 또는 for/foreach
Lambda	Drilling.UI	Drilling.UI/Menu/Menus/CMenuMain.cs	1774	Drilling.UI.Menu.Menus.CMenuMain.AssignPreviewHead(double, int, Drilling.UI.Menu.Menus.ST_PREVIEW_HEAD_LAYOUT, double, System.Collections.Generic.IReadOnlyDictionary<int, long>)	Enumerable.Range(1, headCount)              .Select(headNo =>              {                  var range = GetPreviewHeadRange(headNo, headLayout, akMarginX);                  if (x < range.StartX || x > range.EndX)                  {                      return (ST_PREVIEW_HEAD_ASSIGNMENT_CANDIDATE?)null;                  }                    return new ST_PREVIEW_HEAD_ASSIGNMENT_CANDIDATE(                      headNo,                      Math.Abs(x - range.CenterX));              })              .Where	-	열거를 수행하는 호출자 스레드	기존 LINQ 열거 시점	기존 열거 시 호출자에게 전달	낮음	이름 있는 조건/선택 메서드 또는 for/foreach
Lambda	Drilling.UI	Drilling.UI/Menu/Menus/CMenuMain.cs	1775	Drilling.UI.Menu.Menus.CMenuMain.AssignPreviewHead(double, int, Drilling.UI.Menu.Menus.ST_PREVIEW_HEAD_LAYOUT, double, System.Collections.Generic.IReadOnlyDictionary<int, long>)	Enumerable.Range(1, headCount)              .Select(headNo =>              {                  var range = GetPreviewHeadRange(headNo, headLayout, akMarginX);                  if (x < range.StartX || x > range.EndX)                  {                      return (ST_PREVIEW_HEAD_ASSIGNMENT_CANDIDATE?)null;                  }                    return new ST_PREVIEW_HEAD_ASSIGNMENT_CANDIDATE(                      headNo,                      Math.Abs(x - range.CenterX));              })              .Where(candidate => candidate.HasValue)              .Select	-	열거를 수행하는 호출자 스레드	기존 LINQ 열거 시점	기존 열거 시 호출자에게 전달	낮음	이름 있는 조건/선택 메서드 또는 for/foreach
Lambda	Drilling.UI	Drilling.UI/Menu/Menus/CMenuMain.cs	1781	Drilling.UI.Menu.Menus.CMenuMain.AssignPreviewHead(double, int, Drilling.UI.Menu.Menus.ST_PREVIEW_HEAD_LAYOUT, double, System.Collections.Generic.IReadOnlyDictionary<int, long>)	candidates                  .OrderBy	-	열거를 수행하는 호출자 스레드	기존 LINQ 열거 시점	기존 열거 시 호출자에게 전달	낮음	이름 있는 조건/선택 메서드 또는 for/foreach
Lambda	Drilling.UI	Drilling.UI/Menu/Menus/CMenuMain.cs	1782	Drilling.UI.Menu.Menus.CMenuMain.AssignPreviewHead(double, int, Drilling.UI.Menu.Menus.ST_PREVIEW_HEAD_LAYOUT, double, System.Collections.Generic.IReadOnlyDictionary<int, long>)	candidates                  .OrderBy(candidate => candidate.Distance)                  .ThenBy	assignedHeadCounts	열거를 수행하는 호출자 스레드	기존 LINQ 열거 시점	기존 열거 시 호출자에게 전달	중간	이름 있는 조건/선택 메서드 또는 for/foreach
Lambda	Drilling.UI	Drilling.UI/Menu/Menus/CMenuMain.cs	1785	Drilling.UI.Menu.Menus.CMenuMain.AssignPreviewHead(double, int, Drilling.UI.Menu.Menus.ST_PREVIEW_HEAD_LAYOUT, double, System.Collections.Generic.IReadOnlyDictionary<int, long>)	candidates                  .OrderBy(candidate => candidate.Distance)                  .ThenBy(candidate => assignedHeadCounts.TryGetValue(candidate.HeadNo, out var count)                      ? count                      : 0)                  .ThenBy	-	열거를 수행하는 호출자 스레드	기존 LINQ 열거 시점	기존 열거 시 호출자에게 전달	낮음	이름 있는 조건/선택 메서드 또는 for/foreach
Lambda	Drilling.UI	Drilling.UI/Menu/Menus/CMenuMain.cs	1815	Drilling.UI.Menu.Menus.CMenuMain.BuildRecipeCellBoundary(double, double, double, int, int, double, double, double, Drilling.UI.Menu.Menus.ST_GLASS_PREVIEW_FRAME, double)	localCorners.Select	firstX,firstY,frame,scale,cos,sin	열거를 수행하는 호출자 스레드	기존 LINQ 열거 시점	기존 열거 시 호출자에게 전달	중간	이름 있는 조건/선택 메서드 또는 for/foreach
Lambda	Drilling.UI	Drilling.UI/Menu/Menus/CMenuMain.cs	1926	Drilling.UI.Menu.Menus.CMenuMain.LoadPreviewParameters(Drilling.Common.Station.ST_STATION_PROCESS_STATUS, System.Threading.CancellationToken)	recipes.FirstOrDefault	recipeId	열거를 수행하는 호출자 스레드	기존 LINQ 열거 시점	기존 열거 시 호출자에게 전달	중간	이름 있는 조건/선택 메서드 또는 for/foreach
Lambda	Drilling.UI	Drilling.UI/Menu/Menus/CMenuMain.cs	1928	Drilling.UI.Menu.Menus.CMenuMain.LoadPreviewParameters(Drilling.Common.Station.ST_STATION_PROCESS_STATUS, System.Threading.CancellationToken)	recipes.FirstOrDefault	-	열거를 수행하는 호출자 스레드	기존 LINQ 열거 시점	기존 열거 시 호출자에게 전달	낮음	이름 있는 조건/선택 메서드 또는 for/foreach
Lambda	Drilling.UI	Drilling.UI/Menu/Menus/CMenuMain.cs	1932	Drilling.UI.Menu.Menus.CMenuMain.LoadPreviewParameters(Drilling.Common.Station.ST_STATION_PROCESS_STATUS, System.Threading.CancellationToken)	recipe.Parameters.Where	-	열거를 수행하는 호출자 스레드	기존 LINQ 열거 시점	기존 열거 시 호출자에게 전달	낮음	이름 있는 조건/선택 메서드 또는 for/foreach
Lambda	Drilling.UI	Drilling.UI/Menu/Menus/CMenuMain.cs	1945	Drilling.UI.Menu.Menus.CMenuMain.LoadPreviewHeadLayout(System.Threading.CancellationToken)	Enumerable.Range(1, 8)              .Select	settings,headNo,position,widthX	열거를 수행하는 호출자 스레드	기존 LINQ 열거 시점	기존 열거 시 호출자에게 전달	중간	이름 있는 조건/선택 메서드 또는 for/foreach
Lambda	Drilling.UI	Drilling.UI/Menu/Menus/CMenuMain.cs	1985	Drilling.UI.Menu.Menus.CMenuMain.ReadSettingDouble(System.Collections.Generic.IReadOnlyList<Drilling.Common.Managers.ST_SYSTEM_PARAMETER>, double, params string[])	keys.Any	setting	열거를 수행하는 호출자 스레드	기존 LINQ 열거 시점	기존 열거 시 호출자에게 전달	중간	이름 있는 조건/선택 메서드 또는 for/foreach
Lambda	Drilling.UI	Drilling.UI/Menu/Menus/CMenuMain.cs	2119	Drilling.UI.Menu.Menus.CMenuMain.BuildHeadParameters(System.Collections.Generic.IReadOnlyDictionary<string, string>)	Enumerable.Range(1, headCount)              .Select	parameters,headNo	열거를 수행하는 호출자 스레드	기존 LINQ 열거 시점	기존 열거 시 호출자에게 전달	중간	이름 있는 조건/선택 메서드 또는 for/foreach
Lambda	Drilling.UI	Drilling.UI/Menu/Menus/CMenuMain.cs	2152	Drilling.UI.Menu.Menus.ST_PREVIEW_HEAD_LAYOUT.GetField(int)	Fields.First	normalizedHeadNo	열거를 수행하는 호출자 스레드	기존 LINQ 열거 시점	기존 열거 시 호출자에게 전달	중간	이름 있는 조건/선택 메서드 또는 for/foreach
ExpressionBody	Drilling.UI	Drilling.UI/Menu/Menus/CMenuMain.cs	2173	Drilling.UI.Menu.Menus.ST_HEAD_PREVIEW.StatusBrush.get	PropertyDeclaration	-	호출자 스레드	기존 식 평가 시점	기존 호출자에게 직접 전달	낮음	블록 본문과 명시적 return/get/set
ExpressionBody	Drilling.UI	Drilling.UI/Menu/Menus/CMenuMain.cs	2186	Drilling.UI.Menu.Menus.ST_MAIN_PROCESS_SEQUENCE_ITEM.OptionText.get	PropertyDeclaration	-	호출자 스레드	기존 식 평가 시점	기존 호출자에게 직접 전달	낮음	블록 본문과 명시적 return/get/set
ExpressionBody	Drilling.UI	Drilling.UI/Menu/Menus/CMenuMain.cs	2188	Drilling.UI.Menu.Menus.ST_MAIN_PROCESS_SEQUENCE_ITEM.StateBrush.get	PropertyDeclaration	-	호출자 스레드	기존 식 평가 시점	기존 호출자에게 직접 전달	낮음	블록 본문과 명시적 return/get/set
ExpressionBody	Drilling.UI	Drilling.UI/Menu/Menus/CMenuMain.cs	2190	Drilling.UI.Menu.Menus.ST_MAIN_PROCESS_SEQUENCE_ITEM.OptionBrush.get	PropertyDeclaration	-	호출자 스레드	기존 식 평가 시점	기존 호출자에게 직접 전달	낮음	블록 본문과 명시적 return/get/set
ExpressionBody	Drilling.UI	Drilling.UI/Menu/Menus/CMenuMain.cs	2192	Drilling.UI.Menu.Menus.ST_MAIN_PROCESS_SEQUENCE_ITEM.OptionBorderBrush.get	PropertyDeclaration	-	호출자 스레드	기존 식 평가 시점	기존 호출자에게 직접 전달	낮음	블록 본문과 명시적 return/get/set
ExpressionBody	Drilling.UI	Drilling.UI/Menu/Menus/CMenuMain.cs	2194	Drilling.UI.Menu.Menus.ST_MAIN_PROCESS_SEQUENCE_ITEM.OptionVisibility.get	PropertyDeclaration	-	호출자 스레드	기존 식 평가 시점	기존 호출자에게 직접 전달	낮음	블록 본문과 명시적 return/get/set
ExpressionBody	Drilling.UI	Drilling.UI/Menu/Menus/CMenuMain.cs	2196	Drilling.UI.Menu.Menus.ST_MAIN_PROCESS_SEQUENCE_ITEM.OptionOpacity.get	PropertyDeclaration	-	호출자 스레드	기존 식 평가 시점	기존 호출자에게 직접 전달	낮음	블록 본문과 명시적 return/get/set
ExpressionBody	Drilling.UI	Drilling.UI/Menu/Menus/CMenuMain.cs	2215	Drilling.UI.Menu.Menus.ST_HEAD_ASSIGNMENT_AREA.LabelCanvasTop.get	PropertyDeclaration	-	호출자 스레드	기존 식 평가 시점	기존 호출자에게 직접 전달	낮음	블록 본문과 명시적 return/get/set
ExpressionBody	Drilling.UI	Drilling.UI/Menu/Menus/CMenuMain.cs	2217	Drilling.UI.Menu.Menus.ST_HEAD_ASSIGNMENT_AREA.RangeVisibility.get	PropertyDeclaration	-	호출자 스레드	기존 식 평가 시점	기존 호출자에게 직접 전달	낮음	블록 본문과 명시적 return/get/set
ExpressionBody	Drilling.UI	Drilling.UI/Menu/Menus/CMenuMain.cs	2219	Drilling.UI.Menu.Menus.ST_HEAD_ASSIGNMENT_AREA.DisplayLabel.get	PropertyDeclaration	-	호출자 스레드	기존 식 평가 시점	기존 호출자에게 직접 전달	낮음	블록 본문과 명시적 return/get/set
ExpressionBody	Drilling.UI	Drilling.UI/Menu/Menus/CMenuMain.cs	2254	Drilling.UI.Menu.Menus.ST_SCRIPT_TASK_STATUS_ITEM.ControllerTaskText.get	PropertyDeclaration	-	호출자 스레드	기존 식 평가 시점	기존 호출자에게 직접 전달	낮음	블록 본문과 명시적 return/get/set
ExpressionBody	Drilling.UI	Drilling.UI/Menu/Menus/CMenuMain.cs	2256	Drilling.UI.Menu.Menus.ST_SCRIPT_TASK_STATUS_ITEM.FileText.get	PropertyDeclaration	-	호출자 스레드	기존 식 평가 시점	기존 호출자에게 직접 전달	낮음	블록 본문과 명시적 return/get/set
ExpressionBody	Drilling.UI	Drilling.UI/Menu/Menus/CMenuMain.cs	2258	Drilling.UI.Menu.Menus.ST_SCRIPT_TASK_STATUS_ITEM.DetailText.get	PropertyDeclaration	-	호출자 스레드	기존 식 평가 시점	기존 호출자에게 직접 전달	낮음	블록 본문과 명시적 return/get/set
ExpressionBody	Drilling.UI	Drilling.UI/Menu/Menus/CMenuMain.cs	2260	Drilling.UI.Menu.Menus.ST_SCRIPT_TASK_STATUS_ITEM.PointText.get	PropertyDeclaration	-	호출자 스레드	기존 식 평가 시점	기존 호출자에게 직접 전달	낮음	블록 본문과 명시적 return/get/set
ExpressionBody	Drilling.UI	Drilling.UI/Menu/Menus/CMenuMain.cs	2262	Drilling.UI.Menu.Menus.ST_SCRIPT_TASK_STATUS_ITEM.StateBrush.get	PropertyDeclaration	-	호출자 스레드	기존 식 평가 시점	기존 호출자에게 직접 전달	낮음	블록 본문과 명시적 return/get/set
SwitchExpression	Drilling.UI	Drilling.UI/Menu/Menus/CMenuMain.cs	2266	Drilling.UI.Menu.Menus.ST_SCRIPT_TASK_STATUS_ITEM.TaskStateBrush(string)	ReturnStatement	-	호출자 스레드	기존 식 평가 시점	기존 호출자에게 직접 전달	중간	일반 switch 문과 명시적 return/대입
ExpressionBody	Drilling.UI	Drilling.UI/Menu/Menus/CMenuMain.cs	2287	Drilling.UI.Menu.Menus.ST_INSPECTION_STATUS_ITEM.StateBrush.get	PropertyDeclaration	-	호출자 스레드	기존 식 평가 시점	기존 호출자에게 직접 전달	낮음	블록 본문과 명시적 return/get/set
ExpressionBody	Drilling.UI	Drilling.UI/Menu/Menus/CMenuMain.cs	2289	Drilling.UI.Menu.Menus.ST_INSPECTION_STATUS_ITEM.JudgeBrush.get	PropertyDeclaration	-	호출자 스레드	기존 식 평가 시점	기존 호출자에게 직접 전달	낮음	블록 본문과 명시적 return/get/set
ExpressionBody	Drilling.UI	Drilling.UI/Menu/Menus/CMenuMain.cs	2303	Drilling.UI.Menu.Menus.ST_MAIN_PARAMETER_TAB_ITEM.BackgroundBrush.get	PropertyDeclaration	-	호출자 스레드	기존 식 평가 시점	기존 호출자에게 직접 전달	낮음	블록 본문과 명시적 return/get/set
ExpressionBody	Drilling.UI	Drilling.UI/Menu/Menus/CMenuMain.cs	2305	Drilling.UI.Menu.Menus.ST_MAIN_PARAMETER_TAB_ITEM.BorderBrush.get	PropertyDeclaration	-	호출자 스레드	기존 식 평가 시점	기존 호출자에게 직접 전달	낮음	블록 본문과 명시적 return/get/set
ExpressionBody	Drilling.UI	Drilling.UI/Menu/Menus/CMenuMain.cs	2307	Drilling.UI.Menu.Menus.ST_MAIN_PARAMETER_TAB_ITEM.TextBrush.get	PropertyDeclaration	-	호출자 스레드	기존 식 평가 시점	기존 호출자에게 직접 전달	낮음	블록 본문과 명시적 return/get/set
ExpressionBody	Drilling.UI	Drilling.UI/Menu/Menus/CMenuMain.cs	2334	Drilling.UI.Menu.Menus.ST_OPTIC_HEAD_PARAMETER.LaserPowerText.get	PropertyDeclaration	-	호출자 스레드	기존 식 평가 시점	기존 호출자에게 직접 전달	낮음	블록 본문과 명시적 return/get/set
ExpressionBody	Drilling.UI	Drilling.UI/Menu/Menus/CMenuMain.cs	2336	Drilling.UI.Menu.Menus.ST_OPTIC_HEAD_PARAMETER.LaserGateText.get	PropertyDeclaration	-	호출자 스레드	기존 식 평가 시점	기존 호출자에게 직접 전달	낮음	블록 본문과 명시적 return/get/set
ExpressionBody	Drilling.UI	Drilling.UI/Menu/Menus/CMenuMain.cs	2338	Drilling.UI.Menu.Menus.ST_OPTIC_HEAD_PARAMETER.LaserShutterText.get	PropertyDeclaration	-	호출자 스레드	기존 식 평가 시점	기존 호출자에게 직접 전달	낮음	블록 본문과 명시적 return/get/set
ExpressionBody	Drilling.UI	Drilling.UI/Menu/Menus/CMenuMain.cs	2340	Drilling.UI.Menu.Menus.ST_OPTIC_HEAD_PARAMETER.AttenuatorText.get	PropertyDeclaration	-	호출자 스레드	기존 식 평가 시점	기존 호출자에게 직접 전달	낮음	블록 본문과 명시적 return/get/set
ExpressionBody	Drilling.UI	Drilling.UI/Menu/Menus/CMenuMain.cs	2342	Drilling.UI.Menu.Menus.ST_OPTIC_HEAD_PARAMETER.BetMagnificationText.get	PropertyDeclaration	-	호출자 스레드	기존 식 평가 시점	기존 호출자에게 직접 전달	낮음	블록 본문과 명시적 return/get/set
ExpressionBody	Drilling.UI	Drilling.UI/Menu/Menus/CMenuMain.cs	2344	Drilling.UI.Menu.Menus.ST_OPTIC_HEAD_PARAMETER.BetDivergenceText.get	PropertyDeclaration	-	호출자 스레드	기존 식 평가 시점	기존 호출자에게 직접 전달	낮음	블록 본문과 명시적 return/get/set
ExpressionBody	Drilling.UI	Drilling.UI/Menu/Menus/CMenuMain.cs	2346	Drilling.UI.Menu.Menus.ST_OPTIC_HEAD_PARAMETER.StateBrush.get	PropertyDeclaration	-	호출자 스레드	기존 식 평가 시점	기존 호출자에게 직접 전달	낮음	블록 본문과 명시적 return/get/set
ExpressionBody	Drilling.UI	Drilling.UI/Menu/Menus/CMenuMain.cs	2348	Drilling.UI.Menu.Menus.ST_OPTIC_HEAD_PARAMETER.LaserStateBrush.get	PropertyDeclaration	-	호출자 스레드	기존 식 평가 시점	기존 호출자에게 직접 전달	낮음	블록 본문과 명시적 return/get/set
ExpressionBody	Drilling.UI	Drilling.UI/Menu/Menus/CMenuMain.cs	2350	Drilling.UI.Menu.Menus.ST_OPTIC_HEAD_PARAMETER.LaserPowerBrush.get	PropertyDeclaration	-	호출자 스레드	기존 식 평가 시점	기존 호출자에게 직접 전달	낮음	블록 본문과 명시적 return/get/set
ExpressionBody	Drilling.UI	Drilling.UI/Menu/Menus/CMenuMain.cs	2352	Drilling.UI.Menu.Menus.ST_OPTIC_HEAD_PARAMETER.LaserGateBrush.get	PropertyDeclaration	-	호출자 스레드	기존 식 평가 시점	기존 호출자에게 직접 전달	낮음	블록 본문과 명시적 return/get/set
ExpressionBody	Drilling.UI	Drilling.UI/Menu/Menus/CMenuMain.cs	2354	Drilling.UI.Menu.Menus.ST_OPTIC_HEAD_PARAMETER.LaserShutterBrush.get	PropertyDeclaration	-	호출자 스레드	기존 식 평가 시점	기존 호출자에게 직접 전달	낮음	블록 본문과 명시적 return/get/set
ExpressionBody	Drilling.UI	Drilling.UI/Menu/Menus/CMenuMain.cs	2356	Drilling.UI.Menu.Menus.ST_OPTIC_HEAD_PARAMETER.AttenuatorStateBrush.get	PropertyDeclaration	-	호출자 스레드	기존 식 평가 시점	기존 호출자에게 직접 전달	낮음	블록 본문과 명시적 return/get/set
ExpressionBody	Drilling.UI	Drilling.UI/Menu/Menus/CMenuMain.cs	2358	Drilling.UI.Menu.Menus.ST_OPTIC_HEAD_PARAMETER.BetStateBrush.get	PropertyDeclaration	-	호출자 스레드	기존 식 평가 시점	기존 호출자에게 직접 전달	낮음	블록 본문과 명시적 return/get/set
ExpressionBody	Drilling.UI	Drilling.UI/Menu/Menus/CMenuMain.cs	2366	Drilling.UI.Menu.Menus.ST_OPTIC_PARAMETER_GROUP.StateBrush.get	PropertyDeclaration	-	호출자 스레드	기존 식 평가 시점	기존 호출자에게 직접 전달	낮음	블록 본문과 명시적 return/get/set
ExpressionBody	Drilling.UI	Drilling.UI/Menu/Menus/CMenuMain.cs	2375	Drilling.UI.Menu.Menus.ST_OPTIC_PARAMETER_ITEM.StateBrush.get	PropertyDeclaration	-	호출자 스레드	기존 식 평가 시점	기존 호출자에게 직접 전달	낮음	블록 본문과 명시적 return/get/set
SwitchExpression	Drilling.UI	Drilling.UI/Menu/Menus/CMenuMain.cs	2379	Drilling.UI.Menu.Menus.ST_OPTIC_PARAMETER_ITEM.OpticStateBrush(string)	ReturnStatement	-	호출자 스레드	기존 식 평가 시점	기존 호출자에게 직접 전달	중간	일반 switch 문과 명시적 return/대입
ExpressionBody	Drilling.UI	Drilling.UI/Menu/Menus/CMenuMain.cs	2420	Drilling.UI.Menu.Menus.ST_SCANNER_AXIS_STATUS_ITEM.AbleBrush.get	PropertyDeclaration	-	호출자 스레드	기존 식 평가 시점	기존 호출자에게 직접 전달	낮음	블록 본문과 명시적 return/get/set
ExpressionBody	Drilling.UI	Drilling.UI/Menu/Menus/CMenuMain.cs	2422	Drilling.UI.Menu.Menus.ST_SCANNER_AXIS_STATUS_ITEM.HomeBrush.get	PropertyDeclaration	-	호출자 스레드	기존 식 평가 시점	기존 호출자에게 직접 전달	낮음	블록 본문과 명시적 return/get/set
ExpressionBody	Drilling.UI	Drilling.UI/Menu/Menus/CMenuMain.cs	2424	Drilling.UI.Menu.Menus.ST_SCANNER_AXIS_STATUS_ITEM.ErrorBrush.get	PropertyDeclaration	-	호출자 스레드	기존 식 평가 시점	기존 호출자에게 직접 전달	낮음	블록 본문과 명시적 return/get/set
SwitchExpression	Drilling.UI	Drilling.UI/Menu/Menus/CMenuMain.cs	2428	Drilling.UI.Menu.Menus.ST_SCANNER_AXIS_STATUS_ITEM.ScannerStateBrush(string)	ReturnStatement	-	호출자 스레드	기존 식 평가 시점	기존 호출자에게 직접 전달	중간	일반 switch 문과 명시적 return/대입
Lambda	Drilling.UI	Drilling.UI/Menu/Menus/CMenuManual.cs	74	Drilling.UI.Menu.Menus.CMenuManual.CMenuManual(Drilling.Common.Managers.CManager, Drilling.Common.Managers.IManualScanFile, Drilling.Common.Station.IAutomationScriptFile, System.Func<int>, System.Func<string>, System.Action<string>, Drilling.UI.Menu.CButtonCommand, System.Action<string>, System.Action, System.Func<System.Threading.Tasks.Task>)	Argument	this	호출자 스레드	기존 식 평가 시점	기존 호출자에게 직접 전달	중간	이름 있는 메서드 또는 명시적 반복문
Lambda	Drilling.UI	Drilling.UI/Menu/Menus/CMenuManual.cs	75	Drilling.UI.Menu.Menus.CMenuManual.CMenuManual(Drilling.Common.Managers.CManager, Drilling.Common.Managers.IManualScanFile, Drilling.Common.Station.IAutomationScriptFile, System.Func<int>, System.Func<string>, System.Action<string>, Drilling.UI.Menu.CButtonCommand, System.Action<string>, System.Action, System.Func<System.Threading.Tasks.Task>)	Argument	this	호출자 스레드	기존 식 평가 시점	기존 호출자에게 직접 전달	중간	이름 있는 메서드 또는 명시적 반복문
Lambda	Drilling.UI	Drilling.UI/Menu/Menus/CMenuManual.cs	76	Drilling.UI.Menu.Menus.CMenuManual.CMenuManual(Drilling.Common.Managers.CManager, Drilling.Common.Managers.IManualScanFile, Drilling.Common.Station.IAutomationScriptFile, System.Func<int>, System.Func<string>, System.Action<string>, Drilling.UI.Menu.CButtonCommand, System.Action<string>, System.Action, System.Func<System.Threading.Tasks.Task>)	Argument	this	호출자 스레드	기존 식 평가 시점	기존 호출자에게 직접 전달	중간	이름 있는 메서드 또는 명시적 반복문
Lambda	Drilling.UI	Drilling.UI/Menu/Menus/CMenuManual.cs	77	Drilling.UI.Menu.Menus.CMenuManual.CMenuManual(Drilling.Common.Managers.CManager, Drilling.Common.Managers.IManualScanFile, Drilling.Common.Station.IAutomationScriptFile, System.Func<int>, System.Func<string>, System.Action<string>, Drilling.UI.Menu.CButtonCommand, System.Action<string>, System.Action, System.Func<System.Threading.Tasks.Task>)	Argument	this	호출자 스레드	기존 식 평가 시점	기존 호출자에게 직접 전달	중간	이름 있는 메서드 또는 명시적 반복문
Lambda	Drilling.UI	Drilling.UI/Menu/Menus/CMenuManual.cs	78	Drilling.UI.Menu.Menus.CMenuManual.CMenuManual(Drilling.Common.Managers.CManager, Drilling.Common.Managers.IManualScanFile, Drilling.Common.Station.IAutomationScriptFile, System.Func<int>, System.Func<string>, System.Action<string>, Drilling.UI.Menu.CButtonCommand, System.Action<string>, System.Action, System.Func<System.Threading.Tasks.Task>)	Argument	this	호출자 스레드	기존 식 평가 시점	기존 호출자에게 직접 전달	중간	이름 있는 메서드 또는 명시적 반복문
Lambda	Drilling.UI	Drilling.UI/Menu/Menus/CMenuManual.cs	79	Drilling.UI.Menu.Menus.CMenuManual.CMenuManual(Drilling.Common.Managers.CManager, Drilling.Common.Managers.IManualScanFile, Drilling.Common.Station.IAutomationScriptFile, System.Func<int>, System.Func<string>, System.Action<string>, Drilling.UI.Menu.CButtonCommand, System.Action<string>, System.Action, System.Func<System.Threading.Tasks.Task>)	Argument	this	호출자 스레드	기존 식 평가 시점	기존 호출자에게 직접 전달	중간	이름 있는 메서드 또는 명시적 반복문
Lambda	Drilling.UI	Drilling.UI/Menu/Menus/CMenuManual.cs	80	Drilling.UI.Menu.Menus.CMenuManual.CMenuManual(Drilling.Common.Managers.CManager, Drilling.Common.Managers.IManualScanFile, Drilling.Common.Station.IAutomationScriptFile, System.Func<int>, System.Func<string>, System.Action<string>, Drilling.UI.Menu.CButtonCommand, System.Action<string>, System.Action, System.Func<System.Threading.Tasks.Task>)	Argument	this	호출자 스레드	기존 식 평가 시점	기존 호출자에게 직접 전달	중간	이름 있는 메서드 또는 명시적 반복문
Lambda	Drilling.UI	Drilling.UI/Menu/Menus/CMenuManual.cs	81	Drilling.UI.Menu.Menus.CMenuManual.CMenuManual(Drilling.Common.Managers.CManager, Drilling.Common.Managers.IManualScanFile, Drilling.Common.Station.IAutomationScriptFile, System.Func<int>, System.Func<string>, System.Action<string>, Drilling.UI.Menu.CButtonCommand, System.Action<string>, System.Action, System.Func<System.Threading.Tasks.Task>)	Argument	this	호출자 스레드	기존 식 평가 시점	기존 호출자에게 직접 전달	중간	이름 있는 메서드 또는 명시적 반복문
Lambda	Drilling.UI	Drilling.UI/Menu/Menus/CMenuManual.cs	82	Drilling.UI.Menu.Menus.CMenuManual.CMenuManual(Drilling.Common.Managers.CManager, Drilling.Common.Managers.IManualScanFile, Drilling.Common.Station.IAutomationScriptFile, System.Func<int>, System.Func<string>, System.Action<string>, Drilling.UI.Menu.CButtonCommand, System.Action<string>, System.Action, System.Func<System.Threading.Tasks.Task>)	Argument	this	호출자 스레드	기존 식 평가 시점	기존 호출자에게 직접 전달	중간	이름 있는 메서드 또는 명시적 반복문
Lambda	Drilling.UI	Drilling.UI/Menu/Menus/CMenuManual.cs	83	Drilling.UI.Menu.Menus.CMenuManual.CMenuManual(Drilling.Common.Managers.CManager, Drilling.Common.Managers.IManualScanFile, Drilling.Common.Station.IAutomationScriptFile, System.Func<int>, System.Func<string>, System.Action<string>, Drilling.UI.Menu.CButtonCommand, System.Action<string>, System.Action, System.Func<System.Threading.Tasks.Task>)	Argument	this	호출자 스레드	기존 식 평가 시점	기존 호출자에게 직접 전달	중간	이름 있는 메서드 또는 명시적 반복문
Lambda	Drilling.UI	Drilling.UI/Menu/Menus/CMenuManual.cs	84	Drilling.UI.Menu.Menus.CMenuManual.CMenuManual(Drilling.Common.Managers.CManager, Drilling.Common.Managers.IManualScanFile, Drilling.Common.Station.IAutomationScriptFile, System.Func<int>, System.Func<string>, System.Action<string>, Drilling.UI.Menu.CButtonCommand, System.Action<string>, System.Action, System.Func<System.Threading.Tasks.Task>)	Argument	this	호출자 스레드	기존 식 평가 시점	기존 호출자에게 직접 전달	중간	이름 있는 메서드 또는 명시적 반복문
Lambda	Drilling.UI	Drilling.UI/Menu/Menus/CMenuManual.cs	85	Drilling.UI.Menu.Menus.CMenuManual.CMenuManual(Drilling.Common.Managers.CManager, Drilling.Common.Managers.IManualScanFile, Drilling.Common.Station.IAutomationScriptFile, System.Func<int>, System.Func<string>, System.Action<string>, Drilling.UI.Menu.CButtonCommand, System.Action<string>, System.Action, System.Func<System.Threading.Tasks.Task>)	Argument	this	호출자 스레드	기존 식 평가 시점	기존 호출자에게 직접 전달	중간	이름 있는 메서드 또는 명시적 반복문
Lambda	Drilling.UI	Drilling.UI/Menu/Menus/CMenuManual.cs	86	Drilling.UI.Menu.Menus.CMenuManual.CMenuManual(Drilling.Common.Managers.CManager, Drilling.Common.Managers.IManualScanFile, Drilling.Common.Station.IAutomationScriptFile, System.Func<int>, System.Func<string>, System.Action<string>, Drilling.UI.Menu.CButtonCommand, System.Action<string>, System.Action, System.Func<System.Threading.Tasks.Task>)	Argument	this	호출자 스레드	기존 식 평가 시점	기존 호출자에게 직접 전달	중간	이름 있는 메서드 또는 명시적 반복문
Lambda	Drilling.UI	Drilling.UI/Menu/Menus/CMenuManual.cs	87	Drilling.UI.Menu.Menus.CMenuManual.CMenuManual(Drilling.Common.Managers.CManager, Drilling.Common.Managers.IManualScanFile, Drilling.Common.Station.IAutomationScriptFile, System.Func<int>, System.Func<string>, System.Action<string>, Drilling.UI.Menu.CButtonCommand, System.Action<string>, System.Action, System.Func<System.Threading.Tasks.Task>)	Argument	this	호출자 스레드	기존 식 평가 시점	기존 호출자에게 직접 전달	중간	이름 있는 메서드 또는 명시적 반복문
Lambda	Drilling.UI	Drilling.UI/Menu/Menus/CMenuManual.cs	90	Drilling.UI.Menu.Menus.CMenuManual.CMenuManual(Drilling.Common.Managers.CManager, Drilling.Common.Managers.IManualScanFile, Drilling.Common.Station.IAutomationScriptFile, System.Func<int>, System.Func<string>, System.Action<string>, Drilling.UI.Menu.CButtonCommand, System.Action<string>, System.Action, System.Func<System.Threading.Tasks.Task>)	Argument	this	호출자 스레드	기존 식 평가 시점	기존 호출자에게 직접 전달	중간	이름 있는 메서드 또는 명시적 반복문
Lambda	Drilling.UI	Drilling.UI/Menu/Menus/CMenuManual.cs	91	Drilling.UI.Menu.Menus.CMenuManual.CMenuManual(Drilling.Common.Managers.CManager, Drilling.Common.Managers.IManualScanFile, Drilling.Common.Station.IAutomationScriptFile, System.Func<int>, System.Func<string>, System.Action<string>, Drilling.UI.Menu.CButtonCommand, System.Action<string>, System.Action, System.Func<System.Threading.Tasks.Task>)	Argument	this	호출자 스레드	기존 식 평가 시점	기존 호출자에게 직접 전달	중간	이름 있는 메서드 또는 명시적 반복문
ExpressionBody	Drilling.UI	Drilling.UI/Menu/Menus/CMenuManual.cs	100	Drilling.UI.Menu.Menus.CMenuManual.Menu.get	PropertyDeclaration	-	호출자 스레드	기존 식 평가 시점	기존 호출자에게 직접 전달	낮음	블록 본문과 명시적 return/get/set
ExpressionBody	Drilling.UI	Drilling.UI/Menu/Menus/CMenuManual.cs	120	Drilling.UI.Menu.Menus.CMenuManual.TargetGx.get	GetAccessorDeclaration	-	호출자 스레드	기존 식 평가 시점	기존 호출자에게 직접 전달	낮음	블록 본문과 명시적 return/get/set
ExpressionBody	Drilling.UI	Drilling.UI/Menu/Menus/CMenuManual.cs	121	Drilling.UI.Menu.Menus.CMenuManual.TargetGx.set	SetAccessorDeclaration	-	호출자 스레드	기존 식 평가 시점	기존 호출자에게 직접 전달	낮음	블록 본문과 명시적 return/get/set
ExpressionBody	Drilling.UI	Drilling.UI/Menu/Menus/CMenuManual.cs	126	Drilling.UI.Menu.Menus.CMenuManual.TargetGy.get	GetAccessorDeclaration	-	호출자 스레드	기존 식 평가 시점	기존 호출자에게 직접 전달	낮음	블록 본문과 명시적 return/get/set
ExpressionBody	Drilling.UI	Drilling.UI/Menu/Menus/CMenuManual.cs	127	Drilling.UI.Menu.Menus.CMenuManual.TargetGy.set	SetAccessorDeclaration	-	호출자 스레드	기존 식 평가 시점	기존 호출자에게 직접 전달	낮음	블록 본문과 명시적 return/get/set
ExpressionBody	Drilling.UI	Drilling.UI/Menu/Menus/CMenuManual.cs	132	Drilling.UI.Menu.Menus.CMenuManual.ShapeSize.get	GetAccessorDeclaration	-	호출자 스레드	기존 식 평가 시점	기존 호출자에게 직접 전달	낮음	블록 본문과 명시적 return/get/set
ExpressionBody	Drilling.UI	Drilling.UI/Menu/Menus/CMenuManual.cs	133	Drilling.UI.Menu.Menus.CMenuManual.ShapeSize.set	SetAccessorDeclaration	-	호출자 스레드	기존 식 평가 시점	기존 호출자에게 직접 전달	낮음	블록 본문과 명시적 return/get/set
ExpressionBody	Drilling.UI	Drilling.UI/Menu/Menus/CMenuManual.cs	138	Drilling.UI.Menu.Menus.CMenuManual.ShapeOffsetX.get	GetAccessorDeclaration	-	호출자 스레드	기존 식 평가 시점	기존 호출자에게 직접 전달	낮음	블록 본문과 명시적 return/get/set
ExpressionBody	Drilling.UI	Drilling.UI/Menu/Menus/CMenuManual.cs	139	Drilling.UI.Menu.Menus.CMenuManual.ShapeOffsetX.set	SetAccessorDeclaration	-	호출자 스레드	기존 식 평가 시점	기존 호출자에게 직접 전달	낮음	블록 본문과 명시적 return/get/set
ExpressionBody	Drilling.UI	Drilling.UI/Menu/Menus/CMenuManual.cs	144	Drilling.UI.Menu.Menus.CMenuManual.ShapeOffsetY.get	GetAccessorDeclaration	-	호출자 스레드	기존 식 평가 시점	기존 호출자에게 직접 전달	낮음	블록 본문과 명시적 return/get/set
ExpressionBody	Drilling.UI	Drilling.UI/Menu/Menus/CMenuManual.cs	145	Drilling.UI.Menu.Menus.CMenuManual.ShapeOffsetY.set	SetAccessorDeclaration	-	호출자 스레드	기존 식 평가 시점	기존 호출자에게 직접 전달	낮음	블록 본문과 명시적 return/get/set
ExpressionBody	Drilling.UI	Drilling.UI/Menu/Menus/CMenuManual.cs	150	Drilling.UI.Menu.Menus.CMenuManual.ShapeDirection.get	GetAccessorDeclaration	-	호출자 스레드	기존 식 평가 시점	기존 호출자에게 직접 전달	낮음	블록 본문과 명시적 return/get/set
ExpressionBody	Drilling.UI	Drilling.UI/Menu/Menus/CMenuManual.cs	151	Drilling.UI.Menu.Menus.CMenuManual.ShapeDirection.set	SetAccessorDeclaration	-	호출자 스레드	기존 식 평가 시점	기존 호출자에게 직접 전달	낮음	블록 본문과 명시적 return/get/set
ExpressionBody	Drilling.UI	Drilling.UI/Menu/Menus/CMenuManual.cs	156	Drilling.UI.Menu.Menus.CMenuManual.ShapeName.get	GetAccessorDeclaration	-	호출자 스레드	기존 식 평가 시점	기존 호출자에게 직접 전달	낮음	블록 본문과 명시적 return/get/set
ExpressionBody	Drilling.UI	Drilling.UI/Menu/Menus/CMenuManual.cs	157	Drilling.UI.Menu.Menus.CMenuManual.ShapeName.set	SetAccessorDeclaration	-	호출자 스레드	기존 식 평가 시점	기존 호출자에게 직접 전달	낮음	블록 본문과 명시적 return/get/set
ExpressionBody	Drilling.UI	Drilling.UI/Menu/Menus/CMenuManual.cs	162	Drilling.UI.Menu.Menus.CMenuManual.GridRowLines.get	GetAccessorDeclaration	-	호출자 스레드	기존 식 평가 시점	기존 호출자에게 직접 전달	낮음	블록 본문과 명시적 return/get/set
ExpressionBody	Drilling.UI	Drilling.UI/Menu/Menus/CMenuManual.cs	163	Drilling.UI.Menu.Menus.CMenuManual.GridRowLines.set	SetAccessorDeclaration	-	호출자 스레드	기존 식 평가 시점	기존 호출자에게 직접 전달	낮음	블록 본문과 명시적 return/get/set
ExpressionBody	Drilling.UI	Drilling.UI/Menu/Menus/CMenuManual.cs	168	Drilling.UI.Menu.Menus.CMenuManual.GridColLines.get	GetAccessorDeclaration	-	호출자 스레드	기존 식 평가 시점	기존 호출자에게 직접 전달	낮음	블록 본문과 명시적 return/get/set
ExpressionBody	Drilling.UI	Drilling.UI/Menu/Menus/CMenuManual.cs	169	Drilling.UI.Menu.Menus.CMenuManual.GridColLines.set	SetAccessorDeclaration	-	호출자 스레드	기존 식 평가 시점	기존 호출자에게 직접 전달	낮음	블록 본문과 명시적 return/get/set
ExpressionBody	Drilling.UI	Drilling.UI/Menu/Menus/CMenuManual.cs	174	Drilling.UI.Menu.Menus.CMenuManual.LaserOnMode.get	GetAccessorDeclaration	-	호출자 스레드	기존 식 평가 시점	기존 호출자에게 직접 전달	낮음	블록 본문과 명시적 return/get/set
ExpressionBody	Drilling.UI	Drilling.UI/Menu/Menus/CMenuManual.cs	187	Drilling.UI.Menu.Menus.CMenuManual.IsLaserTimeMode.get	PropertyDeclaration	-	호출자 스레드	기존 식 평가 시점	기존 호출자에게 직접 전달	낮음	블록 본문과 명시적 return/get/set
ExpressionBody	Drilling.UI	Drilling.UI/Menu/Menus/CMenuManual.cs	189	Drilling.UI.Menu.Menus.CMenuManual.IsLaserCountMode.get	PropertyDeclaration	-	호출자 스레드	기존 식 평가 시점	기존 호출자에게 직접 전달	낮음	블록 본문과 명시적 return/get/set
ExpressionBody	Drilling.UI	Drilling.UI/Menu/Menus/CMenuManual.cs	193	Drilling.UI.Menu.Menus.CMenuManual.LaserOnTimeMsec.get	GetAccessorDeclaration	-	호출자 스레드	기존 식 평가 시점	기존 호출자에게 직접 전달	낮음	블록 본문과 명시적 return/get/set
ExpressionBody	Drilling.UI	Drilling.UI/Menu/Menus/CMenuManual.cs	194	Drilling.UI.Menu.Menus.CMenuManual.LaserOnTimeMsec.set	SetAccessorDeclaration	-	호출자 스레드	기존 식 평가 시점	기존 호출자에게 직접 전달	낮음	블록 본문과 명시적 return/get/set
ExpressionBody	Drilling.UI	Drilling.UI/Menu/Menus/CMenuManual.cs	199	Drilling.UI.Menu.Menus.CMenuManual.LaserShotCount.get	GetAccessorDeclaration	-	호출자 스레드	기존 식 평가 시점	기존 호출자에게 직접 전달	낮음	블록 본문과 명시적 return/get/set
ExpressionBody	Drilling.UI	Drilling.UI/Menu/Menus/CMenuManual.cs	200	Drilling.UI.Menu.Menus.CMenuManual.LaserShotCount.set	SetAccessorDeclaration	-	호출자 스레드	기존 식 평가 시점	기존 호출자에게 직접 전달	낮음	블록 본문과 명시적 return/get/set
ExpressionBody	Drilling.UI	Drilling.UI/Menu/Menus/CMenuManual.cs	215	Drilling.UI.Menu.Menus.CMenuManual.IsScannerWorkspace.get	GetAccessorDeclaration	-	호출자 스레드	기존 식 평가 시점	기존 호출자에게 직접 전달	낮음	블록 본문과 명시적 return/get/set
ExpressionBody	Drilling.UI	Drilling.UI/Menu/Menus/CMenuManual.cs	225	Drilling.UI.Menu.Menus.CMenuManual.IsStageVisionWorkspace.get	PropertyDeclaration	-	호출자 스레드	기존 식 평가 시점	기존 호출자에게 직접 전달	낮음	블록 본문과 명시적 return/get/set
ExpressionBody	Drilling.UI	Drilling.UI/Menu/Menus/CMenuManual.cs	229	Drilling.UI.Menu.Menus.CMenuManual.VisionImage.get	GetAccessorDeclaration	-	호출자 스레드	기존 식 평가 시점	기존 호출자에게 직접 전달	낮음	블록 본문과 명시적 return/get/set
ExpressionBody	Drilling.UI	Drilling.UI/Menu/Menus/CMenuManual.cs	239	Drilling.UI.Menu.Menus.CMenuManual.HasVisionImage.get	PropertyDeclaration	-	호출자 스레드	기존 식 평가 시점	기존 호출자에게 직접 전달	낮음	블록 본문과 명시적 return/get/set
ExpressionBody	Drilling.UI	Drilling.UI/Menu/Menus/CMenuManual.cs	243	Drilling.UI.Menu.Menus.CMenuManual.VisionCaptureStatus.get	GetAccessorDeclaration	-	호출자 스레드	기존 식 평가 시점	기존 호출자에게 직접 전달	낮음	블록 본문과 명시적 return/get/set
ExpressionBody	Drilling.UI	Drilling.UI/Menu/Menus/CMenuManual.cs	244	Drilling.UI.Menu.Menus.CMenuManual.VisionCaptureStatus.set	SetAccessorDeclaration	-	호출자 스레드	기존 식 평가 시점	기존 호출자에게 직접 전달	낮음	블록 본문과 명시적 return/get/set
ExpressionBody	Drilling.UI	Drilling.UI/Menu/Menus/CMenuManual.cs	249	Drilling.UI.Menu.Menus.CMenuManual.VisionCaptureTime.get	GetAccessorDeclaration	-	호출자 스레드	기존 식 평가 시점	기존 호출자에게 직접 전달	낮음	블록 본문과 명시적 return/get/set
ExpressionBody	Drilling.UI	Drilling.UI/Menu/Menus/CMenuManual.cs	250	Drilling.UI.Menu.Menus.CMenuManual.VisionCaptureTime.set	SetAccessorDeclaration	-	호출자 스레드	기존 식 평가 시점	기존 호출자에게 직접 전달	낮음	블록 본문과 명시적 return/get/set
Lambda	Drilling.UI	Drilling.UI/Menu/Menus/CMenuManual.cs	301	Drilling.UI.Menu.Menus.CMenuManual.Build(System.Threading.CancellationToken)	headCards.First	-	열거를 수행하는 호출자 스레드	기존 LINQ 열거 시점	기존 열거 시 호출자에게 전달	낮음	이름 있는 조건/선택 메서드 또는 for/foreach
Lambda	Drilling.UI	Drilling.UI/Menu/Menus/CMenuManual.cs	462	Drilling.UI.Menu.Menus.CMenuManual.Create()	ShowManualSettingNameDialog	settingNames	호출자 스레드	기존 식 평가 시점	기존 호출자에게 직접 전달	중간	이름 있는 메서드 또는 명시적 반복문
Lambda	Drilling.UI	Drilling.UI/Menu/Menus/CMenuManual.cs	537	Drilling.UI.Menu.Menus.CMenuManual.Rename()	ShowManualSettingNameDialog	oldSettingName,settingNames	호출자 스레드	기존 식 평가 시점	기존 호출자에게 직접 전달	중간	이름 있는 메서드 또는 명시적 반복문
Lambda	Drilling.UI	Drilling.UI/Menu/Menus/CMenuManual.cs	638	Drilling.UI.Menu.Menus.CMenuManual.CenterMove()	RunManualScript	-	호출자 스레드	기존 식 평가 시점	기존 호출자에게 직접 전달	낮음	이름 있는 메서드 또는 명시적 반복문
Lambda	Drilling.UI	Drilling.UI/Menu/Menus/CMenuManual.cs	649	Drilling.UI.Menu.Menus.CMenuManual.PositionMove()	RunManualScript	this	호출자 스레드	기존 식 평가 시점	기존 호출자에게 직접 전달	중간	이름 있는 메서드 또는 명시적 반복문
Lambda	Drilling.UI	Drilling.UI/Menu/Menus/CMenuManual.cs	680	Drilling.UI.Menu.Menus.CMenuManual.ShapeStart()	RunManualScript	this	호출자 스레드	기존 식 평가 시점	기존 호출자에게 직접 전달	중간	이름 있는 메서드 또는 명시적 반복문
Lambda	Drilling.UI	Drilling.UI/Menu/Menus/CMenuManual.cs	698	Drilling.UI.Menu.Menus.CMenuManual.LaserOn()	RunManualScript	this	호출자 스레드	기존 식 평가 시점	기존 호출자에게 직접 전달	중간	이름 있는 메서드 또는 명시적 반복문
Lambda	Drilling.UI	Drilling.UI/Menu/Menus/CMenuManual.cs	718	Drilling.UI.Menu.Menus.CMenuManual.LaserOff()	RunManualScript	-	호출자 스레드	기존 식 평가 시점	기존 호출자에게 직접 전달	낮음	이름 있는 메서드 또는 명시적 반복문
Lambda	Drilling.UI	Drilling.UI/Menu/Menus/CMenuManual.cs	732	Drilling.UI.Menu.Menus.CMenuManual.CenterOn()	RunManualScript	this	호출자 스레드	기존 식 평가 시점	기존 호출자에게 직접 전달	중간	이름 있는 메서드 또는 명시적 반복문
Lambda	Drilling.UI	Drilling.UI/Menu/Menus/CMenuManual.cs	839	Drilling.UI.Menu.Menus.CMenuManual.RefreshCommandStateRows()	HeadCards.FirstOrDefault	-	열거를 수행하는 호출자 스레드	기존 LINQ 열거 시점	기존 열거 시 호출자에게 전달	낮음	이름 있는 조건/선택 메서드 또는 for/foreach
Lambda	Drilling.UI	Drilling.UI/Menu/Menus/CMenuManual.cs	844	Drilling.UI.Menu.Menus.CMenuManual.RefreshCommandStateRows()	BuildHeadCards(selectedHeadNo).First	-	열거를 수행하는 호출자 스레드	기존 LINQ 열거 시점	기존 열거 시 호출자에게 전달	낮음	이름 있는 조건/선택 메서드 또는 for/foreach
Lambda	Drilling.UI	Drilling.UI/Menu/Menus/CMenuManual.cs	1208	Drilling.UI.Menu.Menus.CMenuManual.ResolveSelectedSettingName(System.Collections.Generic.IReadOnlyList<string>, string)	settingNames.FirstOrDefault	normalizedSelectedName	열거를 수행하는 호출자 스레드	기존 LINQ 열거 시점	기존 열거 시 호출자에게 전달	중간	이름 있는 조건/선택 메서드 또는 for/foreach
Lambda	Drilling.UI	Drilling.UI/Menu/Menus/CMenuManual.cs	1210	Drilling.UI.Menu.Menus.CMenuManual.ResolveSelectedSettingName(System.Collections.Generic.IReadOnlyList<string>, string)	settingNames.FirstOrDefault	-	열거를 수행하는 호출자 스레드	기존 LINQ 열거 시점	기존 열거 시 호출자에게 전달	낮음	이름 있는 조건/선택 메서드 또는 for/foreach
Lambda	Drilling.UI	Drilling.UI/Menu/Menus/CMenuManual.cs	1220	Drilling.UI.Menu.Menus.CMenuManual.BuildSettingFiles(System.Collections.Generic.IReadOnlyList<string>, string)	settingNames              .OrderBy	-	열거를 수행하는 호출자 스레드	기존 LINQ 열거 시점	기존 열거 시 호출자에게 전달	낮음	이름 있는 조건/선택 메서드 또는 for/foreach
Lambda	Drilling.UI	Drilling.UI/Menu/Menus/CMenuManual.cs	1221	Drilling.UI.Menu.Menus.CMenuManual.BuildSettingFiles(System.Collections.Generic.IReadOnlyList<string>, string)	settingNames              .OrderBy(name => name, StringComparer.OrdinalIgnoreCase)              .Select	selectedSettingName	열거를 수행하는 호출자 스레드	기존 LINQ 열거 시점	기존 열거 시 호출자에게 전달	중간	이름 있는 조건/선택 메서드 또는 for/foreach
Lambda	Drilling.UI	Drilling.UI/Menu/Menus/CMenuManual.cs	1249	Drilling.UI.Menu.Menus.CMenuManual.BuildSettingParameters(Drilling.Common.Managers.ST_MANUAL_SCAN_PARAM, System.Collections.Generic.IReadOnlyList<Drilling.Common.Managers.ST_MANUAL_SCAN_FORM>)	formItems              .Where	-	열거를 수행하는 호출자 스레드	기존 LINQ 열거 시점	기존 열거 시 호출자에게 전달	낮음	이름 있는 조건/선택 메서드 또는 for/foreach
Lambda	Drilling.UI	Drilling.UI/Menu/Menus/CMenuManual.cs	1250	Drilling.UI.Menu.Menus.CMenuManual.BuildSettingParameters(Drilling.Common.Managers.ST_MANUAL_SCAN_PARAM, System.Collections.Generic.IReadOnlyList<Drilling.Common.Managers.ST_MANUAL_SCAN_FORM>)	formItems              .Where(item => item.Show && item.Use)              .OrderBy	-	열거를 수행하는 호출자 스레드	기존 LINQ 열거 시점	기존 열거 시 호출자에게 전달	낮음	이름 있는 조건/선택 메서드 또는 for/foreach
Lambda	Drilling.UI	Drilling.UI/Menu/Menus/CMenuManual.cs	1251	Drilling.UI.Menu.Menus.CMenuManual.BuildSettingParameters(Drilling.Common.Managers.ST_MANUAL_SCAN_PARAM, System.Collections.Generic.IReadOnlyList<Drilling.Common.Managers.ST_MANUAL_SCAN_FORM>)	formItems              .Where(item => item.Show && item.Use)              .OrderBy(item => item.DisplayOrder)              .Select	values	열거를 수행하는 호출자 스레드	기존 LINQ 열거 시점	기존 열거 시 호출자에게 전달	중간	이름 있는 조건/선택 메서드 또는 for/foreach
Lambda	Drilling.UI	Drilling.UI/Menu/Menus/CMenuManual.cs	1268	Drilling.UI.Menu.Menus.CMenuManual.BuildCommandStateRows(Drilling.UI.Menu.Menus.ST_MANUAL_HEAD_CARD)	Argument	this	호출자 스레드	기존 식 평가 시점	기존 호출자에게 직접 전달	중간	이름 있는 메서드 또는 명시적 반복문
Lambda	Drilling.UI	Drilling.UI/Menu/Menus/CMenuManual.cs	1269	Drilling.UI.Menu.Menus.CMenuManual.BuildCommandStateRows(Drilling.UI.Menu.Menus.ST_MANUAL_HEAD_CARD)	Argument	this	호출자 스레드	기존 식 평가 시점	기존 호출자에게 직접 전달	중간	이름 있는 메서드 또는 명시적 반복문
Lambda	Drilling.UI	Drilling.UI/Menu/Menus/CMenuManual.cs	1270	Drilling.UI.Menu.Menus.CMenuManual.BuildCommandStateRows(Drilling.UI.Menu.Menus.ST_MANUAL_HEAD_CARD)	Argument	this	호출자 스레드	기존 식 평가 시점	기존 호출자에게 직접 전달	중간	이름 있는 메서드 또는 명시적 반복문
Lambda	Drilling.UI	Drilling.UI/Menu/Menus/CMenuManual.cs	1271	Drilling.UI.Menu.Menus.CMenuManual.BuildCommandStateRows(Drilling.UI.Menu.Menus.ST_MANUAL_HEAD_CARD)	Argument	this	호출자 스레드	기존 식 평가 시점	기존 호출자에게 직접 전달	중간	이름 있는 메서드 또는 명시적 반복문
Lambda	Drilling.UI	Drilling.UI/Menu/Menus/CMenuManual.cs	1272	Drilling.UI.Menu.Menus.CMenuManual.BuildCommandStateRows(Drilling.UI.Menu.Menus.ST_MANUAL_HEAD_CARD)	Argument	this	호출자 스레드	기존 식 평가 시점	기존 호출자에게 직접 전달	중간	이름 있는 메서드 또는 명시적 반복문
Lambda	Drilling.UI	Drilling.UI/Menu/Menus/CMenuManual.cs	1383	Drilling.UI.Menu.Menus.CMenuManual.ReadManualText(string, string)	SettingParameters.FirstOrDefault	parameterName	열거를 수행하는 호출자 스레드	기존 LINQ 열거 시점	기존 열거 시 호출자에게 전달	중간	이름 있는 조건/선택 메서드 또는 for/foreach
Lambda	Drilling.UI	Drilling.UI/Menu/Menus/CMenuManual.cs	1401	Drilling.UI.Menu.Menus.CMenuManual.FindManualParameter(string)	SettingParameters.FirstOrDefault	parameterName	열거를 수행하는 호출자 스레드	기존 LINQ 열거 시점	기존 열거 시 호출자에게 전달	중간	이름 있는 조건/선택 메서드 또는 for/foreach
SwitchExpression	Drilling.UI	Drilling.UI/Menu/Menus/CMenuManual.cs	1482	Drilling.UI.Menu.Menus.CMenuManual.GetManualSettingNameFromParameter(object?)	EqualsValueClause	-	호출자 스레드	기존 식 평가 시점	기존 호출자에게 직접 전달	중간	일반 switch 문과 명시적 return/대입
Lambda	Drilling.UI	Drilling.UI/Menu/Menus/CMenuManual.cs	1535	Drilling.UI.Menu.Menus.CMenuManual.GetActiveWindow()	.Windows              .OfType<Window>()              .FirstOrDefault	-	열거를 수행하는 호출자 스레드	기존 LINQ 열거 시점	기존 열거 시 호출자에게 전달	낮음	이름 있는 조건/선택 메서드 또는 for/foreach
Lambda	Drilling.UI	Drilling.UI/Menu/Menus/CMenuManual.cs	1591	Drilling.UI.Menu.Menus.CMenuManual.ValidateManualSettingName(string, System.Collections.Generic.IReadOnlyList<string>, string)	settingNames.Any	settingName,currentSettingName	열거를 수행하는 호출자 스레드	기존 LINQ 열거 시점	기존 열거 시 호출자에게 전달	중간	이름 있는 조건/선택 메서드 또는 for/foreach
Lambda	Drilling.UI	Drilling.UI/Menu/Menus/CMenuManual.cs	1617	Drilling.UI.Menu.Menus.CMenuManual.NormalizeScriptName(string)	commandName              .Where	-	열거를 수행하는 호출자 스레드	기존 LINQ 열거 시점	기존 열거 시 호출자에게 전달	낮음	이름 있는 조건/선택 메서드 또는 for/foreach
SwitchExpression	Drilling.UI	Drilling.UI/Menu/Menus/CMenuManual.cs	1640	Drilling.UI.Menu.Menus.CMenuManual.NormalizeShapeName(string)	ReturnStatement	-	호출자 스레드	기존 식 평가 시점	기존 호출자에게 직접 전달	중간	일반 switch 문과 명시적 return/대입
ExpressionBody	Drilling.UI	Drilling.UI/Menu/Menus/CMenuManual.cs	1672	Drilling.UI.Menu.Menus.ST_MANUAL_HEAD_CARD.StateBrush.get	PropertyDeclaration	-	호출자 스레드	기존 식 평가 시점	기존 호출자에게 직접 전달	낮음	블록 본문과 명시적 return/get/set
ExpressionBody	Drilling.UI	Drilling.UI/Menu/Menus/CMenuManual.cs	1695	Drilling.UI.Menu.Menus.ST_MANUAL_STAGE_AXIS.CurrentPosition.get	PropertyDeclaration	-	호출자 스레드	기존 식 평가 시점	기존 호출자에게 직접 전달	낮음	블록 본문과 명시적 return/get/set
ExpressionBody	Drilling.UI	Drilling.UI/Menu/Menus/CMenuManual.cs	1699	Drilling.UI.Menu.Menus.ST_MANUAL_STAGE_AXIS.TargetPosition.get	GetAccessorDeclaration	-	호출자 스레드	기존 식 평가 시점	기존 호출자에게 직접 전달	낮음	블록 본문과 명시적 return/get/set
ExpressionBody	Drilling.UI	Drilling.UI/Menu/Menus/CMenuManual.cs	1700	Drilling.UI.Menu.Menus.ST_MANUAL_STAGE_AXIS.TargetPosition.set	SetAccessorDeclaration	-	호출자 스레드	기존 식 평가 시점	기존 호출자에게 직접 전달	낮음	블록 본문과 명시적 return/get/set
ExpressionBody	Drilling.UI	Drilling.UI/Menu/Menus/CMenuManual.cs	1732	Drilling.UI.Menu.Menus.ST_MANUAL_PARAMETER.Value.get	GetAccessorDeclaration	-	호출자 스레드	기존 식 평가 시점	기존 호출자에게 직접 전달	낮음	블록 본문과 명시적 return/get/set
ExpressionBody	Drilling.UI	Drilling.UI/Menu/Menus/CMenuManual.cs	1733	Drilling.UI.Menu.Menus.ST_MANUAL_PARAMETER.Value.set	SetAccessorDeclaration	-	호출자 스레드	기존 식 평가 시점	기존 호출자에게 직접 전달	낮음	블록 본문과 명시적 return/get/set
ExpressionBody	Drilling.UI	Drilling.UI/Menu/Menus/CMenuManual.cs	1740	Drilling.UI.Menu.Menus.ST_MANUAL_PARAMETER.UsesSelectionEditor.get	PropertyDeclaration	-	호출자 스레드	기존 식 평가 시점	기존 호출자에게 직접 전달	낮음	블록 본문과 명시적 return/get/set
ExpressionBody	Drilling.UI	Drilling.UI/Menu/Menus/CMenuManual.cs	1742	Drilling.UI.Menu.Menus.ST_MANUAL_PARAMETER.ValueOptions.get	PropertyDeclaration	-	호출자 스레드	기존 식 평가 시점	기존 호출자에게 직접 전달	낮음	블록 본문과 명시적 return/get/set
ExpressionBody	Drilling.UI	Drilling.UI/Menu/Menus/CMenuManual.cs	1777	Drilling.UI.Menu.Menus.ST_MANUAL_COMMAND_STATE.Value.get	GetAccessorDeclaration	-	호출자 스레드	기존 식 평가 시점	기존 호출자에게 직접 전달	낮음	블록 본문과 명시적 return/get/set
ExpressionBody	Drilling.UI	Drilling.UI/Menu/Menus/CMenuManual.cs	1792	Drilling.UI.Menu.Menus.ST_MANUAL_COMMAND_STATE.IsReadOnly.get	PropertyDeclaration	-	호출자 스레드	기존 식 평가 시점	기존 호출자에게 직접 전달	낮음	블록 본문과 명시적 return/get/set
ExpressionBody	Drilling.UI	Drilling.UI/Menu/Menus/CMenuManual.cs	1794	Drilling.UI.Menu.Menus.ST_MANUAL_COMMAND_STATE.UsesSelectionEditor.get	PropertyDeclaration	-	호출자 스레드	기존 식 평가 시점	기존 호출자에게 직접 전달	낮음	블록 본문과 명시적 return/get/set
Lambda	Drilling.UI	Drilling.UI/Menu/Menus/CMenuMonitor.cs	102	Drilling.UI.Menu.Menus.CMenuMonitor.CMenuMonitor(Drilling.Common.Interface.IInterfaceManager, Drilling.Common.Motion.IMotionManager, Drilling.Common.InterLock.CInterLockManager, Drilling.Common.Product.IProductManager, Drilling.Common.Managers.IRecipeManager, Drilling.Common.Managers.ISettingManager, System.Func<string>, System.Func<string>, System.Action<string>, System.Action<string>, System.Action, System.Func<System.Threading.Tasks.Task>)	Argument	this	호출자 스레드	기존 식 평가 시점	기존 호출자에게 직접 전달	중간	이름 있는 메서드 또는 명시적 반복문
Lambda	Drilling.UI	Drilling.UI/Menu/Menus/CMenuMonitor.cs	103	Drilling.UI.Menu.Menus.CMenuMonitor.CMenuMonitor(Drilling.Common.Interface.IInterfaceManager, Drilling.Common.Motion.IMotionManager, Drilling.Common.InterLock.CInterLockManager, Drilling.Common.Product.IProductManager, Drilling.Common.Managers.IRecipeManager, Drilling.Common.Managers.ISettingManager, System.Func<string>, System.Func<string>, System.Action<string>, System.Action<string>, System.Action, System.Func<System.Threading.Tasks.Task>)	Argument	this	호출자 스레드	기존 식 평가 시점	기존 호출자에게 직접 전달	중간	이름 있는 메서드 또는 명시적 반복문
Lambda	Drilling.UI	Drilling.UI/Menu/Menus/CMenuMonitor.cs	104	Drilling.UI.Menu.Menus.CMenuMonitor.CMenuMonitor(Drilling.Common.Interface.IInterfaceManager, Drilling.Common.Motion.IMotionManager, Drilling.Common.InterLock.CInterLockManager, Drilling.Common.Product.IProductManager, Drilling.Common.Managers.IRecipeManager, Drilling.Common.Managers.ISettingManager, System.Func<string>, System.Func<string>, System.Action<string>, System.Action<string>, System.Action, System.Func<System.Threading.Tasks.Task>)	Argument	this	호출자 스레드	기존 식 평가 시점	기존 호출자에게 직접 전달	중간	이름 있는 메서드 또는 명시적 반복문
Lambda	Drilling.UI	Drilling.UI/Menu/Menus/CMenuMonitor.cs	105	Drilling.UI.Menu.Menus.CMenuMonitor.CMenuMonitor(Drilling.Common.Interface.IInterfaceManager, Drilling.Common.Motion.IMotionManager, Drilling.Common.InterLock.CInterLockManager, Drilling.Common.Product.IProductManager, Drilling.Common.Managers.IRecipeManager, Drilling.Common.Managers.ISettingManager, System.Func<string>, System.Func<string>, System.Action<string>, System.Action<string>, System.Action, System.Func<System.Threading.Tasks.Task>)	Argument	this	호출자 스레드	기존 식 평가 시점	기존 호출자에게 직접 전달	중간	이름 있는 메서드 또는 명시적 반복문
Lambda	Drilling.UI	Drilling.UI/Menu/Menus/CMenuMonitor.cs	106	Drilling.UI.Menu.Menus.CMenuMonitor.CMenuMonitor(Drilling.Common.Interface.IInterfaceManager, Drilling.Common.Motion.IMotionManager, Drilling.Common.InterLock.CInterLockManager, Drilling.Common.Product.IProductManager, Drilling.Common.Managers.IRecipeManager, Drilling.Common.Managers.ISettingManager, System.Func<string>, System.Func<string>, System.Action<string>, System.Action<string>, System.Action, System.Func<System.Threading.Tasks.Task>)	Argument	this	호출자 스레드	기존 식 평가 시점	기존 호출자에게 직접 전달	중간	이름 있는 메서드 또는 명시적 반복문
Lambda	Drilling.UI	Drilling.UI/Menu/Menus/CMenuMonitor.cs	107	Drilling.UI.Menu.Menus.CMenuMonitor.CMenuMonitor(Drilling.Common.Interface.IInterfaceManager, Drilling.Common.Motion.IMotionManager, Drilling.Common.InterLock.CInterLockManager, Drilling.Common.Product.IProductManager, Drilling.Common.Managers.IRecipeManager, Drilling.Common.Managers.ISettingManager, System.Func<string>, System.Func<string>, System.Action<string>, System.Action<string>, System.Action, System.Func<System.Threading.Tasks.Task>)	Argument	this	호출자 스레드	기존 식 평가 시점	기존 호출자에게 직접 전달	중간	이름 있는 메서드 또는 명시적 반복문
Lambda	Drilling.UI	Drilling.UI/Menu/Menus/CMenuMonitor.cs	108	Drilling.UI.Menu.Menus.CMenuMonitor.CMenuMonitor(Drilling.Common.Interface.IInterfaceManager, Drilling.Common.Motion.IMotionManager, Drilling.Common.InterLock.CInterLockManager, Drilling.Common.Product.IProductManager, Drilling.Common.Managers.IRecipeManager, Drilling.Common.Managers.ISettingManager, System.Func<string>, System.Func<string>, System.Action<string>, System.Action<string>, System.Action, System.Func<System.Threading.Tasks.Task>)	Argument	this	호출자 스레드	기존 식 평가 시점	기존 호출자에게 직접 전달	중간	이름 있는 메서드 또는 명시적 반복문
Lambda	Drilling.UI	Drilling.UI/Menu/Menus/CMenuMonitor.cs	109	Drilling.UI.Menu.Menus.CMenuMonitor.CMenuMonitor(Drilling.Common.Interface.IInterfaceManager, Drilling.Common.Motion.IMotionManager, Drilling.Common.InterLock.CInterLockManager, Drilling.Common.Product.IProductManager, Drilling.Common.Managers.IRecipeManager, Drilling.Common.Managers.ISettingManager, System.Func<string>, System.Func<string>, System.Action<string>, System.Action<string>, System.Action, System.Func<System.Threading.Tasks.Task>)	Argument	this	호출자 스레드	기존 식 평가 시점	기존 호출자에게 직접 전달	중간	이름 있는 메서드 또는 명시적 반복문
Lambda	Drilling.UI	Drilling.UI/Menu/Menus/CMenuMonitor.cs	110	Drilling.UI.Menu.Menus.CMenuMonitor.CMenuMonitor(Drilling.Common.Interface.IInterfaceManager, Drilling.Common.Motion.IMotionManager, Drilling.Common.InterLock.CInterLockManager, Drilling.Common.Product.IProductManager, Drilling.Common.Managers.IRecipeManager, Drilling.Common.Managers.ISettingManager, System.Func<string>, System.Func<string>, System.Action<string>, System.Action<string>, System.Action, System.Func<System.Threading.Tasks.Task>)	Argument	this	호출자 스레드	기존 식 평가 시점	기존 호출자에게 직접 전달	중간	이름 있는 메서드 또는 명시적 반복문
Lambda	Drilling.UI	Drilling.UI/Menu/Menus/CMenuMonitor.cs	111	Drilling.UI.Menu.Menus.CMenuMonitor.CMenuMonitor(Drilling.Common.Interface.IInterfaceManager, Drilling.Common.Motion.IMotionManager, Drilling.Common.InterLock.CInterLockManager, Drilling.Common.Product.IProductManager, Drilling.Common.Managers.IRecipeManager, Drilling.Common.Managers.ISettingManager, System.Func<string>, System.Func<string>, System.Action<string>, System.Action<string>, System.Action, System.Func<System.Threading.Tasks.Task>)	Argument	this	호출자 스레드	기존 식 평가 시점	기존 호출자에게 직접 전달	중간	이름 있는 메서드 또는 명시적 반복문
Lambda	Drilling.UI	Drilling.UI/Menu/Menus/CMenuMonitor.cs	112	Drilling.UI.Menu.Menus.CMenuMonitor.CMenuMonitor(Drilling.Common.Interface.IInterfaceManager, Drilling.Common.Motion.IMotionManager, Drilling.Common.InterLock.CInterLockManager, Drilling.Common.Product.IProductManager, Drilling.Common.Managers.IRecipeManager, Drilling.Common.Managers.ISettingManager, System.Func<string>, System.Func<string>, System.Action<string>, System.Action<string>, System.Action, System.Func<System.Threading.Tasks.Task>)	Argument	this	호출자 스레드	기존 식 평가 시점	기존 호출자에게 직접 전달	중간	이름 있는 메서드 또는 명시적 반복문
Lambda	Drilling.UI	Drilling.UI/Menu/Menus/CMenuMonitor.cs	113	Drilling.UI.Menu.Menus.CMenuMonitor.CMenuMonitor(Drilling.Common.Interface.IInterfaceManager, Drilling.Common.Motion.IMotionManager, Drilling.Common.InterLock.CInterLockManager, Drilling.Common.Product.IProductManager, Drilling.Common.Managers.IRecipeManager, Drilling.Common.Managers.ISettingManager, System.Func<string>, System.Func<string>, System.Action<string>, System.Action<string>, System.Action, System.Func<System.Threading.Tasks.Task>)	Argument	this	호출자 스레드	기존 식 평가 시점	기존 호출자에게 직접 전달	중간	이름 있는 메서드 또는 명시적 반복문
Lambda	Drilling.UI	Drilling.UI/Menu/Menus/CMenuMonitor.cs	114	Drilling.UI.Menu.Menus.CMenuMonitor.CMenuMonitor(Drilling.Common.Interface.IInterfaceManager, Drilling.Common.Motion.IMotionManager, Drilling.Common.InterLock.CInterLockManager, Drilling.Common.Product.IProductManager, Drilling.Common.Managers.IRecipeManager, Drilling.Common.Managers.ISettingManager, System.Func<string>, System.Func<string>, System.Action<string>, System.Action<string>, System.Action, System.Func<System.Threading.Tasks.Task>)	Argument	this	호출자 스레드	기존 식 평가 시점	기존 호출자에게 직접 전달	중간	이름 있는 메서드 또는 명시적 반복문
ExpressionBody	Drilling.UI	Drilling.UI/Menu/Menus/CMenuMonitor.cs	117	Drilling.UI.Menu.Menus.CMenuMonitor.Menu.get	PropertyDeclaration	-	호출자 스레드	기존 식 평가 시점	기존 호출자에게 직접 전달	낮음	블록 본문과 명시적 return/get/set
ExpressionBody	Drilling.UI	Drilling.UI/Menu/Menus/CMenuMonitor.cs	199	Drilling.UI.Menu.Menus.CMenuMonitor.CoordinateIsGlassPreviewVisible.get	PropertyDeclaration	-	호출자 스레드	기존 식 평가 시점	기존 호출자에게 직접 전달	낮음	블록 본문과 명시적 return/get/set
ExpressionBody	Drilling.UI	Drilling.UI/Menu/Menus/CMenuMonitor.cs	201	Drilling.UI.Menu.Menus.CMenuMonitor.CoordinateIsCellDetailVisible.get	PropertyDeclaration	-	호출자 스레드	기존 식 평가 시점	기존 호출자에게 직접 전달	낮음	블록 본문과 명시적 return/get/set
ExpressionBody	Drilling.UI	Drilling.UI/Menu/Menus/CMenuMonitor.cs	203	Drilling.UI.Menu.Menus.CMenuMonitor.CoordinateSelectedCellName.get	PropertyDeclaration	-	호출자 스레드	기존 식 평가 시점	기존 호출자에게 직접 전달	낮음	블록 본문과 명시적 return/get/set
ExpressionBody	Drilling.UI	Drilling.UI/Menu/Menus/CMenuMonitor.cs	205	Drilling.UI.Menu.Menus.CMenuMonitor.CoordinateSelectedHoleName.get	PropertyDeclaration	-	호출자 스레드	기존 식 평가 시점	기존 호출자에게 직접 전달	낮음	블록 본문과 명시적 return/get/set
ExpressionBody	Drilling.UI	Drilling.UI/Menu/Menus/CMenuMonitor.cs	249	Drilling.UI.Menu.Menus.CMenuMonitor.SelectedAxisId.get	PropertyDeclaration	-	호출자 스레드	기존 식 평가 시점	기존 호출자에게 직접 전달	낮음	블록 본문과 명시적 return/get/set
ExpressionBody	Drilling.UI	Drilling.UI/Menu/Menus/CMenuMonitor.cs	251	Drilling.UI.Menu.Menus.CMenuMonitor.SelectedLaserNumber.get	PropertyDeclaration	-	호출자 스레드	기존 식 평가 시점	기존 호출자에게 직접 전달	낮음	블록 본문과 명시적 return/get/set
ExpressionBody	Drilling.UI	Drilling.UI/Menu/Menus/CMenuMonitor.cs	253	Drilling.UI.Menu.Menus.CMenuMonitor.SelectedLaserName.get	PropertyDeclaration	-	호출자 스레드	기존 식 평가 시점	기존 호출자에게 직접 전달	낮음	블록 본문과 명시적 return/get/set
ExpressionBody	Drilling.UI	Drilling.UI/Menu/Menus/CMenuMonitor.cs	255	Drilling.UI.Menu.Menus.CMenuMonitor.SelectedHeadDeviceName.get	PropertyDeclaration	-	호출자 스레드	기존 식 평가 시점	기존 호출자에게 직접 전달	낮음	블록 본문과 명시적 return/get/set
ExpressionBody	Drilling.UI	Drilling.UI/Menu/Menus/CMenuMonitor.cs	257	Drilling.UI.Menu.Menus.CMenuMonitor.HeadDeviceSelectorTitle.get	PropertyDeclaration	-	호출자 스레드	기존 식 평가 시점	기존 호출자에게 직접 전달	낮음	블록 본문과 명시적 return/get/set
SwitchExpression	Drilling.UI	Drilling.UI/Menu/Menus/CMenuMonitor.cs	257	Drilling.UI.Menu.Menus.CMenuMonitor.HeadDeviceSelectorTitle.get	ArrowExpressionClause	-	호출자 스레드	기존 식 평가 시점	기존 호출자에게 직접 전달	중간	일반 switch 문과 명시적 return/대입
ExpressionBody	Drilling.UI	Drilling.UI/Menu/Menus/CMenuMonitor.cs	266	Drilling.UI.Menu.Menus.CMenuMonitor.SelectedAxisRow.get	GetAccessorDeclaration	-	호출자 스레드	기존 식 평가 시점	기존 호출자에게 직접 전달	낮음	블록 본문과 명시적 return/get/set
Lambda	Drilling.UI	Drilling.UI/Menu/Menus/CMenuMonitor.cs	266	Drilling.UI.Menu.Menus.CMenuMonitor.SelectedAxisRow.get	AxisRows.FirstOrDefault	this	열거를 수행하는 호출자 스레드	기존 LINQ 열거 시점	기존 열거 시 호출자에게 전달	중간	이름 있는 조건/선택 메서드 또는 for/foreach
ExpressionBody	Drilling.UI	Drilling.UI/Menu/Menus/CMenuMonitor.cs	278	Drilling.UI.Menu.Menus.CMenuMonitor.SelectedPwmProcessRow.get	GetAccessorDeclaration	-	호출자 스레드	기존 식 평가 시점	기존 호출자에게 직접 전달	낮음	블록 본문과 명시적 return/get/set
Lambda	Drilling.UI	Drilling.UI/Menu/Menus/CMenuMonitor.cs	278	Drilling.UI.Menu.Menus.CMenuMonitor.SelectedPwmProcessRow.get	PwmProcessRows.FirstOrDefault	-	열거를 수행하는 호출자 스레드	기존 LINQ 열거 시점	기존 열거 시 호출자에게 전달	낮음	이름 있는 조건/선택 메서드 또는 for/foreach
ExpressionBody	Drilling.UI	Drilling.UI/Menu/Menus/CMenuMonitor.cs	294	Drilling.UI.Menu.Menus.CMenuMonitor.SelectedPwmStepRow.get	GetAccessorDeclaration	-	호출자 스레드	기존 식 평가 시점	기존 호출자에게 직접 전달	낮음	블록 본문과 명시적 return/get/set
Lambda	Drilling.UI	Drilling.UI/Menu/Menus/CMenuMonitor.cs	294	Drilling.UI.Menu.Menus.CMenuMonitor.SelectedPwmStepRow.get	PwmStepRows.FirstOrDefault	-	열거를 수행하는 호출자 스레드	기존 LINQ 열거 시점	기존 열거 시 호출자에게 전달	낮음	이름 있는 조건/선택 메서드 또는 for/foreach
ExpressionBody	Drilling.UI	Drilling.UI/Menu/Menus/CMenuMonitor.cs	308	Drilling.UI.Menu.Menus.CMenuMonitor.IsIo.get	PropertyDeclaration	-	호출자 스레드	기존 식 평가 시점	기존 호출자에게 직접 전달	낮음	블록 본문과 명시적 return/get/set
ExpressionBody	Drilling.UI	Drilling.UI/Menu/Menus/CMenuMonitor.cs	310	Drilling.UI.Menu.Menus.CMenuMonitor.IsMotor.get	PropertyDeclaration	-	호출자 스레드	기존 식 평가 시점	기존 호출자에게 직접 전달	낮음	블록 본문과 명시적 return/get/set
ExpressionBody	Drilling.UI	Drilling.UI/Menu/Menus/CMenuMonitor.cs	312	Drilling.UI.Menu.Menus.CMenuMonitor.IsLaser.get	PropertyDeclaration	-	호출자 스레드	기존 식 평가 시점	기존 호출자에게 직접 전달	낮음	블록 본문과 명시적 return/get/set
ExpressionBody	Drilling.UI	Drilling.UI/Menu/Menus/CMenuMonitor.cs	314	Drilling.UI.Menu.Menus.CMenuMonitor.IsChiller.get	PropertyDeclaration	-	호출자 스레드	기존 식 평가 시점	기존 호출자에게 직접 전달	낮음	블록 본문과 명시적 return/get/set
ExpressionBody	Drilling.UI	Drilling.UI/Menu/Menus/CMenuMonitor.cs	316	Drilling.UI.Menu.Menus.CMenuMonitor.IsAttenuator.get	PropertyDeclaration	-	호출자 스레드	기존 식 평가 시점	기존 호출자에게 직접 전달	낮음	블록 본문과 명시적 return/get/set
ExpressionBody	Drilling.UI	Drilling.UI/Menu/Menus/CMenuMonitor.cs	318	Drilling.UI.Menu.Menus.CMenuMonitor.IsBet.get	PropertyDeclaration	-	호출자 스레드	기존 식 평가 시점	기존 호출자에게 직접 전달	낮음	블록 본문과 명시적 return/get/set
ExpressionBody	Drilling.UI	Drilling.UI/Menu/Menus/CMenuMonitor.cs	320	Drilling.UI.Menu.Menus.CMenuMonitor.IsPowerMeter.get	PropertyDeclaration	-	호출자 스레드	기존 식 평가 시점	기존 호출자에게 직접 전달	낮음	블록 본문과 명시적 return/get/set
ExpressionBody	Drilling.UI	Drilling.UI/Menu/Menus/CMenuMonitor.cs	322	Drilling.UI.Menu.Menus.CMenuMonitor.IsPicoMotor.get	PropertyDeclaration	-	호출자 스레드	기존 식 평가 시점	기존 호출자에게 직접 전달	낮음	블록 본문과 명시적 return/get/set
ExpressionBody	Drilling.UI	Drilling.UI/Menu/Menus/CMenuMonitor.cs	324	Drilling.UI.Menu.Menus.CMenuMonitor.PicoConnectionButtons.get	PropertyDeclaration	-	호출자 스레드	기존 식 평가 시점	기존 호출자에게 직접 전달	낮음	블록 본문과 명시적 return/get/set
ExpressionBody	Drilling.UI	Drilling.UI/Menu/Menus/CMenuMonitor.cs	330	Drilling.UI.Menu.Menus.CMenuMonitor.PicoMotorSelectButtons.get	PropertyDeclaration	-	호출자 스레드	기존 식 평가 시점	기존 호출자에게 직접 전달	낮음	블록 본문과 명시적 return/get/set
Lambda	Drilling.UI	Drilling.UI/Menu/Menus/CMenuMonitor.cs	331	Drilling.UI.Menu.Menus.CMenuMonitor.PicoMotorSelectButtons.get	Enumerable.Range(1, 4)          .Select	this	열거를 수행하는 호출자 스레드	기존 LINQ 열거 시점	기존 열거 시 호출자에게 전달	중간	이름 있는 조건/선택 메서드 또는 for/foreach
ExpressionBody	Drilling.UI	Drilling.UI/Menu/Menus/CMenuMonitor.cs	334	Drilling.UI.Menu.Menus.CMenuMonitor.PicoMotionStopButtons.get	PropertyDeclaration	-	호출자 스레드	기존 식 평가 시점	기존 호출자에게 직접 전달	낮음	블록 본문과 명시적 return/get/set
ExpressionBody	Drilling.UI	Drilling.UI/Menu/Menus/CMenuMonitor.cs	339	Drilling.UI.Menu.Menus.CMenuMonitor.PicoMotionMoveButtons.get	PropertyDeclaration	-	호출자 스레드	기존 식 평가 시점	기존 호출자에게 직접 전달	낮음	블록 본문과 명시적 return/get/set
ExpressionBody	Drilling.UI	Drilling.UI/Menu/Menus/CMenuMonitor.cs	345	Drilling.UI.Menu.Menus.CMenuMonitor.PicoMotionJogButtons.get	PropertyDeclaration	-	호출자 스레드	기존 식 평가 시점	기존 호출자에게 직접 전달	낮음	블록 본문과 명시적 return/get/set
ExpressionBody	Drilling.UI	Drilling.UI/Menu/Menus/CMenuMonitor.cs	351	Drilling.UI.Menu.Menus.CMenuMonitor.PicoMotionRelButtons.get	PropertyDeclaration	-	호출자 스레드	기존 식 평가 시점	기존 호출자에게 직접 전달	낮음	블록 본문과 명시적 return/get/set
ExpressionBody	Drilling.UI	Drilling.UI/Menu/Menus/CMenuMonitor.cs	357	Drilling.UI.Menu.Menus.CMenuMonitor.PicoAllMotorSelectButtons.get	PropertyDeclaration	-	호출자 스레드	기존 식 평가 시점	기존 호출자에게 직접 전달	낮음	블록 본문과 명시적 return/get/set
Lambda	Drilling.UI	Drilling.UI/Menu/Menus/CMenuMonitor.cs	358	Drilling.UI.Menu.Menus.CMenuMonitor.PicoAllMotorSelectButtons.get	Enumerable.Range(1, 4)          .Select	this	열거를 수행하는 호출자 스레드	기존 LINQ 열거 시점	기존 열거 시 호출자에게 전달	중간	이름 있는 조건/선택 메서드 또는 for/foreach
ExpressionBody	Drilling.UI	Drilling.UI/Menu/Menus/CMenuMonitor.cs	365	Drilling.UI.Menu.Menus.CMenuMonitor.PicoAllMotorCommandButtons.get	PropertyDeclaration	-	호출자 스레드	기존 식 평가 시점	기존 호출자에게 직접 전달	낮음	블록 본문과 명시적 return/get/set
ExpressionBody	Drilling.UI	Drilling.UI/Menu/Menus/CMenuMonitor.cs	371	Drilling.UI.Menu.Menus.CMenuMonitor.PicoErrorRows.get	PropertyDeclaration	-	호출자 스레드	기존 식 평가 시점	기존 호출자에게 직접 전달	낮음	블록 본문과 명시적 return/get/set
ExpressionBody	Drilling.UI	Drilling.UI/Menu/Menus/CMenuMonitor.cs	373	Drilling.UI.Menu.Menus.CMenuMonitor.IsProduct.get	PropertyDeclaration	-	호출자 스레드	기존 식 평가 시점	기존 호출자에게 직접 전달	낮음	블록 본문과 명시적 return/get/set
ExpressionBody	Drilling.UI	Drilling.UI/Menu/Menus/CMenuMonitor.cs	375	Drilling.UI.Menu.Menus.CMenuMonitor.IsMelsec.get	PropertyDeclaration	-	호출자 스레드	기존 식 평가 시점	기존 호출자에게 직접 전달	낮음	블록 본문과 명시적 return/get/set
ExpressionBody	Drilling.UI	Drilling.UI/Menu/Menus/CMenuMonitor.cs	377	Drilling.UI.Menu.Menus.CMenuMonitor.IsCoordinateViewer.get	PropertyDeclaration	-	호출자 스레드	기존 식 평가 시점	기존 호출자에게 직접 전달	낮음	블록 본문과 명시적 return/get/set
ExpressionBody	Drilling.UI	Drilling.UI/Menu/Menus/CMenuMonitor.cs	379	Drilling.UI.Menu.Menus.CMenuMonitor.IsControlDevice.get	PropertyDeclaration	-	호출자 스레드	기존 식 평가 시점	기존 호출자에게 직접 전달	낮음	블록 본문과 명시적 return/get/set
ExpressionBody	Drilling.UI	Drilling.UI/Menu/Menus/CMenuMonitor.cs	381	Drilling.UI.Menu.Menus.CMenuMonitor.IsGenericDevice.get	PropertyDeclaration	-	호출자 스레드	기존 식 평가 시점	기존 호출자에게 직접 전달	낮음	블록 본문과 명시적 return/get/set
Lambda	Drilling.UI	Drilling.UI/Menu/Menus/CMenuMonitor.cs	430	Drilling.UI.Menu.Menus.CMenuMonitor.Build(System.Threading.CancellationToken)	MonitorTabs              .Select	selectedTab	열거를 수행하는 호출자 스레드	기존 LINQ 열거 시점	기존 열거 시 호출자에게 전달	중간	이름 있는 조건/선택 메서드 또는 for/foreach
Lambda	Drilling.UI	Drilling.UI/Menu/Menus/CMenuMonitor.cs	448	Drilling.UI.Menu.Menus.CMenuMonitor.Build(System.Threading.CancellationToken)	axisRows.Any	-	열거를 수행하는 호출자 스레드	기존 LINQ 열거 시점	기존 열거 시 호출자에게 전달	낮음	이름 있는 조건/선택 메서드 또는 for/foreach
Lambda	Drilling.UI	Drilling.UI/Menu/Menus/CMenuMonitor.cs	515	Drilling.UI.Menu.Menus.CMenuMonitor.Build(System.Threading.CancellationToken)	InputRows.Select	-	열거를 수행하는 호출자 스레드	기존 LINQ 열거 시점	기존 열거 시 호출자에게 전달	낮음	이름 있는 조건/선택 메서드 또는 for/foreach
Lambda	Drilling.UI	Drilling.UI/Menu/Menus/CMenuMonitor.cs	516	Drilling.UI.Menu.Menus.CMenuMonitor.Build(System.Threading.CancellationToken)	AxisRows.Select	-	열거를 수행하는 호출자 스레드	기존 LINQ 열거 시점	기존 열거 시 호출자에게 전달	낮음	이름 있는 조건/선택 메서드 또는 for/foreach
Lambda	Drilling.UI	Drilling.UI/Menu/Menus/CMenuMonitor.cs	517	Drilling.UI.Menu.Menus.CMenuMonitor.Build(System.Threading.CancellationToken)	StatusRows.Select	-	열거를 수행하는 호출자 스레드	기존 LINQ 열거 시점	기존 열거 시 호출자에게 전달	낮음	이름 있는 조건/선택 메서드 또는 for/foreach
Lambda	Drilling.UI	Drilling.UI/Menu/Menus/CMenuMonitor.cs	526	Drilling.UI.Menu.Menus.CMenuMonitor.BuildCoordinateViewerScreen(System.Threading.CancellationToken)	MonitorTabs              .Select	selectedTab	열거를 수행하는 호출자 스레드	기존 LINQ 열거 시점	기존 열거 시 호출자에게 전달	중간	이름 있는 조건/선택 메서드 또는 for/foreach
Lambda	Drilling.UI	Drilling.UI/Menu/Menus/CMenuMonitor.cs	581	Drilling.UI.Menu.Menus.CMenuMonitor.BuildCoordinateViewerScreen(System.Threading.CancellationToken)	CoordinateValueRows                      .Take(8)                      .Select	-	열거를 수행하는 호출자 스레드	기존 LINQ 열거 시점	기존 열거 시 호출자에게 전달	낮음	이름 있는 조건/선택 메서드 또는 for/foreach
Lambda	Drilling.UI	Drilling.UI/Menu/Menus/CMenuMonitor.cs	671	Drilling.UI.Menu.Menus.CMenuMonitor.RefreshLiveData(System.Threading.CancellationToken)	axisRows.Any	-	열거를 수행하는 호출자 스레드	기존 LINQ 열거 시점	기존 열거 시 호출자에게 전달	낮음	이름 있는 조건/선택 메서드 또는 for/foreach
SwitchExpression	Drilling.UI	Drilling.UI/Menu/Menus/CMenuMonitor.cs	835	Drilling.UI.Menu.Menus.CMenuMonitor.SelectHeadDevice(object?)	EqualsValueClause	-	호출자 스레드	기존 식 평가 시점	기존 호출자에게 직접 전달	중간	일반 switch 문과 명시적 return/대입
SwitchExpression	Drilling.UI	Drilling.UI/Menu/Menus/CMenuMonitor.cs	865	Drilling.UI.Menu.Menus.CMenuMonitor.SelectCoordinateBasis(object?)	EqualsValueClause	-	호출자 스레드	기존 식 평가 시점	기존 호출자에게 직접 전달	중간	일반 switch 문과 명시적 return/대입
SwitchExpression	Drilling.UI	Drilling.UI/Menu/Menus/CMenuMonitor.cs	885	Drilling.UI.Menu.Menus.CMenuMonitor.SelectCoordinateCell(object?)	EqualsValueClause	-	호출자 스레드	기존 식 평가 시점	기존 호출자에게 직접 전달	중간	일반 switch 문과 명시적 return/대입
SwitchExpression	Drilling.UI	Drilling.UI/Menu/Menus/CMenuMonitor.cs	901	Drilling.UI.Menu.Menus.CMenuMonitor.SelectCoordinateHole(object?)	EqualsValueClause	-	호출자 스레드	기존 식 평가 시점	기존 호출자에게 직접 전달	중간	일반 switch 문과 명시적 return/대입
SwitchExpression	Drilling.UI	Drilling.UI/Menu/Menus/CMenuMonitor.cs	936	Drilling.UI.Menu.Menus.CMenuMonitor.ExecuteOperation(object?)	EqualsValueClause	-	호출자 스레드	기존 식 평가 시점	기존 호출자에게 직접 전달	중간	일반 switch 문과 명시적 return/대입
SwitchExpression	Drilling.UI	Drilling.UI/Menu/Menus/CMenuMonitor.cs	1054	Drilling.UI.Menu.Menus.CMenuMonitor.ExecuteMotorOperation(string)	EqualsValueClause	-	호출자 스레드	기존 식 평가 시점	기존 호출자에게 직접 전달	중간	일반 switch 문과 명시적 return/대입
Lambda	Drilling.UI	Drilling.UI/Menu/Menus/CMenuMonitor.cs	1077	Drilling.UI.Menu.Menus.CMenuMonitor.ExecuteMotorOperation(string)	interLock.Items.FirstOrDefault	-	열거를 수행하는 호출자 스레드	기존 LINQ 열거 시점	기존 열거 시 호출자에게 전달	낮음	이름 있는 조건/선택 메서드 또는 for/foreach
SwitchExpression	Drilling.UI	Drilling.UI/Menu/Menus/CMenuMonitor.cs	1112	Drilling.UI.Menu.Menus.CMenuMonitor.ExecuteLaserOperation(string)	EqualsValueClause	-	호출자 스레드	기존 식 평가 시점	기존 호출자에게 직접 전달	중간	일반 switch 문과 명시적 return/대입
SwitchExpression	Drilling.UI	Drilling.UI/Menu/Menus/CMenuMonitor.cs	1159	Drilling.UI.Menu.Menus.CMenuMonitor.ExecuteChillerOperation(string)	EqualsValueClause	-	호출자 스레드	기존 식 평가 시점	기존 호출자에게 직접 전달	중간	일반 switch 문과 명시적 return/대입
SwitchExpression	Drilling.UI	Drilling.UI/Menu/Menus/CMenuMonitor.cs	1200	Drilling.UI.Menu.Menus.CMenuMonitor.ExecuteAttenuatorOperation(string)	EqualsValueClause	-	호출자 스레드	기존 식 평가 시점	기존 호출자에게 직접 전달	중간	일반 switch 문과 명시적 return/대입
SwitchExpression	Drilling.UI	Drilling.UI/Menu/Menus/CMenuMonitor.cs	1280	Drilling.UI.Menu.Menus.CMenuMonitor.ExecuteBETOperation(string)	EqualsValueClause	-	호출자 스레드	기존 식 평가 시점	기존 호출자에게 직접 전달	중간	일반 switch 문과 명시적 return/대입
SwitchExpression	Drilling.UI	Drilling.UI/Menu/Menus/CMenuMonitor.cs	1375	Drilling.UI.Menu.Menus.CMenuMonitor.ExecutePowerMeterOperation(string)	EqualsValueClause	-	호출자 스레드	기존 식 평가 시점	기존 호출자에게 직접 전달	중간	일반 switch 문과 명시적 return/대입
Lambda	Drilling.UI	Drilling.UI/Menu/Menus/CMenuMonitor.cs	1441	Drilling.UI.Menu.Menus.CMenuMonitor.ExecutePicoMotorOperation(string)	_picoAllMoveMotorNos.OrderBy	-	열거를 수행하는 호출자 스레드	기존 LINQ 열거 시점	기존 열거 시 호출자에게 전달	낮음	이름 있는 조건/선택 메서드 또는 for/foreach
SwitchExpression	Drilling.UI	Drilling.UI/Menu/Menus/CMenuMonitor.cs	1459	Drilling.UI.Menu.Menus.CMenuMonitor.ExecutePicoMotorOperation(string)	EqualsValueClause	-	호출자 스레드	기존 식 평가 시점	기존 호출자에게 직접 전달	중간	일반 switch 문과 명시적 return/대입
Lambda	Drilling.UI	Drilling.UI/Menu/Menus/CMenuMonitor.cs	1591	Drilling.UI.Menu.Menus.CMenuMonitor.IsPicoMotorSimulation()	_interfaceManager.GetInterfaceList(EN_EQP_MODULE.PicoMotor)              .OrderBy	-	열거를 수행하는 호출자 스레드	기존 LINQ 열거 시점	기존 열거 시 호출자에게 전달	낮음	이름 있는 조건/선택 메서드 또는 for/foreach
Lambda	Drilling.UI	Drilling.UI/Menu/Menus/CMenuMonitor.cs	1751	Drilling.UI.Menu.Menus.CMenuMonitor.BuildCoordinateViewerData(System.Threading.CancellationToken)	.Points              .Where	this	열거를 수행하는 호출자 스레드	기존 LINQ 열거 시점	기존 열거 시 호출자에게 전달	중간	이름 있는 조건/선택 메서드 또는 for/foreach
Lambda	Drilling.UI	Drilling.UI/Menu/Menus/CMenuMonitor.cs	1752	Drilling.UI.Menu.Menus.CMenuMonitor.BuildCoordinateViewerData(System.Threading.CancellationToken)	.Points              .Where(point => point.CellNo == _coordinateSelectedCellNo)              .OrderBy	-	열거를 수행하는 호출자 스레드	기존 LINQ 열거 시점	기존 열거 시 호출자에게 전달	낮음	이름 있는 조건/선택 메서드 또는 for/foreach
Lambda	Drilling.UI	Drilling.UI/Menu/Menus/CMenuMonitor.cs	1753	Drilling.UI.Menu.Menus.CMenuMonitor.BuildCoordinateViewerData(System.Threading.CancellationToken)	.Points              .Where(point => point.CellNo == _coordinateSelectedCellNo)              .OrderBy(point => point.Row)              .ThenBy	-	열거를 수행하는 호출자 스레드	기존 LINQ 열거 시점	기존 열거 시 호출자에게 전달	낮음	이름 있는 조건/선택 메서드 또는 for/foreach
Lambda	Drilling.UI	Drilling.UI/Menu/Menus/CMenuMonitor.cs	1754	Drilling.UI.Menu.Menus.CMenuMonitor.BuildCoordinateViewerData(System.Threading.CancellationToken)	.Points              .Where(point => point.CellNo == _coordinateSelectedCellNo)              .OrderBy(point => point.Row)              .ThenBy(point => point.Column)              .ThenBy	-	열거를 수행하는 호출자 스레드	기존 LINQ 열거 시점	기존 열거 시 호출자에게 전달	낮음	이름 있는 조건/선택 메서드 또는 for/foreach
Lambda	Drilling.UI	Drilling.UI/Menu/Menus/CMenuMonitor.cs	1761	Drilling.UI.Menu.Menus.CMenuMonitor.BuildCoordinateViewerData(System.Threading.CancellationToken)	selectedCellPoints.Any	this	열거를 수행하는 호출자 스레드	기존 LINQ 열거 시점	기존 열거 시 호출자에게 전달	중간	이름 있는 조건/선택 메서드 또는 for/foreach
Lambda	Drilling.UI	Drilling.UI/Menu/Menus/CMenuMonitor.cs	1766	Drilling.UI.Menu.Menus.CMenuMonitor.BuildCoordinateViewerData(System.Threading.CancellationToken)	.Points.FirstOrDefault	this	열거를 수행하는 호출자 스레드	기존 LINQ 열거 시점	기존 열거 시 호출자에게 전달	중간	이름 있는 조건/선택 메서드 또는 for/foreach
Lambda	Drilling.UI	Drilling.UI/Menu/Menus/CMenuMonitor.cs	1799	Drilling.UI.Menu.Menus.CMenuMonitor.LoadSelectedCoordinateRecipe(System.Threading.CancellationToken)	recipes.FirstOrDefault	selectedRecipeId	열거를 수행하는 호출자 스레드	기존 LINQ 열거 시점	기존 열거 시 호출자에게 전달	중간	이름 있는 조건/선택 메서드 또는 for/foreach
Lambda	Drilling.UI	Drilling.UI/Menu/Menus/CMenuMonitor.cs	1801	Drilling.UI.Menu.Menus.CMenuMonitor.LoadSelectedCoordinateRecipe(System.Threading.CancellationToken)	recipes.FirstOrDefault	selectedRecipeId	열거를 수행하는 호출자 스레드	기존 LINQ 열거 시점	기존 열거 시 호출자에게 전달	중간	이름 있는 조건/선택 메서드 또는 for/foreach
Lambda	Drilling.UI	Drilling.UI/Menu/Menus/CMenuMonitor.cs	1854	Drilling.UI.Menu.Menus.CMenuMonitor.BuildCoordinateValueRows(Drilling.Common.Managers.ST_RECIPE_DATA, System.Collections.Generic.IReadOnlyList<Drilling.Common.Managers.ST_SYSTEM_PARAMETER>, int, System.Collections.Generic.IReadOnlyDictionary<string, string>)	settings              .Where(IsCoordinateSetting)              .OrderBy	-	열거를 수행하는 호출자 스레드	기존 LINQ 열거 시점	기존 열거 시 호출자에게 전달	낮음	이름 있는 조건/선택 메서드 또는 for/foreach
Lambda	Drilling.UI	Drilling.UI/Menu/Menus/CMenuMonitor.cs	1855	Drilling.UI.Menu.Menus.CMenuMonitor.BuildCoordinateValueRows(Drilling.Common.Managers.ST_RECIPE_DATA, System.Collections.Generic.IReadOnlyList<Drilling.Common.Managers.ST_SYSTEM_PARAMETER>, int, System.Collections.Generic.IReadOnlyDictionary<string, string>)	settings              .Where(IsCoordinateSetting)              .OrderBy(setting => setting.Section)              .ThenBy	-	열거를 수행하는 호출자 스레드	기존 LINQ 열거 시점	기존 열거 시 호출자에게 전달	낮음	이름 있는 조건/선택 메서드 또는 for/foreach
Lambda	Drilling.UI	Drilling.UI/Menu/Menus/CMenuMonitor.cs	1856	Drilling.UI.Menu.Menus.CMenuMonitor.BuildCoordinateValueRows(Drilling.Common.Managers.ST_RECIPE_DATA, System.Collections.Generic.IReadOnlyList<Drilling.Common.Managers.ST_SYSTEM_PARAMETER>, int, System.Collections.Generic.IReadOnlyDictionary<string, string>)	settings              .Where(IsCoordinateSetting)              .OrderBy(setting => setting.Section)              .ThenBy(setting => setting.DisplayOrder)              .Select	-	열거를 수행하는 호출자 스레드	기존 LINQ 열거 시점	기존 열거 시 호출자에게 전달	낮음	이름 있는 조건/선택 메서드 또는 for/foreach
Lambda	Drilling.UI	Drilling.UI/Menu/Menus/CMenuMonitor.cs	1865	Drilling.UI.Menu.Menus.CMenuMonitor.BuildCoordinateValueRows(Drilling.Common.Managers.ST_RECIPE_DATA, System.Collections.Generic.IReadOnlyList<Drilling.Common.Managers.ST_SYSTEM_PARAMETER>, int, System.Collections.Generic.IReadOnlyDictionary<string, string>)	recipe.Parameters              .Where	this,cellCount	열거를 수행하는 호출자 스레드	기존 LINQ 열거 시점	기존 열거 시 호출자에게 전달	중간	이름 있는 조건/선택 메서드 또는 for/foreach
Lambda	Drilling.UI	Drilling.UI/Menu/Menus/CMenuMonitor.cs	1866	Drilling.UI.Menu.Menus.CMenuMonitor.BuildCoordinateValueRows(Drilling.Common.Managers.ST_RECIPE_DATA, System.Collections.Generic.IReadOnlyList<Drilling.Common.Managers.ST_SYSTEM_PARAMETER>, int, System.Collections.Generic.IReadOnlyDictionary<string, string>)	recipe.Parameters              .Where(parameter => IsCoordinateRecipeParameter(parameter, cellCount))              .OrderBy	-	열거를 수행하는 호출자 스레드	기존 LINQ 열거 시점	기존 열거 시 호출자에게 전달	낮음	이름 있는 조건/선택 메서드 또는 for/foreach
Lambda	Drilling.UI	Drilling.UI/Menu/Menus/CMenuMonitor.cs	1867	Drilling.UI.Menu.Menus.CMenuMonitor.BuildCoordinateValueRows(Drilling.Common.Managers.ST_RECIPE_DATA, System.Collections.Generic.IReadOnlyList<Drilling.Common.Managers.ST_SYSTEM_PARAMETER>, int, System.Collections.Generic.IReadOnlyDictionary<string, string>)	recipe.Parameters              .Where(parameter => IsCoordinateRecipeParameter(parameter, cellCount))              .OrderBy(parameter => parameter.Tab)              .ThenBy	-	열거를 수행하는 호출자 스레드	기존 LINQ 열거 시점	기존 열거 시 호출자에게 전달	낮음	이름 있는 조건/선택 메서드 또는 for/foreach
Lambda	Drilling.UI	Drilling.UI/Menu/Menus/CMenuMonitor.cs	1868	Drilling.UI.Menu.Menus.CMenuMonitor.BuildCoordinateValueRows(Drilling.Common.Managers.ST_RECIPE_DATA, System.Collections.Generic.IReadOnlyList<Drilling.Common.Managers.ST_SYSTEM_PARAMETER>, int, System.Collections.Generic.IReadOnlyDictionary<string, string>)	recipe.Parameters              .Where(parameter => IsCoordinateRecipeParameter(parameter, cellCount))              .OrderBy(parameter => parameter.Tab)              .ThenBy(parameter => parameter.Group)              .ThenBy	-	열거를 수행하는 호출자 스레드	기존 LINQ 열거 시점	기존 열거 시 호출자에게 전달	낮음	이름 있는 조건/선택 메서드 또는 for/foreach
Lambda	Drilling.UI	Drilling.UI/Menu/Menus/CMenuMonitor.cs	1869	Drilling.UI.Menu.Menus.CMenuMonitor.BuildCoordinateValueRows(Drilling.Common.Managers.ST_RECIPE_DATA, System.Collections.Generic.IReadOnlyList<Drilling.Common.Managers.ST_SYSTEM_PARAMETER>, int, System.Collections.Generic.IReadOnlyDictionary<string, string>)	recipe.Parameters              .Where(parameter => IsCoordinateRecipeParameter(parameter, cellCount))              .OrderBy(parameter => parameter.Tab)              .ThenBy(parameter => parameter.Group)              .ThenBy(parameter => parameter.DisplayOrder)              .Select	-	열거를 수행하는 호출자 스레드	기존 LINQ 열거 시점	기존 열거 시 호출자에게 전달	낮음	이름 있는 조건/선택 메서드 또는 for/foreach
Lambda	Drilling.UI	Drilling.UI/Menu/Menus/CMenuMonitor.cs	1926	Drilling.UI.Menu.Menus.CMenuMonitor.BuildCoordinateHoleMatrixRows(Drilling.Common.Recipe.ST_RECIPE_HOLE_PLAN, System.Collections.Generic.IReadOnlyDictionary<string, string>)	holePlan.Points              .Where	this	열거를 수행하는 호출자 스레드	기존 LINQ 열거 시점	기존 열거 시 호출자에게 전달	중간	이름 있는 조건/선택 메서드 또는 for/foreach
Lambda	Drilling.UI	Drilling.UI/Menu/Menus/CMenuMonitor.cs	1927	Drilling.UI.Menu.Menus.CMenuMonitor.BuildCoordinateHoleMatrixRows(Drilling.Common.Recipe.ST_RECIPE_HOLE_PLAN, System.Collections.Generic.IReadOnlyDictionary<string, string>)	holePlan.Points              .Where(point => point.CellNo == _coordinateSelectedCellNo)              .GroupBy	-	열거를 수행하는 호출자 스레드	기존 LINQ 열거 시점	기존 열거 시 호출자에게 전달	낮음	이름 있는 조건/선택 메서드 또는 for/foreach
Lambda	Drilling.UI	Drilling.UI/Menu/Menus/CMenuMonitor.cs	1928	Drilling.UI.Menu.Menus.CMenuMonitor.BuildCoordinateHoleMatrixRows(Drilling.Common.Recipe.ST_RECIPE_HOLE_PLAN, System.Collections.Generic.IReadOnlyDictionary<string, string>)	holePlan.Points              .Where(point => point.CellNo == _coordinateSelectedCellNo)              .GroupBy(point => point.Row)              .OrderBy	-	열거를 수행하는 호출자 스레드	기존 LINQ 열거 시점	기존 열거 시 호출자에게 전달	낮음	이름 있는 조건/선택 메서드 또는 for/foreach
Lambda	Drilling.UI	Drilling.UI/Menu/Menus/CMenuMonitor.cs	1929	Drilling.UI.Menu.Menus.CMenuMonitor.BuildCoordinateHoleMatrixRows(Drilling.Common.Recipe.ST_RECIPE_HOLE_PLAN, System.Collections.Generic.IReadOnlyDictionary<string, string>)	holePlan.Points              .Where(point => point.CellNo == _coordinateSelectedCellNo)              .GroupBy(point => point.Row)              .OrderBy(group => group.Key)              .Select	this,parameters	열거를 수행하는 호출자 스레드	기존 LINQ 열거 시점	기존 열거 시 호출자에게 전달	중간	이름 있는 조건/선택 메서드 또는 for/foreach
Lambda	Drilling.UI	Drilling.UI/Menu/Menus/CMenuMonitor.cs	1932	lambda expression	group                      .OrderBy	-	열거를 수행하는 호출자 스레드	기존 LINQ 열거 시점	기존 열거 시 호출자에게 전달	낮음	이름 있는 조건/선택 메서드 또는 for/foreach
Lambda	Drilling.UI	Drilling.UI/Menu/Menus/CMenuMonitor.cs	1933	lambda expression	group                      .OrderBy(point => point.Column)                      .ThenBy	-	열거를 수행하는 호출자 스레드	기존 LINQ 열거 시점	기존 열거 시 호출자에게 전달	낮음	이름 있는 조건/선택 메서드 또는 for/foreach
Lambda	Drilling.UI	Drilling.UI/Menu/Menus/CMenuMonitor.cs	1934	lambda expression	group                      .OrderBy(point => point.Column)                      .ThenBy(point => point.HoleNo)                      .Select	this,parameters	열거를 수행하는 호출자 스레드	기존 LINQ 열거 시점	기존 열거 시 호출자에게 전달	중간	이름 있는 조건/선택 메서드 또는 for/foreach
Lambda	Drilling.UI	Drilling.UI/Menu/Menus/CMenuMonitor.cs	1951	Drilling.UI.Menu.Menus.CMenuMonitor.CreateCoordinatePreviewPoints(System.Collections.Generic.IReadOnlyList<Drilling.Common.Recipe.ST_RECIPE_HOLE_POINT>, string?, string)	points              .Select	selectedHoleKey,basis	열거를 수행하는 호출자 스레드	기존 LINQ 열거 시점	기존 열거 시 호출자에게 전달	중간	이름 있는 조건/선택 메서드 또는 for/foreach
SwitchExpression	Drilling.UI	Drilling.UI/Menu/Menus/CMenuMonitor.cs	2062	Drilling.UI.Menu.Menus.CMenuMonitor.CreateCoordinateAxisIndicators(string, System.Collections.Generic.IReadOnlyDictionary<string, string>)	ReturnStatement	-	호출자 스레드	기존 식 평가 시점	기존 호출자에게 직접 전달	중간	일반 switch 문과 명시적 return/대입
SwitchExpression	Drilling.UI	Drilling.UI/Menu/Menus/CMenuMonitor.cs	2116	Drilling.UI.Menu.Menus.CMenuMonitor.IsCoordinateSetting(Drilling.Common.Managers.ST_SYSTEM_PARAMETER)	ReturnStatement	-	호출자 스레드	기존 식 평가 시점	기존 호출자에게 직접 전달	중간	일반 switch 문과 명시적 return/대입
SwitchExpression	Drilling.UI	Drilling.UI/Menu/Menus/CMenuMonitor.cs	2295	Drilling.UI.Menu.Menus.CMenuMonitor.NormalizeCoordinateBasis(string)	ReturnStatement	-	호출자 스레드	기존 식 평가 시점	기존 호출자에게 직접 전달	중간	일반 switch 문과 명시적 return/대입
SwitchExpression	Drilling.UI	Drilling.UI/Menu/Menus/CMenuMonitor.cs	2307	Drilling.UI.Menu.Menus.CMenuMonitor.GetCoordinateBasisName(string)	ReturnStatement	-	호출자 스레드	기존 식 평가 시점	기존 호출자에게 직접 전달	중간	일반 switch 문과 명시적 return/대입
SwitchExpression	Drilling.UI	Drilling.UI/Menu/Menus/CMenuMonitor.cs	2318	Drilling.UI.Menu.Menus.CMenuMonitor.GetCoordinateBasisDescription(string)	ReturnStatement	-	호출자 스레드	기존 식 평가 시점	기존 호출자에게 직접 전달	중간	일반 switch 문과 명시적 return/대입
SwitchExpression	Drilling.UI	Drilling.UI/Menu/Menus/CMenuMonitor.cs	2331	Drilling.UI.Menu.Menus.CMenuMonitor.GetCoordinateBasisPosition(string, Drilling.Common.Recipe.ST_RECIPE_HOLE_POINT)	ReturnStatement	-	호출자 스레드	기존 식 평가 시점	기존 호출자에게 직접 전달	중간	일반 switch 문과 명시적 return/대입
Lambda	Drilling.UI	Drilling.UI/Menu/Menus/CMenuMonitor.cs	2439	Drilling.UI.Menu.Menus.CMenuMonitor.SetOperationFieldValue(string, string)	OperationFields.FirstOrDefault	parameter	열거를 수행하는 호출자 스레드	기존 LINQ 열거 시점	기존 열거 시 호출자에게 전달	중간	이름 있는 조건/선택 메서드 또는 for/foreach
Lambda	Drilling.UI	Drilling.UI/Menu/Menus/CMenuMonitor.cs	2450	Drilling.UI.Menu.Menus.CMenuMonitor.CreatePowerMeterProcess()	table.Processes.Select	-	열거를 수행하는 호출자 스레드	기존 LINQ 열거 시점	기존 열거 시 호출자에게 전달	낮음	이름 있는 조건/선택 메서드 또는 for/foreach
Lambda	Drilling.UI	Drilling.UI/Menu/Menus/CMenuMonitor.cs	2455	Drilling.UI.Menu.Menus.CMenuMonitor.CreatePowerMeterProcess()	ShowPowerMeterNameDialog	existing	호출자 스레드	기존 식 평가 시점	기존 호출자에게 직접 전달	중간	이름 있는 메서드 또는 명시적 반복문
Lambda	Drilling.UI	Drilling.UI/Menu/Menus/CMenuMonitor.cs	2519	Drilling.UI.Menu.Menus.CMenuMonitor.RenamePowerMeterProcess()	table.Processes.Select	-	열거를 수행하는 호출자 스레드	기존 LINQ 열거 시점	기존 열거 시 호출자에게 전달	낮음	이름 있는 조건/선택 메서드 또는 for/foreach
Lambda	Drilling.UI	Drilling.UI/Menu/Menus/CMenuMonitor.cs	2524	Drilling.UI.Menu.Menus.CMenuMonitor.RenamePowerMeterProcess()	ShowPowerMeterNameDialog	oldName,existing	호출자 스레드	기존 식 평가 시점	기존 호출자에게 직접 전달	중간	이름 있는 메서드 또는 명시적 반복문
Lambda	Drilling.UI	Drilling.UI/Menu/Menus/CMenuMonitor.cs	2568	Drilling.UI.Menu.Menus.CMenuMonitor.CommitCurrentPowerMeterStepEdit(bool)	table.Steps.FirstOrDefault	this	열거를 수행하는 호출자 스레드	기존 LINQ 열거 시점	기존 열거 시 호출자에게 전달	중간	이름 있는 조건/선택 메서드 또는 for/foreach
Lambda	Drilling.UI	Drilling.UI/Menu/Menus/CMenuMonitor.cs	2577	Drilling.UI.Menu.Menus.CMenuMonitor.CommitCurrentPowerMeterStepEdit(bool)	table.Steps              .Select	editedStep	열거를 수행하는 호출자 스레드	기존 LINQ 열거 시점	기존 열거 시 호출자에게 전달	중간	이름 있는 조건/선택 메서드 또는 for/foreach
Lambda	Drilling.UI	Drilling.UI/Menu/Menus/CMenuMonitor.cs	2578	Drilling.UI.Menu.Menus.CMenuMonitor.CommitCurrentPowerMeterStepEdit(bool)	table.Steps              .Select(step => step.StepNo == editedStep.StepNo ? editedStep : step)              .OrderBy	-	열거를 수행하는 호출자 스레드	기존 LINQ 열거 시점	기존 열거 시 호출자에게 전달	낮음	이름 있는 조건/선택 메서드 또는 for/foreach
Lambda	Drilling.UI	Drilling.UI/Menu/Menus/CMenuMonitor.cs	2593	Drilling.UI.Menu.Menus.CMenuMonitor.AddPowerMeterStep(bool)	table.Steps.Max	-	호출자 스레드	기존 식 평가 시점	기존 호출자에게 직접 전달	낮음	이름 있는 메서드 또는 명시적 반복문
Lambda	Drilling.UI	Drilling.UI/Menu/Menus/CMenuMonitor.cs	2594	Drilling.UI.Menu.Menus.CMenuMonitor.AddPowerMeterStep(bool)	table.Steps.FirstOrDefault	this	열거를 수행하는 호출자 스레드	기존 LINQ 열거 시점	기존 열거 시 호출자에게 전달	중간	이름 있는 조건/선택 메서드 또는 for/foreach
Lambda	Drilling.UI	Drilling.UI/Menu/Menus/CMenuMonitor.cs	2620	Drilling.UI.Menu.Menus.CMenuMonitor.AddPowerMeterStep(bool)	table.Steps              .Append(newStep)              .OrderBy	-	열거를 수행하는 호출자 스레드	기존 LINQ 열거 시점	기존 열거 시 호출자에게 전달	낮음	이름 있는 조건/선택 메서드 또는 for/foreach
Lambda	Drilling.UI	Drilling.UI/Menu/Menus/CMenuMonitor.cs	2634	Drilling.UI.Menu.Menus.CMenuMonitor.DeleteSelectedPowerMeterStep()	table.Steps.All	this	열거를 수행하는 호출자 스레드	기존 LINQ 열거 시점	기존 열거 시 호출자에게 전달	중간	이름 있는 조건/선택 메서드 또는 for/foreach
Lambda	Drilling.UI	Drilling.UI/Menu/Menus/CMenuMonitor.cs	2640	Drilling.UI.Menu.Menus.CMenuMonitor.DeleteSelectedPowerMeterStep()	table.Steps              .Where	this	열거를 수행하는 호출자 스레드	기존 LINQ 열거 시점	기존 열거 시 호출자에게 전달	중간	이름 있는 조건/선택 메서드 또는 for/foreach
Lambda	Drilling.UI	Drilling.UI/Menu/Menus/CMenuMonitor.cs	2707	Drilling.UI.Menu.Menus.CMenuMonitor.RunPowerMeterMeasureSequence()	table.Steps                  .OrderBy	-	열거를 수행하는 호출자 스레드	기존 LINQ 열거 시점	기존 열거 시 호출자에게 전달	낮음	이름 있는 조건/선택 메서드 또는 for/foreach
Lambda	Drilling.UI	Drilling.UI/Menu/Menus/CMenuMonitor.cs	2708	Drilling.UI.Menu.Menus.CMenuMonitor.RunPowerMeterMeasureSequence()	table.Steps                  .OrderBy(step => step.StepNo)                  .Select	-	열거를 수행하는 호출자 스레드	기존 LINQ 열거 시점	기존 열거 시 호출자에게 전달	낮음	이름 있는 조건/선택 메서드 또는 for/foreach
Lambda	Drilling.UI	Drilling.UI/Menu/Menus/CMenuMonitor.cs	2801	Drilling.UI.Menu.Menus.CMenuMonitor.ReadOperationField(string, double)	OperationFields              .FirstOrDefault	parameter	열거를 수행하는 호출자 스레드	기존 LINQ 열거 시점	기존 열거 시 호출자에게 전달	중간	이름 있는 조건/선택 메서드 또는 for/foreach
Lambda	Drilling.UI	Drilling.UI/Menu/Menus/CMenuMonitor.cs	2816	Drilling.UI.Menu.Menus.CMenuMonitor.ReadPwmSetting(string, double)	PwmSettingRows              .FirstOrDefault	parameter	열거를 수행하는 호출자 스레드	기존 LINQ 열거 시점	기존 열거 시 호출자에게 전달	중간	이름 있는 조건/선택 메서드 또는 for/foreach
Lambda	Drilling.UI	Drilling.UI/Menu/Menus/CMenuMonitor.cs	2869	Drilling.UI.Menu.Menus.CMenuMonitor.ReadPwmText(string, string)	PwmSettingRows              .FirstOrDefault	parameter	열거를 수행하는 호출자 스레드	기존 LINQ 열거 시점	기존 열거 시 호출자에게 전달	중간	이름 있는 조건/선택 메서드 또는 for/foreach
Lambda	Drilling.UI	Drilling.UI/Menu/Menus/CMenuMonitor.cs	2910	Drilling.UI.Menu.Menus.CMenuMonitor.RenumberPowerMeterSteps(System.Collections.Generic.IReadOnlyList<Drilling.Common.Interface.ST_POWER_METER_STEP_DATA>)	steps              .OrderBy	-	열거를 수행하는 호출자 스레드	기존 LINQ 열거 시점	기존 열거 시 호출자에게 전달	낮음	이름 있는 조건/선택 메서드 또는 for/foreach
Lambda	Drilling.UI	Drilling.UI/Menu/Menus/CMenuMonitor.cs	2911	Drilling.UI.Menu.Menus.CMenuMonitor.RenumberPowerMeterSteps(System.Collections.Generic.IReadOnlyList<Drilling.Common.Interface.ST_POWER_METER_STEP_DATA>)	steps              .OrderBy(step => step.StepNo)              .Select	-	열거를 수행하는 호출자 스레드	기존 LINQ 열거 시점	기존 열거 시 호출자에게 전달	낮음	이름 있는 조건/선택 메서드 또는 for/foreach
Lambda	Drilling.UI	Drilling.UI/Menu/Menus/CMenuMonitor.cs	2970	Drilling.UI.Menu.Menus.CMenuMonitor.GetActiveWindow()	.Windows              .OfType<Window>()              .FirstOrDefault	-	열거를 수행하는 호출자 스레드	기존 LINQ 열거 시점	기존 열거 시 호출자에게 전달	낮음	이름 있는 조건/선택 메서드 또는 for/foreach
Lambda	Drilling.UI	Drilling.UI/Menu/Menus/CMenuMonitor.cs	3004	Drilling.UI.Menu.Menus.CMenuMonitor.ValidatePowerMeterProcessName(string, System.Collections.Generic.IReadOnlyList<string>, string)	existingFiles.Any	fileName	열거를 수행하는 호출자 스레드	기존 LINQ 열거 시점	기존 열거 시 호출자에게 전달	중간	이름 있는 조건/선택 메서드 또는 for/foreach
SwitchExpression	Drilling.UI	Drilling.UI/Menu/Menus/CMenuMonitor.cs	3014	Drilling.UI.Menu.Menus.CMenuMonitor.GetMonitorOperationLabel(object?)	ReturnStatement	-	호출자 스레드	기존 식 평가 시점	기존 호출자에게 직접 전달	중간	일반 switch 문과 명시적 return/대입
Lambda	Drilling.UI	Drilling.UI/Menu/Menus/CMenuMonitor.cs	3187	Drilling.UI.Menu.Menus.CMenuMonitor.CreateTabSections(System.Collections.Generic.IReadOnlyList<Drilling.UI.Menu.Menus.ST_MONITOR_TAB>)	tabs              .Select	-	열거를 수행하는 호출자 스레드	기존 LINQ 열거 시점	기존 열거 시 호출자에게 전달	낮음	이름 있는 조건/선택 메서드 또는 for/foreach
SwitchExpression	Drilling.UI	Drilling.UI/Menu/Menus/CMenuMonitor.cs	3194	Drilling.UI.Menu.Menus.CMenuMonitor.NormalizeMonitorTab(string?)	ReturnStatement	-	호출자 스레드	기존 식 평가 시점	기존 호출자에게 직접 전달	중간	일반 switch 문과 명시적 return/대입
SwitchExpression	Drilling.UI	Drilling.UI/Menu/Menus/CMenuMonitor.cs	3207	Drilling.UI.Menu.Menus.CMenuMonitor.GetSubtitle(string)	ReturnStatement	-	호출자 스레드	기존 식 평가 시점	기존 호출자에게 직접 전달	중간	일반 switch 문과 명시적 return/대입
SwitchExpression	Drilling.UI	Drilling.UI/Menu/Menus/CMenuMonitor.cs	3226	Drilling.UI.Menu.Menus.CMenuMonitor.GetStatusPanelTitle(string)	ReturnStatement	-	호출자 스레드	기존 식 평가 시점	기존 호출자에게 직접 전달	중간	일반 switch 문과 명시적 return/대입
SwitchExpression	Drilling.UI	Drilling.UI/Menu/Menus/CMenuMonitor.cs	3242	Drilling.UI.Menu.Menus.CMenuMonitor.GetOperationPanelTitle(string)	ReturnStatement	-	호출자 스레드	기존 식 평가 시점	기존 호출자에게 직접 전달	중간	일반 switch 문과 명시적 return/대입
SwitchExpression	Drilling.UI	Drilling.UI/Menu/Menus/CMenuMonitor.cs	3258	Drilling.UI.Menu.Menus.CMenuMonitor.GetParameterPanelTitle(string)	ReturnStatement	-	호출자 스레드	기존 식 평가 시점	기존 호출자에게 직접 전달	중간	일반 switch 문과 명시적 return/대입
SwitchExpression	Drilling.UI	Drilling.UI/Menu/Menus/CMenuMonitor.cs	3275	Drilling.UI.Menu.Menus.CMenuMonitor.GetTrendPanelTitle(string)	ReturnStatement	-	호출자 스레드	기존 식 평가 시점	기존 호출자에게 직접 전달	중간	일반 switch 문과 명시적 return/대입
SwitchExpression	Drilling.UI	Drilling.UI/Menu/Menus/CMenuMonitor.cs	3290	Drilling.UI.Menu.Menus.CMenuMonitor.GetHistoryPanelTitle(string)	ReturnStatement	-	호출자 스레드	기존 식 평가 시점	기존 호출자에게 직접 전달	중간	일반 switch 문과 명시적 return/대입
Lambda	Drilling.UI	Drilling.UI/Menu/Menus/CMenuMonitor.cs	3308	Drilling.UI.Menu.Menus.CMenuMonitor.CreateInputRows(Drilling.Common.Managers.ST_DEVICE_STATUS)	snapshot.Io              .Where	-	열거를 수행하는 호출자 스레드	기존 LINQ 열거 시점	기존 열거 시 호출자에게 전달	낮음	이름 있는 조건/선택 메서드 또는 for/foreach
Lambda	Drilling.UI	Drilling.UI/Menu/Menus/CMenuMonitor.cs	3309	Drilling.UI.Menu.Menus.CMenuMonitor.CreateInputRows(Drilling.Common.Managers.ST_DEVICE_STATUS)	snapshot.Io              .Where(channel => !channel.IsOutput)              .Select	-	열거를 수행하는 호출자 스레드	기존 LINQ 열거 시점	기존 열거 시 호출자에게 전달	낮음	이름 있는 조건/선택 메서드 또는 for/foreach
Lambda	Drilling.UI	Drilling.UI/Menu/Menus/CMenuMonitor.cs	3323	Drilling.UI.Menu.Menus.CMenuMonitor.CreateOutputRows(Drilling.Common.Managers.ST_DEVICE_STATUS)	snapshot.Io              .Where	-	열거를 수행하는 호출자 스레드	기존 LINQ 열거 시점	기존 열거 시 호출자에게 전달	낮음	이름 있는 조건/선택 메서드 또는 for/foreach
Lambda	Drilling.UI	Drilling.UI/Menu/Menus/CMenuMonitor.cs	3324	Drilling.UI.Menu.Menus.CMenuMonitor.CreateOutputRows(Drilling.Common.Managers.ST_DEVICE_STATUS)	snapshot.Io              .Where(channel => channel.IsOutput)              .Select	-	열거를 수행하는 호출자 스레드	기존 LINQ 열거 시점	기존 열거 시 호출자에게 전달	낮음	이름 있는 조건/선택 메서드 또는 for/foreach
Lambda	Drilling.UI	Drilling.UI/Menu/Menus/CMenuMonitor.cs	3341	Drilling.UI.Menu.Menus.CMenuMonitor.CreateAxisRows(Drilling.Common.Managers.ST_DEVICE_STATUS, string)	snapshot.Motors              .Select	selectedAxisId	열거를 수행하는 호출자 스레드	기존 LINQ 열거 시점	기존 열거 시 호출자에게 전달	중간	이름 있는 조건/선택 메서드 또는 for/foreach
SwitchExpression	Drilling.UI	Drilling.UI/Menu/Menus/CMenuMonitor.cs	3370	Drilling.UI.Menu.Menus.CMenuMonitor.CreateStatusRows(string, Drilling.Common.Managers.ST_DEVICE_STATUS, System.Collections.Generic.IReadOnlyList<Drilling.Common.Interface.ST_DEVICE_COMM_STATUS>, string?)	ReturnStatement	-	호출자 스레드	기존 식 평가 시점	기존 호출자에게 직접 전달	중간	일반 switch 문과 명시적 return/대입
SwitchExpression	Drilling.UI	Drilling.UI/Menu/Menus/CMenuMonitor.cs	3457	Drilling.UI.Menu.Menus.CMenuMonitor.GetMonitorModule(string)	ReturnStatement	-	호출자 스레드	기존 식 평가 시점	기존 호출자에게 직접 전달	중간	일반 switch 문과 명시적 return/대입
Lambda	Drilling.UI	Drilling.UI/Menu/Menus/CMenuMonitor.cs	3475	Drilling.UI.Menu.Menus.CMenuMonitor.GetModuleState(System.Collections.Generic.IReadOnlyList<Drilling.Common.Interface.ST_DEVICE_COMM_STATUS>, Drilling.Common.Interface.EN_EQP_MODULE)	communication.FirstOrDefault	module	열거를 수행하는 호출자 스레드	기존 LINQ 열거 시점	기존 열거 시 호출자에게 전달	중간	이름 있는 조건/선택 메서드 또는 for/foreach
SwitchExpression	Drilling.UI	Drilling.UI/Menu/Menus/CMenuMonitor.cs	3481	Drilling.UI.Menu.Menus.CMenuMonitor.ToCommunicationText(Drilling.Common.Interface.EN_COMM_STATE)	ReturnStatement	-	호출자 스레드	기존 식 평가 시점	기존 호출자에게 직접 전달	중간	일반 switch 문과 명시적 return/대입
SwitchExpression	Drilling.UI	Drilling.UI/Menu/Menus/CMenuMonitor.cs	3493	Drilling.UI.Menu.Menus.CMenuMonitor.CreateOperationButtons(string, Drilling.Common.Interface.ST_LASER_STATUS)	ReturnStatement	-	호출자 스레드	기존 식 평가 시점	기존 호출자에게 직접 전달	중간	일반 switch 문과 명시적 return/대입
SwitchExpression	Drilling.UI	Drilling.UI/Menu/Menus/CMenuMonitor.cs	3537	Drilling.UI.Menu.Menus.CMenuMonitor.CreateParameterRows(string)	ReturnStatement	-	호출자 스레드	기존 식 평가 시점	기존 호출자에게 직접 전달	중간	일반 switch 문과 명시적 return/대입
SwitchExpression	Drilling.UI	Drilling.UI/Menu/Menus/CMenuMonitor.cs	3628	Drilling.UI.Menu.Menus.CMenuMonitor.CreateOperationFields(string, Drilling.Common.Interface.ST_PICO_MOTOR_STATUS)	ReturnStatement	-	호출자 스레드	기존 식 평가 시점	기존 호출자에게 직접 전달	중간	일반 switch 문과 명시적 return/대입
SwitchExpression	Drilling.UI	Drilling.UI/Menu/Menus/CMenuMonitor.cs	3802	Drilling.UI.Menu.Menus.CMenuMonitor.GetSelectedHeadNumber(string)	ReturnStatement	-	호출자 스레드	기존 식 평가 시점	기존 호출자에게 직접 전달	중간	일반 switch 문과 명시적 return/대입
SwitchExpression	Drilling.UI	Drilling.UI/Menu/Menus/CMenuMonitor.cs	3812	Drilling.UI.Menu.Menus.CMenuMonitor.GetSelectedHeadInterfaceData(string)	ReturnStatement	-	호출자 스레드	기존 식 평가 시점	기존 호출자에게 직접 전달	중간	일반 switch 문과 명시적 return/대입
Lambda	Drilling.UI	Drilling.UI/Menu/Menus/CMenuMonitor.cs	3833	Drilling.UI.Menu.Menus.CMenuMonitor.GetSelectedHeadConnectionText(string)	_interfaceManager              .GetInterfaceCommunicationList(module.Value)              .FirstOrDefault	number	열거를 수행하는 호출자 스레드	기존 LINQ 열거 시점	기존 열거 시 호출자에게 전달	중간	이름 있는 조건/선택 메서드 또는 for/foreach
SwitchExpression	Drilling.UI	Drilling.UI/Menu/Menus/CMenuMonitor.cs	3842	Drilling.UI.Menu.Menus.CMenuMonitor.GetHeadDeviceModule(string)	ReturnStatement	-	호출자 스레드	기존 식 평가 시점	기존 호출자에게 직접 전달	중간	일반 switch 문과 명시적 return/대입
SwitchExpression	Drilling.UI	Drilling.UI/Menu/Menus/CMenuMonitor.cs	3853	Drilling.UI.Menu.Menus.CMenuMonitor.GetHeadDeviceNickPrefix(string)	ReturnStatement	-	호출자 스레드	기존 식 평가 시점	기존 호출자에게 직접 전달	중간	일반 switch 문과 명시적 return/대입
Lambda	Drilling.UI	Drilling.UI/Menu/Menus/CMenuMonitor.cs	3875	Drilling.UI.Menu.Menus.CMenuMonitor.CreateHeadSelectRows(string, int, Drilling.Common.Interface.EN_EQP_MODULE?, string)	_interfaceManager              .GetInterfaceCommunicationList(module.Value)              .ToDictionary	-	열거를 수행하는 호출자 스레드	기존 LINQ 열거 시점	기존 열거 시 호출자에게 전달	낮음	이름 있는 조건/선택 메서드 또는 for/foreach
Lambda	Drilling.UI	Drilling.UI/Menu/Menus/CMenuMonitor.cs	3876	Drilling.UI.Menu.Menus.CMenuMonitor.CreateHeadSelectRows(string, int, Drilling.Common.Interface.EN_EQP_MODULE?, string)	_interfaceManager              .GetInterfaceCommunicationList(module.Value)              .ToDictionary	-	열거를 수행하는 호출자 스레드	기존 LINQ 열거 시점	기존 열거 시 호출자에게 전달	낮음	이름 있는 조건/선택 메서드 또는 for/foreach
Lambda	Drilling.UI	Drilling.UI/Menu/Menus/CMenuMonitor.cs	3879	Drilling.UI.Menu.Menus.CMenuMonitor.CreateHeadSelectRows(string, int, Drilling.Common.Interface.EN_EQP_MODULE?, string)	Enumerable.Range(0, LaserHeadCount)              .Select	selectedHeadNumber,nickPrefix,communicationMap,number,registered	열거를 수행하는 호출자 스레드	기존 LINQ 열거 시점	기존 열거 시 호출자에게 전달	중간	이름 있는 조건/선택 메서드 또는 for/foreach
Lambda	Drilling.UI	Drilling.UI/Menu/Menus/CMenuMonitor.cs	3912	Drilling.UI.Menu.Menus.CMenuMonitor.CreateLaserControlRows(string, Drilling.Common.Interface.ST_LASER_STATUS, Drilling.Common.Interface.ST_TALON_STATUS, System.Collections.Generic.IReadOnlyList<Drilling.UI.Menu.Menus.ST_MONITOR_PARAMETER_ROW>)	operationFields.ToDictionary	-	열거를 수행하는 호출자 스레드	기존 LINQ 열거 시점	기존 열거 시 호출자에게 전달	낮음	이름 있는 조건/선택 메서드 또는 for/foreach
Lambda	Drilling.UI	Drilling.UI/Menu/Menus/CMenuMonitor.cs	4003	Drilling.UI.Menu.Menus.CMenuMonitor.CreateBetTableRows(string, System.Collections.Generic.IReadOnlyList<Drilling.Common.Interface.ST_BET_TABLE_DATA>, Drilling.Common.Managers.ST_DEVICE_STATUS)	table              .OrderBy	-	열거를 수행하는 호출자 스레드	기존 LINQ 열거 시점	기존 열거 시 호출자에게 전달	낮음	이름 있는 조건/선택 메서드 또는 for/foreach
Lambda	Drilling.UI	Drilling.UI/Menu/Menus/CMenuMonitor.cs	4004	Drilling.UI.Menu.Menus.CMenuMonitor.CreateBetTableRows(string, System.Collections.Generic.IReadOnlyList<Drilling.Common.Interface.ST_BET_TABLE_DATA>, Drilling.Common.Managers.ST_DEVICE_STATUS)	table              .OrderBy(row => row.Index)              .Select	snapshot	열거를 수행하는 호출자 스레드	기존 LINQ 열거 시점	기존 열거 시 호출자에게 전달	중간	이름 있는 조건/선택 메서드 또는 for/foreach
Lambda	Drilling.UI	Drilling.UI/Menu/Menus/CMenuMonitor.cs	4024	Drilling.UI.Menu.Menus.CMenuMonitor.CreateBETTableData(System.Collections.Generic.IReadOnlyList<Drilling.UI.Menu.Menus.ST_MONITOR_BET_TABLE_ROW>)	rows              .Select	-	열거를 수행하는 호출자 스레드	기존 LINQ 열거 시점	기존 열거 시 호출자에게 전달	낮음	이름 있는 조건/선택 메서드 또는 for/foreach
Lambda	Drilling.UI	Drilling.UI/Menu/Menus/CMenuMonitor.cs	4029	Drilling.UI.Menu.Menus.CMenuMonitor.CreateBETTableData(System.Collections.Generic.IReadOnlyList<Drilling.UI.Menu.Menus.ST_MONITOR_BET_TABLE_ROW>)	rows              .Select((row, order) => new ST_BET_TABLE_DATA(                  ReadBETInt(row.No, order),                  ReadBETDouble(row.Mag, 0.0),                  ReadBETDouble(row.Div, 0.0),                  row.Description?.Trim() ?? ""))              .OrderBy	-	열거를 수행하는 호출자 스레드	기존 LINQ 열거 시점	기존 열거 시 호출자에게 전달	낮음	이름 있는 조건/선택 메서드 또는 for/foreach
Lambda	Drilling.UI	Drilling.UI/Menu/Menus/CMenuMonitor.cs	4056	Drilling.UI.Menu.Menus.CMenuMonitor.CreateCommandHistoryRows(string, System.Collections.Generic.IReadOnlyList<Drilling.Common.Interface.ST_INTERFACE_HISTORY>)	interfaceHistory              .Where	tab	열거를 수행하는 호출자 스레드	기존 LINQ 열거 시점	기존 열거 시 호출자에게 전달	중간	이름 있는 조건/선택 메서드 또는 for/foreach
Lambda	Drilling.UI	Drilling.UI/Menu/Menus/CMenuMonitor.cs	4057	Drilling.UI.Menu.Menus.CMenuMonitor.CreateCommandHistoryRows(string, System.Collections.Generic.IReadOnlyList<Drilling.Common.Interface.ST_INTERFACE_HISTORY>)	interfaceHistory              .Where(item => IsCommandHistoryVisible(tab, item))              .OrderByDescending	-	열거를 수행하는 호출자 스레드	기존 LINQ 열거 시점	기존 열거 시 호출자에게 전달	낮음	이름 있는 조건/선택 메서드 또는 for/foreach
Lambda	Drilling.UI	Drilling.UI/Menu/Menus/CMenuMonitor.cs	4059	Drilling.UI.Menu.Menus.CMenuMonitor.CreateCommandHistoryRows(string, System.Collections.Generic.IReadOnlyList<Drilling.Common.Interface.ST_INTERFACE_HISTORY>)	interfaceHistory              .Where(item => IsCommandHistoryVisible(tab, item))              .OrderByDescending(item => item.OccurredAt)              .Take(12)              .Select	-	열거를 수행하는 호출자 스레드	기존 LINQ 열거 시점	기존 열거 시 호출자에게 전달	낮음	이름 있는 조건/선택 메서드 또는 for/foreach
SwitchExpression	Drilling.UI	Drilling.UI/Menu/Menus/CMenuMonitor.cs	4073	Drilling.UI.Menu.Menus.CMenuMonitor.CreateCommandHistoryRows(string, System.Collections.Generic.IReadOnlyList<Drilling.Common.Interface.ST_INTERFACE_HISTORY>)	ReturnStatement	-	호출자 스레드	기존 식 평가 시점	기존 호출자에게 직접 전달	중간	일반 switch 문과 명시적 return/대입
SwitchExpression	Drilling.UI	Drilling.UI/Menu/Menus/CMenuMonitor.cs	4296	Drilling.UI.Menu.Menus.CMenuMonitor.CreateTrendPoints(string)	ReturnStatement	-	호출자 스레드	기존 식 평가 시점	기존 호출자에게 직접 전달	중간	일반 switch 문과 명시적 return/대입
SwitchExpression	Drilling.UI	Drilling.UI/Menu/Menus/CMenuMonitor.cs	4330	Drilling.UI.Menu.Menus.CMenuMonitor.CreateSummaryItems(string, Drilling.Common.Managers.ST_DEVICE_STATUS)	ReturnStatement	-	호출자 스레드	기존 식 평가 시점	기존 호출자에게 직접 전달	중간	일반 switch 문과 명시적 return/대입
Lambda	Drilling.UI	Drilling.UI/Menu/Menus/CMenuMonitor.cs	4408	Drilling.UI.Menu.Menus.CMenuMonitor.CreateMelsecGroups(string)	_interfaceManager.Melsec.Map              .Select	-	열거를 수행하는 호출자 스레드	기존 LINQ 열거 시점	기존 열거 시 호출자에게 전달	낮음	이름 있는 조건/선택 메서드 또는 for/foreach
Lambda	Drilling.UI	Drilling.UI/Menu/Menus/CMenuMonitor.cs	4409	Drilling.UI.Menu.Menus.CMenuMonitor.CreateMelsecGroups(string)	_interfaceManager.Melsec.Map              .Select(data => data.Group)              .Where	-	열거를 수행하는 호출자 스레드	기존 LINQ 열거 시점	기존 열거 시 호출자에게 전달	낮음	이름 있는 조건/선택 메서드 또는 for/foreach
Lambda	Drilling.UI	Drilling.UI/Menu/Menus/CMenuMonitor.cs	4411	Drilling.UI.Menu.Menus.CMenuMonitor.CreateMelsecGroups(string)	_interfaceManager.Melsec.Map              .Select(data => data.Group)              .Where(group => !string.IsNullOrWhiteSpace(group))              .Distinct(StringComparer.OrdinalIgnoreCase)              .OrderBy	-	열거를 수행하는 호출자 스레드	기존 LINQ 열거 시점	기존 열거 시 호출자에게 전달	낮음	이름 있는 조건/선택 메서드 또는 for/foreach
Lambda	Drilling.UI	Drilling.UI/Menu/Menus/CMenuMonitor.cs	4422	Drilling.UI.Menu.Menus.CMenuMonitor.CreateMelsecGroups(string)	new[] { "ALL" }              .Concat(mapGroups)              .Select	this	열거를 수행하는 호출자 스레드	기존 LINQ 열거 시점	기존 열거 시 호출자에게 전달	중간	이름 있는 조건/선택 메서드 또는 for/foreach
Lambda	Drilling.UI	Drilling.UI/Menu/Menus/CMenuMonitor.cs	4443	Drilling.UI.Menu.Menus.CMenuMonitor.CreateMelsecRows(string, System.Collections.Generic.IReadOnlyDictionary<string, Drilling.UI.Menu.Menus.ST_MONITOR_MELSEC_VALUE>)	rows              .OrderBy	-	열거를 수행하는 호출자 스레드	기존 LINQ 열거 시점	기존 열거 시 호출자에게 전달	낮음	이름 있는 조건/선택 메서드 또는 for/foreach
Lambda	Drilling.UI	Drilling.UI/Menu/Menus/CMenuMonitor.cs	4444	Drilling.UI.Menu.Menus.CMenuMonitor.CreateMelsecRows(string, System.Collections.Generic.IReadOnlyDictionary<string, Drilling.UI.Menu.Menus.ST_MONITOR_MELSEC_VALUE>)	rows              .OrderBy(data => data.Group, StringComparer.OrdinalIgnoreCase)              .ThenBy	-	열거를 수행하는 호출자 스레드	기존 LINQ 열거 시점	기존 열거 시 호출자에게 전달	낮음	이름 있는 조건/선택 메서드 또는 for/foreach
Lambda	Drilling.UI	Drilling.UI/Menu/Menus/CMenuMonitor.cs	4445	Drilling.UI.Menu.Menus.CMenuMonitor.CreateMelsecRows(string, System.Collections.Generic.IReadOnlyDictionary<string, Drilling.UI.Menu.Menus.ST_MONITOR_MELSEC_VALUE>)	rows              .OrderBy(data => data.Group, StringComparer.OrdinalIgnoreCase)              .ThenBy(data => data.DeviceNo)              .ThenBy	-	열거를 수행하는 호출자 스레드	기존 LINQ 열거 시점	기존 열거 시 호출자에게 전달	낮음	이름 있는 조건/선택 메서드 또는 for/foreach
Lambda	Drilling.UI	Drilling.UI/Menu/Menus/CMenuMonitor.cs	4446	Drilling.UI.Menu.Menus.CMenuMonitor.CreateMelsecRows(string, System.Collections.Generic.IReadOnlyDictionary<string, Drilling.UI.Menu.Menus.ST_MONITOR_MELSEC_VALUE>)	rows              .OrderBy(data => data.Group, StringComparer.OrdinalIgnoreCase)              .ThenBy(data => data.DeviceNo)              .ThenBy(data => data.Id, StringComparer.OrdinalIgnoreCase)              .Select	this,values	열거를 수행하는 호출자 스레드	기존 LINQ 열거 시점	기존 열거 시 호출자에게 전달	중간	이름 있는 조건/선택 메서드 또는 for/foreach
Lambda	Drilling.UI	Drilling.UI/Menu/Menus/CMenuMonitor.cs	4474	Drilling.UI.Menu.Menus.CMenuMonitor.SetMelsecRows(System.Collections.Generic.IReadOnlyList<Drilling.UI.Menu.Menus.ST_MONITOR_MELSEC_ROW>)	rows              .Where	-	열거를 수행하는 호출자 스레드	기존 LINQ 열거 시점	기존 열거 시 호출자에게 전달	낮음	이름 있는 조건/선택 메서드 또는 for/foreach
Lambda	Drilling.UI	Drilling.UI/Menu/Menus/CMenuMonitor.cs	4477	Drilling.UI.Menu.Menus.CMenuMonitor.SetMelsecRows(System.Collections.Generic.IReadOnlyList<Drilling.UI.Menu.Menus.ST_MONITOR_MELSEC_ROW>)	rows              .Where	-	열거를 수행하는 호출자 스레드	기존 LINQ 열거 시점	기존 열거 시 호출자에게 전달	낮음	이름 있는 조건/선택 메서드 또는 for/foreach
Lambda	Drilling.UI	Drilling.UI/Menu/Menus/CMenuMonitor.cs	4485	Drilling.UI.Menu.Menus.CMenuMonitor.SaveMelsecWriteValues()	MelsecRows.Where	-	열거를 수행하는 호출자 스레드	기존 LINQ 열거 시점	기존 열거 시 호출자에게 전달	낮음	이름 있는 조건/선택 메서드 또는 for/foreach
Lambda	Drilling.UI	Drilling.UI/Menu/Menus/CMenuMonitor.cs	4529	Drilling.UI.Menu.Menus.CMenuMonitor.CreateProductItems(Drilling.Common.Product.ST_PRODUCT_DATA?, string)	product.Heads.Count	-	열거를 수행하는 호출자 스레드	기존 LINQ 열거 시점	기존 열거 시 호출자에게 전달	낮음	이름 있는 조건/선택 메서드 또는 for/foreach
Lambda	Drilling.UI	Drilling.UI/Menu/Menus/CMenuMonitor.cs	4530	Drilling.UI.Menu.Menus.CMenuMonitor.CreateProductItems(Drilling.Common.Product.ST_PRODUCT_DATA?, string)	product.Heads.Count	-	열거를 수행하는 호출자 스레드	기존 LINQ 열거 시점	기존 열거 시 호출자에게 전달	낮음	이름 있는 조건/선택 메서드 또는 for/foreach
Lambda	Drilling.UI	Drilling.UI/Menu/Menus/CMenuMonitor.cs	4557	Drilling.UI.Menu.Menus.CMenuMonitor.CreateProductHeadRows(Drilling.Common.Product.ST_PRODUCT_DATA?)	product.Heads              .OrderBy	-	열거를 수행하는 호출자 스레드	기존 LINQ 열거 시점	기존 열거 시 호출자에게 전달	낮음	이름 있는 조건/선택 메서드 또는 for/foreach
Lambda	Drilling.UI	Drilling.UI/Menu/Menus/CMenuMonitor.cs	4558	Drilling.UI.Menu.Menus.CMenuMonitor.CreateProductHeadRows(Drilling.Common.Product.ST_PRODUCT_DATA?)	product.Heads              .OrderBy(head => head.HeadNo)              .Select	-	열거를 수행하는 호출자 스레드	기존 LINQ 열거 시점	기존 열거 시 호출자에게 전달	낮음	이름 있는 조건/선택 메서드 또는 for/foreach
Lambda	Drilling.UI	Drilling.UI/Menu/Menus/CMenuMonitor.cs	4579	Drilling.UI.Menu.Menus.CMenuMonitor.CreatePwmProcessRows(string, Drilling.Common.Interface.ST_POWER_METER_TABLE_DATA)	table.Processes              .Select	-	열거를 수행하는 호출자 스레드	기존 LINQ 열거 시점	기존 열거 시 호출자에게 전달	낮음	이름 있는 조건/선택 메서드 또는 for/foreach
Lambda	Drilling.UI	Drilling.UI/Menu/Menus/CMenuMonitor.cs	4609	Drilling.UI.Menu.Menus.CMenuMonitor.CreatePwmStepRows(string, Drilling.Common.Managers.ST_DEVICE_STATUS, Drilling.Common.Interface.ST_POWER_METER_TABLE_DATA, int)	table.Steps              .Select	selectedStepNo,measured	열거를 수행하는 호출자 스레드	기존 LINQ 열거 시점	기존 열거 시 호출자에게 전달	중간	이름 있는 조건/선택 메서드 또는 for/foreach
Lambda	Drilling.UI	Drilling.UI/Menu/Menus/CMenuMonitor.cs	4646	Drilling.UI.Menu.Menus.CMenuMonitor.CreatePwmSettingRows(string, Drilling.Common.Interface.ST_POWER_METER_TABLE_DATA, int)	table.Steps.FirstOrDefault	selectedStepNo	열거를 수행하는 호출자 스레드	기존 LINQ 열거 시점	기존 열거 시 호출자에게 전달	중간	이름 있는 조건/선택 메서드 또는 for/foreach
Lambda	Drilling.UI	Drilling.UI/Menu/Menus/CMenuMonitor.cs	4732	Drilling.UI.Menu.Menus.CMenuMonitor.CreateProductHistoryRows(System.Collections.Generic.IReadOnlyList<Drilling.Common.Product.ST_PRODUCT_HISTORY>)	history              .OrderByDescending	-	열거를 수행하는 호출자 스레드	기존 LINQ 열거 시점	기존 열거 시 호출자에게 전달	낮음	이름 있는 조건/선택 메서드 또는 for/foreach
Lambda	Drilling.UI	Drilling.UI/Menu/Menus/CMenuMonitor.cs	4733	Drilling.UI.Menu.Menus.CMenuMonitor.CreateProductHistoryRows(System.Collections.Generic.IReadOnlyList<Drilling.Common.Product.ST_PRODUCT_HISTORY>)	history              .OrderByDescending(item => item.OccurredAt)              .Select	-	열거를 수행하는 호출자 스레드	기존 LINQ 열거 시점	기존 열거 시 호출자에게 전달	낮음	이름 있는 조건/선택 메서드 또는 for/foreach
SwitchExpression	Drilling.UI	Drilling.UI/Menu/Menus/CMenuMonitor.cs	4753	Drilling.UI.Menu.Menus.CMenuMonitor.ProductStateTone(Drilling.Common.Product.EN_PRODUCT_STATE, Drilling.Common.Product.EN_PRODUCT_RESULT)	ReturnStatement	-	호출자 스레드	기존 식 평가 시점	기존 호출자에게 직접 전달	중간	일반 switch 문과 명시적 return/대입
SwitchExpression	Drilling.UI	Drilling.UI/Menu/Menus/CMenuMonitor.cs	4764	Drilling.UI.Menu.Menus.CMenuMonitor.ProductResultTone(Drilling.Common.Product.EN_PRODUCT_RESULT)	ReturnStatement	-	호출자 스레드	기존 식 평가 시점	기존 호출자에게 직접 전달	중간	일반 switch 문과 명시적 return/대입
SwitchExpression	Drilling.UI	Drilling.UI/Menu/Menus/CMenuMonitor.cs	4784	Drilling.UI.Menu.Menus.CMenuMonitor.ParseMelsecBit(string)	ReturnStatement	-	호출자 스레드	기존 식 평가 시점	기존 호출자에게 직접 전달	중간	일반 switch 문과 명시적 return/대입
SwitchExpression	Drilling.UI	Drilling.UI/Menu/Menus/CMenuMonitor.cs	4794	Drilling.UI.Menu.Menus.CMenuMonitor.MelsecAccessText(Drilling.Common.Interface.EN_MELSEC_ACCESS)	ReturnStatement	-	호출자 스레드	기존 식 평가 시점	기존 호출자에게 직접 전달	중간	일반 switch 문과 명시적 return/대입
SwitchExpression	Drilling.UI	Drilling.UI/Menu/Menus/CMenuMonitor.cs	4810	Drilling.UI.Menu.Menus.CMenuMonitor.DefaultMelsecWriteValue(Drilling.Common.Interface.ST_MELSEC_MAP_DATA)	ReturnStatement	-	호출자 스레드	기존 식 평가 시점	기존 호출자에게 직접 전달	중간	일반 switch 문과 명시적 return/대입
SwitchExpression	Drilling.UI	Drilling.UI/Menu/Menus/CMenuMonitor.cs	4837	Drilling.UI.Menu.Menus.CMenuMonitor.MelsecRowState(Drilling.Common.Interface.ST_MELSEC_MAP_DATA)	ReturnStatement	-	호출자 스레드	기존 식 평가 시점	기존 호출자에게 직접 전달	중간	일반 switch 문과 명시적 return/대입
ExpressionBody	Drilling.UI	Drilling.UI/Menu/Menus/CMenuMonitor.cs	4897	Drilling.UI.Menu.Menus.ST_MONITOR_COORDINATE_BASIS_OPTION.BackgroundBrush.get	PropertyDeclaration	-	호출자 스레드	기존 식 평가 시점	기존 호출자에게 직접 전달	낮음	블록 본문과 명시적 return/get/set
ExpressionBody	Drilling.UI	Drilling.UI/Menu/Menus/CMenuMonitor.cs	4899	Drilling.UI.Menu.Menus.ST_MONITOR_COORDINATE_BASIS_OPTION.BorderBrush.get	PropertyDeclaration	-	호출자 스레드	기존 식 평가 시점	기존 호출자에게 직접 전달	낮음	블록 본문과 명시적 return/get/set
ExpressionBody	Drilling.UI	Drilling.UI/Menu/Menus/CMenuMonitor.cs	4901	Drilling.UI.Menu.Menus.ST_MONITOR_COORDINATE_BASIS_OPTION.TextBrush.get	PropertyDeclaration	-	호출자 스레드	기존 식 평가 시점	기존 호출자에게 직접 전달	낮음	블록 본문과 명시적 return/get/set
ExpressionBody	Drilling.UI	Drilling.UI/Menu/Menus/CMenuMonitor.cs	4924	Drilling.UI.Menu.Menus.ST_MONITOR_COORDINATE_HOLE_BUTTON.BorderBrush.get	PropertyDeclaration	-	호출자 스레드	기존 식 평가 시점	기존 호출자에게 직접 전달	낮음	블록 본문과 명시적 return/get/set
ExpressionBody	Drilling.UI	Drilling.UI/Menu/Menus/CMenuMonitor.cs	4928	Drilling.UI.Menu.Menus.ST_MONITOR_COORDINATE_HOLE_BUTTON.BackgroundBrush.get	PropertyDeclaration	-	호출자 스레드	기존 식 평가 시점	기존 호출자에게 직접 전달	낮음	블록 본문과 명시적 return/get/set
ExpressionBody	Drilling.UI	Drilling.UI/Menu/Menus/CMenuMonitor.cs	4932	Drilling.UI.Menu.Menus.ST_MONITOR_COORDINATE_HOLE_BUTTON.DetailBrush.get	PropertyDeclaration	-	호출자 스레드	기존 식 평가 시점	기존 호출자에게 직접 전달	낮음	블록 본문과 명시적 return/get/set
ExpressionBody	Drilling.UI	Drilling.UI/Menu/Menus/CMenuMonitor.cs	4940	Drilling.UI.Menu.Menus.ST_MONITOR_PRODUCT_ITEM.ValueBrush.get	PropertyDeclaration	-	호출자 스레드	기존 식 평가 시점	기존 호출자에게 직접 전달	낮음	블록 본문과 명시적 return/get/set
SwitchExpression	Drilling.UI	Drilling.UI/Menu/Menus/CMenuMonitor.cs	4940	Drilling.UI.Menu.Menus.ST_MONITOR_PRODUCT_ITEM.ValueBrush.get	ArrowExpressionClause	-	호출자 스레드	기존 식 평가 시점	기존 호출자에게 직접 전달	중간	일반 switch 문과 명시적 return/대입
ExpressionBody	Drilling.UI	Drilling.UI/Menu/Menus/CMenuMonitor.cs	4959	Drilling.UI.Menu.Menus.ST_MONITOR_PRODUCT_HEAD_ROW.ResultBrush.get	PropertyDeclaration	-	호출자 스레드	기존 식 평가 시점	기존 호출자에게 직접 전달	낮음	블록 본문과 명시적 return/get/set
SwitchExpression	Drilling.UI	Drilling.UI/Menu/Menus/CMenuMonitor.cs	4959	Drilling.UI.Menu.Menus.ST_MONITOR_PRODUCT_HEAD_ROW.ResultBrush.get	ArrowExpressionClause	-	호출자 스레드	기존 식 평가 시점	기존 호출자에게 직접 전달	중간	일반 switch 문과 명시적 return/대입
ExpressionBody	Drilling.UI	Drilling.UI/Menu/Menus/CMenuMonitor.cs	4966	Drilling.UI.Menu.Menus.ST_MONITOR_PRODUCT_HEAD_ROW.StateBrush.get	PropertyDeclaration	-	호출자 스레드	기존 식 평가 시점	기존 호출자에게 직접 전달	낮음	블록 본문과 명시적 return/get/set
SwitchExpression	Drilling.UI	Drilling.UI/Menu/Menus/CMenuMonitor.cs	4966	Drilling.UI.Menu.Menus.ST_MONITOR_PRODUCT_HEAD_ROW.StateBrush.get	ArrowExpressionClause	-	호출자 스레드	기존 식 평가 시점	기존 호출자에게 직접 전달	중간	일반 switch 문과 명시적 return/대입
ExpressionBody	Drilling.UI	Drilling.UI/Menu/Menus/CMenuMonitor.cs	4984	Drilling.UI.Menu.Menus.ST_MONITOR_PRODUCT_HISTORY_ROW.ResultBrush.get	PropertyDeclaration	-	호출자 스레드	기존 식 평가 시점	기존 호출자에게 직접 전달	낮음	블록 본문과 명시적 return/get/set
SwitchExpression	Drilling.UI	Drilling.UI/Menu/Menus/CMenuMonitor.cs	4984	Drilling.UI.Menu.Menus.ST_MONITOR_PRODUCT_HISTORY_ROW.ResultBrush.get	ArrowExpressionClause	-	호출자 스레드	기존 식 평가 시점	기존 호출자에게 직접 전달	중간	일반 switch 문과 명시적 return/대입
ExpressionBody	Drilling.UI	Drilling.UI/Menu/Menus/CMenuMonitor.cs	5059	Drilling.UI.Menu.Menus.ST_MONITOR_MELSEC_ROW.WriteValueOptions.get	PropertyDeclaration	-	호출자 스레드	기존 식 평가 시점	기존 호출자에게 직접 전달	낮음	블록 본문과 명시적 return/get/set
ExpressionBody	Drilling.UI	Drilling.UI/Menu/Menus/CMenuMonitor.cs	5061	Drilling.UI.Menu.Menus.ST_MONITOR_MELSEC_ROW.UsesWriteSelection.get	PropertyDeclaration	-	호출자 스레드	기존 식 평가 시점	기존 호출자에게 직접 전달	낮음	블록 본문과 명시적 return/get/set
ExpressionBody	Drilling.UI	Drilling.UI/Menu/Menus/CMenuMonitor.cs	5063	Drilling.UI.Menu.Menus.ST_MONITOR_MELSEC_ROW.WriteInputType.get	PropertyDeclaration	-	호출자 스레드	기존 식 평가 시점	기존 호출자에게 직접 전달	낮음	블록 본문과 명시적 return/get/set
SwitchExpression	Drilling.UI	Drilling.UI/Menu/Menus/CMenuMonitor.cs	5063	Drilling.UI.Menu.Menus.ST_MONITOR_MELSEC_ROW.WriteInputType.get	ArrowExpressionClause	-	호출자 스레드	기존 식 평가 시점	기존 호출자에게 직접 전달	중간	일반 switch 문과 명시적 return/대입
ExpressionBody	Drilling.UI	Drilling.UI/Menu/Menus/CMenuMonitor.cs	5074	Drilling.UI.Menu.Menus.ST_MONITOR_MELSEC_ROW.CanRead.get	PropertyDeclaration	-	호출자 스레드	기존 식 평가 시점	기존 호출자에게 직접 전달	낮음	블록 본문과 명시적 return/get/set
ExpressionBody	Drilling.UI	Drilling.UI/Menu/Menus/CMenuMonitor.cs	5076	Drilling.UI.Menu.Menus.ST_MONITOR_MELSEC_ROW.CanWrite.get	PropertyDeclaration	-	호출자 스레드	기존 식 평가 시점	기존 호출자에게 직접 전달	낮음	블록 본문과 명시적 return/get/set
ExpressionBody	Drilling.UI	Drilling.UI/Menu/Menus/CMenuMonitor.cs	5078	Drilling.UI.Menu.Menus.ST_MONITOR_MELSEC_ROW.StateBrush.get	PropertyDeclaration	-	호출자 스레드	기존 식 평가 시점	기존 호출자에게 직접 전달	낮음	블록 본문과 명시적 return/get/set
SwitchExpression	Drilling.UI	Drilling.UI/Menu/Menus/CMenuMonitor.cs	5078	Drilling.UI.Menu.Menus.ST_MONITOR_MELSEC_ROW.StateBrush.get	ArrowExpressionClause	-	호출자 스레드	기존 식 평가 시점	기존 호출자에게 직접 전달	중간	일반 switch 문과 명시적 return/대입
ExpressionBody	Drilling.UI	Drilling.UI/Menu/Menus/CMenuMonitor.cs	5086	Drilling.UI.Menu.Menus.ST_MONITOR_MELSEC_ROW.ValueBrush.get	PropertyDeclaration	-	호출자 스레드	기존 식 평가 시점	기존 호출자에게 직접 전달	낮음	블록 본문과 명시적 return/get/set
ExpressionBody	Drilling.UI	Drilling.UI/Menu/Menus/CMenuMonitor.cs	5103	Drilling.UI.Menu.Menus.ST_MONITOR_IO_ROW.StateBrush.get	PropertyDeclaration	-	호출자 스레드	기존 식 평가 시점	기존 호출자에게 직접 전달	낮음	블록 본문과 명시적 return/get/set
ExpressionBody	Drilling.UI	Drilling.UI/Menu/Menus/CMenuMonitor.cs	5105	Drilling.UI.Menu.Menus.ST_MONITOR_IO_ROW.RowBrush.get	PropertyDeclaration	-	호출자 스레드	기존 식 평가 시점	기존 호출자에게 직접 전달	낮음	블록 본문과 명시적 return/get/set
SwitchExpression	Drilling.UI	Drilling.UI/Menu/Menus/CMenuMonitor.cs	5109	Drilling.UI.Menu.Menus.ST_MONITOR_IO_ROW.MonitorStatusBrush(string)	ReturnStatement	-	호출자 스레드	기존 식 평가 시점	기존 호출자에게 직접 전달	중간	일반 switch 문과 명시적 return/대입
ExpressionBody	Drilling.UI	Drilling.UI/Menu/Menus/CMenuMonitor.cs	5133	Drilling.UI.Menu.Menus.ST_MONITOR_AXIS_ROW.StateBrush.get	PropertyDeclaration	-	호출자 스레드	기존 식 평가 시점	기존 호출자에게 직접 전달	낮음	블록 본문과 명시적 return/get/set
SwitchExpression	Drilling.UI	Drilling.UI/Menu/Menus/CMenuMonitor.cs	5133	Drilling.UI.Menu.Menus.ST_MONITOR_AXIS_ROW.StateBrush.get	ArrowExpressionClause	-	호출자 스레드	기존 식 평가 시점	기존 호출자에게 직접 전달	중간	일반 switch 문과 명시적 return/대입
ExpressionBody	Drilling.UI	Drilling.UI/Menu/Menus/CMenuMonitor.cs	5140	Drilling.UI.Menu.Menus.ST_MONITOR_AXIS_ROW.ServoBrush.get	PropertyDeclaration	-	호출자 스레드	기존 식 평가 시점	기존 호출자에게 직접 전달	낮음	블록 본문과 명시적 return/get/set
ExpressionBody	Drilling.UI	Drilling.UI/Menu/Menus/CMenuMonitor.cs	5142	Drilling.UI.Menu.Menus.ST_MONITOR_AXIS_ROW.RowBrush.get	PropertyDeclaration	-	호출자 스레드	기존 식 평가 시점	기존 호출자에게 직접 전달	낮음	블록 본문과 명시적 return/get/set
ExpressionBody	Drilling.UI	Drilling.UI/Menu/Menus/CMenuMonitor.cs	5152	Drilling.UI.Menu.Menus.ST_MONITOR_STATUS_ROW.StateBrush.get	PropertyDeclaration	-	호출자 스레드	기존 식 평가 시점	기존 호출자에게 직접 전달	낮음	블록 본문과 명시적 return/get/set
SwitchExpression	Drilling.UI	Drilling.UI/Menu/Menus/CMenuMonitor.cs	5152	Drilling.UI.Menu.Menus.ST_MONITOR_STATUS_ROW.StateBrush.get	ArrowExpressionClause	-	호출자 스레드	기존 식 평가 시점	기존 호출자에게 직접 전달	중간	일반 switch 문과 명시적 return/대입
ExpressionBody	Drilling.UI	Drilling.UI/Menu/Menus/CMenuMonitor.cs	5160	Drilling.UI.Menu.Menus.ST_MONITOR_STATUS_ROW.ValueBrush.get	PropertyDeclaration	-	호출자 스레드	기존 식 평가 시점	기존 호출자에게 직접 전달	낮음	블록 본문과 명시적 return/get/set
SwitchExpression	Drilling.UI	Drilling.UI/Menu/Menus/CMenuMonitor.cs	5160	Drilling.UI.Menu.Menus.ST_MONITOR_STATUS_ROW.ValueBrush.get	ArrowExpressionClause	-	호출자 스레드	기존 식 평가 시점	기존 호출자에게 직접 전달	중간	일반 switch 문과 명시적 return/대입
ExpressionBody	Drilling.UI	Drilling.UI/Menu/Menus/CMenuMonitor.cs	5173	Drilling.UI.Menu.Menus.ST_MONITOR_OPERATION_BUTTON.BackgroundBrush.get	PropertyDeclaration	-	호출자 스레드	기존 식 평가 시점	기존 호출자에게 직접 전달	낮음	블록 본문과 명시적 return/get/set
SwitchExpression	Drilling.UI	Drilling.UI/Menu/Menus/CMenuMonitor.cs	5173	Drilling.UI.Menu.Menus.ST_MONITOR_OPERATION_BUTTON.BackgroundBrush.get	ArrowExpressionClause	-	호출자 스레드	기존 식 평가 시점	기존 호출자에게 직접 전달	중간	일반 switch 문과 명시적 return/대입
ExpressionBody	Drilling.UI	Drilling.UI/Menu/Menus/CMenuMonitor.cs	5181	Drilling.UI.Menu.Menus.ST_MONITOR_OPERATION_BUTTON.BorderBrush.get	PropertyDeclaration	-	호출자 스레드	기존 식 평가 시점	기존 호출자에게 직접 전달	낮음	블록 본문과 명시적 return/get/set
SwitchExpression	Drilling.UI	Drilling.UI/Menu/Menus/CMenuMonitor.cs	5181	Drilling.UI.Menu.Menus.ST_MONITOR_OPERATION_BUTTON.BorderBrush.get	ArrowExpressionClause	-	호출자 스레드	기존 식 평가 시점	기존 호출자에게 직접 전달	중간	일반 switch 문과 명시적 return/대입
ExpressionBody	Drilling.UI	Drilling.UI/Menu/Menus/CMenuMonitor.cs	5189	Drilling.UI.Menu.Menus.ST_MONITOR_OPERATION_BUTTON.IconGeometry.get	PropertyDeclaration	-	호출자 스레드	기존 식 평가 시점	기존 호출자에게 직접 전달	낮음	블록 본문과 명시적 return/get/set
ExpressionBody	Drilling.UI	Drilling.UI/Menu/Menus/CMenuMonitor.cs	5200	Drilling.UI.Menu.Menus.ST_MONITOR_HEAD_SELECT_ROW.StateBrush.get	PropertyDeclaration	-	호출자 스레드	기존 식 평가 시점	기존 호출자에게 직접 전달	낮음	블록 본문과 명시적 return/get/set
SwitchExpression	Drilling.UI	Drilling.UI/Menu/Menus/CMenuMonitor.cs	5200	Drilling.UI.Menu.Menus.ST_MONITOR_HEAD_SELECT_ROW.StateBrush.get	ArrowExpressionClause	-	호출자 스레드	기존 식 평가 시점	기존 호출자에게 직접 전달	중간	일반 switch 문과 명시적 return/대입
ExpressionBody	Drilling.UI	Drilling.UI/Menu/Menus/CMenuMonitor.cs	5207	Drilling.UI.Menu.Menus.ST_MONITOR_HEAD_SELECT_ROW.BorderBrush.get	PropertyDeclaration	-	호출자 스레드	기존 식 평가 시점	기존 호출자에게 직접 전달	낮음	블록 본문과 명시적 return/get/set
ExpressionBody	Drilling.UI	Drilling.UI/Menu/Menus/CMenuMonitor.cs	5211	Drilling.UI.Menu.Menus.ST_MONITOR_HEAD_SELECT_ROW.BackgroundBrush.get	PropertyDeclaration	-	호출자 스레드	기존 식 평가 시점	기존 호출자에게 직접 전달	낮음	블록 본문과 명시적 return/get/set
ExpressionBody	Drilling.UI	Drilling.UI/Menu/Menus/CMenuMonitor.cs	5215	Drilling.UI.Menu.Menus.ST_MONITOR_HEAD_SELECT_ROW.TextBrush.get	PropertyDeclaration	-	호출자 스레드	기존 식 평가 시점	기존 호출자에게 직접 전달	낮음	블록 본문과 명시적 return/get/set
ExpressionBody	Drilling.UI	Drilling.UI/Menu/Menus/CMenuMonitor.cs	5230	Drilling.UI.Menu.Menus.ST_MONITOR_LASER_CONTROL_ROW.CommandOpacity.get	PropertyDeclaration	-	호출자 스레드	기존 식 평가 시점	기존 호출자에게 직접 전달	낮음	블록 본문과 명시적 return/get/set
ExpressionBody	Drilling.UI	Drilling.UI/Menu/Menus/CMenuMonitor.cs	5232	Drilling.UI.Menu.Menus.ST_MONITOR_LASER_CONTROL_ROW.CurrentValueBrush.get	PropertyDeclaration	-	호출자 스레드	기존 식 평가 시점	기존 호출자에게 직접 전달	낮음	블록 본문과 명시적 return/get/set
SwitchExpression	Drilling.UI	Drilling.UI/Menu/Menus/CMenuMonitor.cs	5232	Drilling.UI.Menu.Menus.ST_MONITOR_LASER_CONTROL_ROW.CurrentValueBrush.get	ArrowExpressionClause	-	호출자 스레드	기존 식 평가 시점	기존 호출자에게 직접 전달	중간	일반 switch 문과 명시적 return/대입
ExpressionBody	Drilling.UI	Drilling.UI/Menu/Menus/CMenuMonitor.cs	5239	Drilling.UI.Menu.Menus.ST_MONITOR_LASER_CONTROL_ROW.BackgroundBrush.get	PropertyDeclaration	-	호출자 스레드	기존 식 평가 시점	기존 호출자에게 직접 전달	낮음	블록 본문과 명시적 return/get/set
SwitchExpression	Drilling.UI	Drilling.UI/Menu/Menus/CMenuMonitor.cs	5239	Drilling.UI.Menu.Menus.ST_MONITOR_LASER_CONTROL_ROW.BackgroundBrush.get	ArrowExpressionClause	-	호출자 스레드	기존 식 평가 시점	기존 호출자에게 직접 전달	중간	일반 switch 문과 명시적 return/대입
ExpressionBody	Drilling.UI	Drilling.UI/Menu/Menus/CMenuMonitor.cs	5247	Drilling.UI.Menu.Menus.ST_MONITOR_LASER_CONTROL_ROW.BorderBrush.get	PropertyDeclaration	-	호출자 스레드	기존 식 평가 시점	기존 호출자에게 직접 전달	낮음	블록 본문과 명시적 return/get/set
SwitchExpression	Drilling.UI	Drilling.UI/Menu/Menus/CMenuMonitor.cs	5247	Drilling.UI.Menu.Menus.ST_MONITOR_LASER_CONTROL_ROW.BorderBrush.get	ArrowExpressionClause	-	호출자 스레드	기존 식 평가 시점	기존 호출자에게 직접 전달	중간	일반 switch 문과 명시적 return/대입
ExpressionBody	Drilling.UI	Drilling.UI/Menu/Menus/CMenuMonitor.cs	5255	Drilling.UI.Menu.Menus.ST_MONITOR_LASER_CONTROL_ROW.IconGeometry.get	PropertyDeclaration	-	호출자 스레드	기존 식 평가 시점	기존 호출자에게 직접 전달	낮음	블록 본문과 명시적 return/get/set
ExpressionBody	Drilling.UI	Drilling.UI/Menu/Menus/CMenuMonitor.cs	5280	Drilling.UI.Menu.Menus.ST_MONITOR_PARAMETER_ROW.ValueBrush.get	PropertyDeclaration	-	호출자 스레드	기존 식 평가 시점	기존 호출자에게 직접 전달	낮음	블록 본문과 명시적 return/get/set
SwitchExpression	Drilling.UI	Drilling.UI/Menu/Menus/CMenuMonitor.cs	5280	Drilling.UI.Menu.Menus.ST_MONITOR_PARAMETER_ROW.ValueBrush.get	ArrowExpressionClause	-	호출자 스레드	기존 식 평가 시점	기존 호출자에게 직접 전달	중간	일반 switch 문과 명시적 return/대입
ExpressionBody	Drilling.UI	Drilling.UI/Menu/Menus/CMenuMonitor.cs	5297	Drilling.UI.Menu.Menus.ST_MONITOR_COMMAND_HISTORY_ROW.ResultBrush.get	PropertyDeclaration	-	호출자 스레드	기존 식 평가 시점	기존 호출자에게 직접 전달	낮음	블록 본문과 명시적 return/get/set
SwitchExpression	Drilling.UI	Drilling.UI/Menu/Menus/CMenuMonitor.cs	5297	Drilling.UI.Menu.Menus.ST_MONITOR_COMMAND_HISTORY_ROW.ResultBrush.get	ArrowExpressionClause	-	호출자 스레드	기존 식 평가 시점	기존 호출자에게 직접 전달	중간	일반 switch 문과 명시적 return/대입
ExpressionBody	Drilling.UI	Drilling.UI/Menu/Menus/CMenuMonitor.cs	5336	Drilling.UI.Menu.Menus.ST_MONITOR_BET_TABLE_ROW.Mag.get	GetAccessorDeclaration	-	호출자 스레드	기존 식 평가 시점	기존 호출자에게 직접 전달	낮음	블록 본문과 명시적 return/get/set
ExpressionBody	Drilling.UI	Drilling.UI/Menu/Menus/CMenuMonitor.cs	5352	Drilling.UI.Menu.Menus.ST_MONITOR_BET_TABLE_ROW.Div.get	GetAccessorDeclaration	-	호출자 스레드	기존 식 평가 시점	기존 호출자에게 직접 전달	낮음	블록 본문과 명시적 return/get/set
ExpressionBody	Drilling.UI	Drilling.UI/Menu/Menus/CMenuMonitor.cs	5366	Drilling.UI.Menu.Menus.ST_MONITOR_BET_TABLE_ROW.SpotSize.get	PropertyDeclaration	-	호출자 스레드	기존 식 평가 시점	기존 호출자에게 직접 전달	낮음	블록 본문과 명시적 return/get/set
ExpressionBody	Drilling.UI	Drilling.UI/Menu/Menus/CMenuMonitor.cs	5372	Drilling.UI.Menu.Menus.ST_MONITOR_BET_TABLE_ROW.MoveCommandLabel.get	PropertyDeclaration	-	호출자 스레드	기존 식 평가 시점	기존 호출자에게 직접 전달	낮음	블록 본문과 명시적 return/get/set
ExpressionBody	Drilling.UI	Drilling.UI/Menu/Menus/CMenuMonitor.cs	5374	Drilling.UI.Menu.Menus.ST_MONITOR_BET_TABLE_ROW.StateBrush.get	PropertyDeclaration	-	호출자 스레드	기존 식 평가 시점	기존 호출자에게 직접 전달	낮음	블록 본문과 명시적 return/get/set
SwitchExpression	Drilling.UI	Drilling.UI/Menu/Menus/CMenuMonitor.cs	5374	Drilling.UI.Menu.Menus.ST_MONITOR_BET_TABLE_ROW.StateBrush.get	ArrowExpressionClause	-	호출자 스레드	기존 식 평가 시점	기존 호출자에게 직접 전달	중간	일반 switch 문과 명시적 return/대입
ExpressionBody	Drilling.UI	Drilling.UI/Menu/Menus/CMenuMonitor.cs	5382	Drilling.UI.Menu.Menus.ST_MONITOR_BET_TABLE_ROW.RowBrush.get	PropertyDeclaration	-	호출자 스레드	기존 식 평가 시점	기존 호출자에게 직접 전달	낮음	블록 본문과 명시적 return/get/set
ExpressionBody	Drilling.UI	Drilling.UI/Menu/Menus/CMenuMonitor.cs	5409	Drilling.UI.Menu.Menus.ST_PWM_PROCESS_ROW.StateBrush.get	PropertyDeclaration	-	호출자 스레드	기존 식 평가 시점	기존 호출자에게 직접 전달	낮음	블록 본문과 명시적 return/get/set
SwitchExpression	Drilling.UI	Drilling.UI/Menu/Menus/CMenuMonitor.cs	5409	Drilling.UI.Menu.Menus.ST_PWM_PROCESS_ROW.StateBrush.get	ArrowExpressionClause	-	호출자 스레드	기존 식 평가 시점	기존 호출자에게 직접 전달	중간	일반 switch 문과 명시적 return/대입
ExpressionBody	Drilling.UI	Drilling.UI/Menu/Menus/CMenuMonitor.cs	5417	Drilling.UI.Menu.Menus.ST_PWM_PROCESS_ROW.UseBrush.get	PropertyDeclaration	-	호출자 스레드	기존 식 평가 시점	기존 호출자에게 직접 전달	낮음	블록 본문과 명시적 return/get/set
ExpressionBody	Drilling.UI	Drilling.UI/Menu/Menus/CMenuMonitor.cs	5421	Drilling.UI.Menu.Menus.ST_PWM_PROCESS_ROW.RowBrush.get	PropertyDeclaration	-	호출자 스레드	기존 식 평가 시점	기존 호출자에게 직접 전달	낮음	블록 본문과 명시적 return/get/set
ExpressionBody	Drilling.UI	Drilling.UI/Menu/Menus/CMenuMonitor.cs	5442	Drilling.UI.Menu.Menus.ST_PWM_STEP_ROW.PowerBrush.get	PropertyDeclaration	-	호출자 스레드	기존 식 평가 시점	기존 호출자에게 직접 전달	낮음	블록 본문과 명시적 return/get/set
ExpressionBody	Drilling.UI	Drilling.UI/Menu/Menus/CMenuMonitor.cs	5446	Drilling.UI.Menu.Menus.ST_PWM_STEP_ROW.StateBrush.get	PropertyDeclaration	-	호출자 스레드	기존 식 평가 시점	기존 호출자에게 직접 전달	낮음	블록 본문과 명시적 return/get/set
SwitchExpression	Drilling.UI	Drilling.UI/Menu/Menus/CMenuMonitor.cs	5446	Drilling.UI.Menu.Menus.ST_PWM_STEP_ROW.StateBrush.get	ArrowExpressionClause	-	호출자 스레드	기존 식 평가 시점	기존 호출자에게 직접 전달	중간	일반 switch 문과 명시적 return/대입
ExpressionBody	Drilling.UI	Drilling.UI/Menu/Menus/CMenuMonitor.cs	5455	Drilling.UI.Menu.Menus.ST_PWM_STEP_ROW.RowBrush.get	PropertyDeclaration	-	호출자 스레드	기존 식 평가 시점	기존 호출자에게 직접 전달	낮음	블록 본문과 명시적 return/get/set
ExpressionBody	Drilling.UI	Drilling.UI/Menu/Menus/CMenuMonitor.cs	5471	Drilling.UI.Menu.Menus.ST_PWM_SETTING_ROW.Value.get	GetAccessorDeclaration	-	호출자 스레드	기존 식 평가 시점	기존 호출자에게 직접 전달	낮음	블록 본문과 명시적 return/get/set
ExpressionBody	Drilling.UI	Drilling.UI/Menu/Menus/CMenuMonitor.cs	5486	Drilling.UI.Menu.Menus.ST_PWM_SETTING_ROW.ValueOptions.get	PropertyDeclaration	-	호출자 스레드	기존 식 평가 시점	기존 호출자에게 직접 전달	낮음	블록 본문과 명시적 return/get/set
SwitchExpression	Drilling.UI	Drilling.UI/Menu/Menus/CMenuMonitor.cs	5486	Drilling.UI.Menu.Menus.ST_PWM_SETTING_ROW.ValueOptions.get	ArrowExpressionClause	-	호출자 스레드	기존 식 평가 시점	기존 호출자에게 직접 전달	중간	일반 switch 문과 명시적 return/대입
ExpressionBody	Drilling.UI	Drilling.UI/Menu/Menus/CMenuMonitor.cs	5493	Drilling.UI.Menu.Menus.ST_PWM_SETTING_ROW.UsesSelectionEditor.get	PropertyDeclaration	-	호출자 스레드	기존 식 평가 시점	기존 호출자에게 직접 전달	낮음	블록 본문과 명시적 return/get/set
ExpressionBody	Drilling.UI	Drilling.UI/Menu/Menus/CMenuMonitor.cs	5495	Drilling.UI.Menu.Menus.ST_PWM_SETTING_ROW.DataType.get	PropertyDeclaration	-	호출자 스레드	기존 식 평가 시점	기존 호출자에게 직접 전달	낮음	블록 본문과 명시적 return/get/set
SwitchExpression	Drilling.UI	Drilling.UI/Menu/Menus/CMenuMonitor.cs	5495	Drilling.UI.Menu.Menus.ST_PWM_SETTING_ROW.DataType.get	ArrowExpressionClause	-	호출자 스레드	기존 식 평가 시점	기존 호출자에게 직접 전달	중간	일반 switch 문과 명시적 return/대입
ExpressionBody	Drilling.UI	Drilling.UI/Menu/Menus/CMenuMonitor.cs	5502	Drilling.UI.Menu.Menus.ST_PWM_SETTING_ROW.ValueBrush.get	PropertyDeclaration	-	호출자 스레드	기존 식 평가 시점	기존 호출자에게 직접 전달	낮음	블록 본문과 명시적 return/get/set
ExpressionBody	Drilling.UI	Drilling.UI/Menu/Menus/CMenuMonitor.cs	5516	Drilling.UI.Menu.Menus.ST_PWM_DEVICE_ROW.ValueBrush.get	PropertyDeclaration	-	호출자 스레드	기존 식 평가 시점	기존 호출자에게 직접 전달	낮음	블록 본문과 명시적 return/get/set
ExpressionBody	Drilling.UI	Drilling.UI/Menu/Menus/CMenuMonitor.cs	5534	Drilling.UI.Menu.Menus.ST_MONITOR_SUMMARY_ITEM.ValueBrush.get	PropertyDeclaration	-	호출자 스레드	기존 식 평가 시점	기존 호출자에게 직접 전달	낮음	블록 본문과 명시적 return/get/set
SwitchExpression	Drilling.UI	Drilling.UI/Menu/Menus/CMenuMonitor.cs	5534	Drilling.UI.Menu.Menus.ST_MONITOR_SUMMARY_ITEM.ValueBrush.get	ArrowExpressionClause	-	호출자 스레드	기존 식 평가 시점	기존 호출자에게 직접 전달	중간	일반 switch 문과 명시적 return/대입
ExpressionBody	Drilling.UI	Drilling.UI/Menu/Menus/CMenuMonitor.cs	5549	Drilling.UI.Menu.Menus.ST_MONITOR_POSITION_ROW.ValueBrush.get	PropertyDeclaration	-	호출자 스레드	기존 식 평가 시점	기존 호출자에게 직접 전달	낮음	블록 본문과 명시적 return/get/set
SwitchExpression	Drilling.UI	Drilling.UI/Menu/Menus/CMenuMonitor.cs	5549	Drilling.UI.Menu.Menus.ST_MONITOR_POSITION_ROW.ValueBrush.get	ArrowExpressionClause	-	호출자 스레드	기존 식 평가 시점	기존 호출자에게 직접 전달	중간	일반 switch 문과 명시적 return/대입
ExpressionBody	Drilling.UI	Drilling.UI/Menu/Menus/CMenuPm.cs	14	Drilling.UI.Menu.Menus.CMenuPm.Menu.get	PropertyDeclaration	-	호출자 스레드	기존 식 평가 시점	기존 호출자에게 직접 전달	낮음	블록 본문과 명시적 return/get/set
Lambda	Drilling.UI	Drilling.UI/Menu/Menus/CMenuRecipe.cs	100	Drilling.UI.Menu.Menus.CMenuRecipe.CMenuRecipe(Drilling.Common.Managers.IRecipeManager, Drilling.Common.Managers.ISettingManager, System.Func<string>, System.Action<string>, System.Func<string>, System.Action<string>, System.Func<Drilling.UI.Menu.Menus.CMenuRecipe?>, System.Action<string>, System.Action<Drilling.UI.Menu.Menus.EN_MENU, string>, System.Action, System.Func<System.Threading.Tasks.Task>)	Argument	this	호출자 스레드	기존 식 평가 시점	기존 호출자에게 직접 전달	중간	이름 있는 메서드 또는 명시적 반복문
Lambda	Drilling.UI	Drilling.UI/Menu/Menus/CMenuRecipe.cs	101	Drilling.UI.Menu.Menus.CMenuRecipe.CMenuRecipe(Drilling.Common.Managers.IRecipeManager, Drilling.Common.Managers.ISettingManager, System.Func<string>, System.Action<string>, System.Func<string>, System.Action<string>, System.Func<Drilling.UI.Menu.Menus.CMenuRecipe?>, System.Action<string>, System.Action<Drilling.UI.Menu.Menus.EN_MENU, string>, System.Action, System.Func<System.Threading.Tasks.Task>)	Argument	this	호출자 스레드	기존 식 평가 시점	기존 호출자에게 직접 전달	중간	이름 있는 메서드 또는 명시적 반복문
Lambda	Drilling.UI	Drilling.UI/Menu/Menus/CMenuRecipe.cs	102	Drilling.UI.Menu.Menus.CMenuRecipe.CMenuRecipe(Drilling.Common.Managers.IRecipeManager, Drilling.Common.Managers.ISettingManager, System.Func<string>, System.Action<string>, System.Func<string>, System.Action<string>, System.Func<Drilling.UI.Menu.Menus.CMenuRecipe?>, System.Action<string>, System.Action<Drilling.UI.Menu.Menus.EN_MENU, string>, System.Action, System.Func<System.Threading.Tasks.Task>)	Argument	this	호출자 스레드	기존 식 평가 시점	기존 호출자에게 직접 전달	중간	이름 있는 메서드 또는 명시적 반복문
Lambda	Drilling.UI	Drilling.UI/Menu/Menus/CMenuRecipe.cs	103	Drilling.UI.Menu.Menus.CMenuRecipe.CMenuRecipe(Drilling.Common.Managers.IRecipeManager, Drilling.Common.Managers.ISettingManager, System.Func<string>, System.Action<string>, System.Func<string>, System.Action<string>, System.Func<Drilling.UI.Menu.Menus.CMenuRecipe?>, System.Action<string>, System.Action<Drilling.UI.Menu.Menus.EN_MENU, string>, System.Action, System.Func<System.Threading.Tasks.Task>)	Argument	this	호출자 스레드	기존 식 평가 시점	기존 호출자에게 직접 전달	중간	이름 있는 메서드 또는 명시적 반복문
Lambda	Drilling.UI	Drilling.UI/Menu/Menus/CMenuRecipe.cs	104	Drilling.UI.Menu.Menus.CMenuRecipe.CMenuRecipe(Drilling.Common.Managers.IRecipeManager, Drilling.Common.Managers.ISettingManager, System.Func<string>, System.Action<string>, System.Func<string>, System.Action<string>, System.Func<Drilling.UI.Menu.Menus.CMenuRecipe?>, System.Action<string>, System.Action<Drilling.UI.Menu.Menus.EN_MENU, string>, System.Action, System.Func<System.Threading.Tasks.Task>)	Argument	this	호출자 스레드	기존 식 평가 시점	기존 호출자에게 직접 전달	중간	이름 있는 메서드 또는 명시적 반복문
Lambda	Drilling.UI	Drilling.UI/Menu/Menus/CMenuRecipe.cs	105	Drilling.UI.Menu.Menus.CMenuRecipe.CMenuRecipe(Drilling.Common.Managers.IRecipeManager, Drilling.Common.Managers.ISettingManager, System.Func<string>, System.Action<string>, System.Func<string>, System.Action<string>, System.Func<Drilling.UI.Menu.Menus.CMenuRecipe?>, System.Action<string>, System.Action<Drilling.UI.Menu.Menus.EN_MENU, string>, System.Action, System.Func<System.Threading.Tasks.Task>)	Argument	this	호출자 스레드	기존 식 평가 시점	기존 호출자에게 직접 전달	중간	이름 있는 메서드 또는 명시적 반복문
Lambda	Drilling.UI	Drilling.UI/Menu/Menus/CMenuRecipe.cs	107	Drilling.UI.Menu.Menus.CMenuRecipe.CMenuRecipe(Drilling.Common.Managers.IRecipeManager, Drilling.Common.Managers.ISettingManager, System.Func<string>, System.Action<string>, System.Func<string>, System.Action<string>, System.Func<Drilling.UI.Menu.Menus.CMenuRecipe?>, System.Action<string>, System.Action<Drilling.UI.Menu.Menus.EN_MENU, string>, System.Action, System.Func<System.Threading.Tasks.Task>)	Argument	this	호출자 스레드	기존 식 평가 시점	기존 호출자에게 직접 전달	중간	이름 있는 메서드 또는 명시적 반복문
Lambda	Drilling.UI	Drilling.UI/Menu/Menus/CMenuRecipe.cs	108	Drilling.UI.Menu.Menus.CMenuRecipe.CMenuRecipe(Drilling.Common.Managers.IRecipeManager, Drilling.Common.Managers.ISettingManager, System.Func<string>, System.Action<string>, System.Func<string>, System.Action<string>, System.Func<Drilling.UI.Menu.Menus.CMenuRecipe?>, System.Action<string>, System.Action<Drilling.UI.Menu.Menus.EN_MENU, string>, System.Action, System.Func<System.Threading.Tasks.Task>)	Argument	this	호출자 스레드	기존 식 평가 시점	기존 호출자에게 직접 전달	중간	이름 있는 메서드 또는 명시적 반복문
Lambda	Drilling.UI	Drilling.UI/Menu/Menus/CMenuRecipe.cs	110	Drilling.UI.Menu.Menus.CMenuRecipe.CMenuRecipe(Drilling.Common.Managers.IRecipeManager, Drilling.Common.Managers.ISettingManager, System.Func<string>, System.Action<string>, System.Func<string>, System.Action<string>, System.Func<Drilling.UI.Menu.Menus.CMenuRecipe?>, System.Action<string>, System.Action<Drilling.UI.Menu.Menus.EN_MENU, string>, System.Action, System.Func<System.Threading.Tasks.Task>)	Argument	this	호출자 스레드	기존 식 평가 시점	기존 호출자에게 직접 전달	중간	이름 있는 메서드 또는 명시적 반복문
Lambda	Drilling.UI	Drilling.UI/Menu/Menus/CMenuRecipe.cs	111	Drilling.UI.Menu.Menus.CMenuRecipe.CMenuRecipe(Drilling.Common.Managers.IRecipeManager, Drilling.Common.Managers.ISettingManager, System.Func<string>, System.Action<string>, System.Func<string>, System.Action<string>, System.Func<Drilling.UI.Menu.Menus.CMenuRecipe?>, System.Action<string>, System.Action<Drilling.UI.Menu.Menus.EN_MENU, string>, System.Action, System.Func<System.Threading.Tasks.Task>)	Argument	this	호출자 스레드	기존 식 평가 시점	기존 호출자에게 직접 전달	중간	이름 있는 메서드 또는 명시적 반복문
Lambda	Drilling.UI	Drilling.UI/Menu/Menus/CMenuRecipe.cs	112	Drilling.UI.Menu.Menus.CMenuRecipe.CMenuRecipe(Drilling.Common.Managers.IRecipeManager, Drilling.Common.Managers.ISettingManager, System.Func<string>, System.Action<string>, System.Func<string>, System.Action<string>, System.Func<Drilling.UI.Menu.Menus.CMenuRecipe?>, System.Action<string>, System.Action<Drilling.UI.Menu.Menus.EN_MENU, string>, System.Action, System.Func<System.Threading.Tasks.Task>)	Argument	this	호출자 스레드	기존 식 평가 시점	기존 호출자에게 직접 전달	중간	이름 있는 메서드 또는 명시적 반복문
Lambda	Drilling.UI	Drilling.UI/Menu/Menus/CMenuRecipe.cs	113	Drilling.UI.Menu.Menus.CMenuRecipe.CMenuRecipe(Drilling.Common.Managers.IRecipeManager, Drilling.Common.Managers.ISettingManager, System.Func<string>, System.Action<string>, System.Func<string>, System.Action<string>, System.Func<Drilling.UI.Menu.Menus.CMenuRecipe?>, System.Action<string>, System.Action<Drilling.UI.Menu.Menus.EN_MENU, string>, System.Action, System.Func<System.Threading.Tasks.Task>)	Argument	this	호출자 스레드	기존 식 평가 시점	기존 호출자에게 직접 전달	중간	이름 있는 메서드 또는 명시적 반복문
Lambda	Drilling.UI	Drilling.UI/Menu/Menus/CMenuRecipe.cs	114	Drilling.UI.Menu.Menus.CMenuRecipe.CMenuRecipe(Drilling.Common.Managers.IRecipeManager, Drilling.Common.Managers.ISettingManager, System.Func<string>, System.Action<string>, System.Func<string>, System.Action<string>, System.Func<Drilling.UI.Menu.Menus.CMenuRecipe?>, System.Action<string>, System.Action<Drilling.UI.Menu.Menus.EN_MENU, string>, System.Action, System.Func<System.Threading.Tasks.Task>)	Argument	this	호출자 스레드	기존 식 평가 시점	기존 호출자에게 직접 전달	중간	이름 있는 메서드 또는 명시적 반복문
Lambda	Drilling.UI	Drilling.UI/Menu/Menus/CMenuRecipe.cs	115	Drilling.UI.Menu.Menus.CMenuRecipe.CMenuRecipe(Drilling.Common.Managers.IRecipeManager, Drilling.Common.Managers.ISettingManager, System.Func<string>, System.Action<string>, System.Func<string>, System.Action<string>, System.Func<Drilling.UI.Menu.Menus.CMenuRecipe?>, System.Action<string>, System.Action<Drilling.UI.Menu.Menus.EN_MENU, string>, System.Action, System.Func<System.Threading.Tasks.Task>)	Argument	this	호출자 스레드	기존 식 평가 시점	기존 호출자에게 직접 전달	중간	이름 있는 메서드 또는 명시적 반복문
ExpressionBody	Drilling.UI	Drilling.UI/Menu/Menus/CMenuRecipe.cs	118	Drilling.UI.Menu.Menus.CMenuRecipe.Menu.get	PropertyDeclaration	-	호출자 스레드	기존 식 평가 시점	기존 호출자에게 직접 전달	낮음	블록 본문과 명시적 return/get/set
ExpressionBody	Drilling.UI	Drilling.UI/Menu/Menus/CMenuRecipe.cs	146	Drilling.UI.Menu.Menus.CMenuRecipe.SelectedHole.get	GetAccessorDeclaration	-	호출자 스레드	기존 식 평가 시점	기존 호출자에게 직접 전달	낮음	블록 본문과 명시적 return/get/set
ExpressionBody	Drilling.UI	Drilling.UI/Menu/Menus/CMenuRecipe.cs	185	Drilling.UI.Menu.Menus.CMenuRecipe.IsCellDetailVisible.get	PropertyDeclaration	-	호출자 스레드	기존 식 평가 시점	기존 호출자에게 직접 전달	낮음	블록 본문과 명시적 return/get/set
ExpressionBody	Drilling.UI	Drilling.UI/Menu/Menus/CMenuRecipe.cs	186	Drilling.UI.Menu.Menus.CMenuRecipe.IsCellPreviewVisible.get	PropertyDeclaration	-	호출자 스레드	기존 식 평가 시점	기존 호출자에게 직접 전달	낮음	블록 본문과 명시적 return/get/set
ExpressionBody	Drilling.UI	Drilling.UI/Menu/Menus/CMenuRecipe.cs	198	Drilling.UI.Menu.Menus.CMenuRecipe.CurrentCellIndicatorText.get	PropertyDeclaration	-	호출자 스레드	기존 식 평가 시점	기존 호출자에게 직접 전달	낮음	블록 본문과 명시적 return/get/set
ExpressionBody	Drilling.UI	Drilling.UI/Menu/Menus/CMenuRecipe.cs	200	Drilling.UI.Menu.Menus.CMenuRecipe.SelectedCellHoleTitle.get	PropertyDeclaration	-	호출자 스레드	기존 식 평가 시점	기존 호출자에게 직접 전달	낮음	블록 본문과 명시적 return/get/set
ExpressionBody	Drilling.UI	Drilling.UI/Menu/Menus/CMenuRecipe.cs	203	Drilling.UI.Menu.Menus.CMenuRecipe.SelectedHoleIndicatorText.get	PropertyDeclaration	-	호출자 스레드	기존 식 평가 시점	기존 호출자에게 직접 전달	낮음	블록 본문과 명시적 return/get/set
ExpressionBody	Drilling.UI	Drilling.UI/Menu/Menus/CMenuRecipe.cs	206	Drilling.UI.Menu.Menus.CMenuRecipe.PointPatternTargetCount.get	PropertyDeclaration	-	호출자 스레드	기존 식 평가 시점	기존 호출자에게 직접 전달	낮음	블록 본문과 명시적 return/get/set
Lambda	Drilling.UI	Drilling.UI/Menu/Menus/CMenuRecipe.cs	207	Drilling.UI.Menu.Menus.CMenuRecipe.PointPatternTargetCount.get	CellOverviewRows.Count	this	열거를 수행하는 호출자 스레드	기존 LINQ 열거 시점	기존 열거 시 호출자에게 전달	중간	이름 있는 조건/선택 메서드 또는 for/foreach
ExpressionBody	Drilling.UI	Drilling.UI/Menu/Menus/CMenuRecipe.cs	209	Drilling.UI.Menu.Menus.CMenuRecipe.CanApplyPointPattern.get	PropertyDeclaration	-	호출자 스레드	기존 식 평가 시점	기존 호출자에게 직접 전달	낮음	블록 본문과 명시적 return/get/set
Lambda	Drilling.UI	Drilling.UI/Menu/Menus/CMenuRecipe.cs	265	Drilling.UI.Menu.Menus.CMenuRecipe.Build(System.Threading.CancellationToken)	_selectedOverviewCells.RemoveWhere	cellCount	열거를 수행하는 호출자 스레드	기존 LINQ 열거 시점	기존 열거 시 호출자에게 전달	중간	이름 있는 조건/선택 메서드 또는 for/foreach
Lambda	Drilling.UI	Drilling.UI/Menu/Menus/CMenuRecipe.cs	267	Drilling.UI.Menu.Menus.CMenuRecipe.Build(System.Threading.CancellationToken)	cells.First	this	열거를 수행하는 호출자 스레드	기존 LINQ 열거 시점	기존 열거 시 호출자에게 전달	중간	이름 있는 조건/선택 메서드 또는 for/foreach
Lambda	Drilling.UI	Drilling.UI/Menu/Menus/CMenuRecipe.cs	271	Drilling.UI.Menu.Menus.CMenuRecipe.Build(System.Threading.CancellationToken)	allManagedItems                      .Where	selectedCategory	열거를 수행하는 호출자 스레드	기존 LINQ 열거 시점	기존 열거 시 호출자에게 전달	중간	이름 있는 조건/선택 메서드 또는 for/foreach
Lambda	Drilling.UI	Drilling.UI/Menu/Menus/CMenuRecipe.cs	279	Drilling.UI.Menu.Menus.CMenuRecipe.Build(System.Threading.CancellationToken)	categoryFilteredItems.Where	selectedGroup	열거를 수행하는 호출자 스레드	기존 LINQ 열거 시점	기존 열거 시 호출자에게 전달	중간	이름 있는 조건/선택 메서드 또는 for/foreach
Lambda	Drilling.UI	Drilling.UI/Menu/Menus/CMenuRecipe.cs	281	Drilling.UI.Menu.Menus.CMenuRecipe.Build(System.Threading.CancellationToken)	recipes.Select	-	열거를 수행하는 호출자 스레드	기존 LINQ 열거 시점	기존 열거 시 호출자에게 전달	낮음	이름 있는 조건/선택 메서드 또는 for/foreach
Lambda	Drilling.UI	Drilling.UI/Menu/Menus/CMenuRecipe.cs	282	Drilling.UI.Menu.Menus.CMenuRecipe.Build(System.Threading.CancellationToken)	.Parameters.Select	-	열거를 수행하는 호출자 스레드	기존 LINQ 열거 시점	기존 열거 시 호출자에게 전달	낮음	이름 있는 조건/선택 메서드 또는 for/foreach
Lambda	Drilling.UI	Drilling.UI/Menu/Menus/CMenuRecipe.cs	284	Drilling.UI.Menu.Menus.CMenuRecipe.Build(System.Threading.CancellationToken)	.History.Select	-	열거를 수행하는 호출자 스레드	기존 LINQ 열거 시점	기존 열거 시 호출자에게 전달	낮음	이름 있는 조건/선택 메서드 또는 for/foreach
Lambda	Drilling.UI	Drilling.UI/Menu/Menus/CMenuRecipe.cs	309	Drilling.UI.Menu.Menus.CMenuRecipe.Build(System.Threading.CancellationToken)	cells.First	this	열거를 수행하는 호출자 스레드	기존 LINQ 열거 시점	기존 열거 시 호출자에게 전달	중간	이름 있는 조건/선택 메서드 또는 for/foreach
Lambda	Drilling.UI	Drilling.UI/Menu/Menus/CMenuRecipe.cs	321	Drilling.UI.Menu.Menus.CMenuRecipe.Build(System.Threading.CancellationToken)	.Parameters.Select	-	열거를 수행하는 호출자 스레드	기존 LINQ 열거 시점	기존 열거 시 호출자에게 전달	낮음	이름 있는 조건/선택 메서드 또는 for/foreach
Lambda	Drilling.UI	Drilling.UI/Menu/Menus/CMenuRecipe.cs	323	Drilling.UI.Menu.Menus.CMenuRecipe.Build(System.Threading.CancellationToken)	.History.Select	-	열거를 수행하는 호출자 스레드	기존 LINQ 열거 시점	기존 열거 시 호출자에게 전달	낮음	이름 있는 조건/선택 메서드 또는 for/foreach
SwitchExpression	Drilling.UI	Drilling.UI/Menu/Menus/CMenuRecipe.cs	373	Drilling.UI.Menu.Menus.CMenuRecipe.SelectCell(object?)	EqualsValueClause	-	호출자 스레드	기존 식 평가 시점	기존 호출자에게 직접 전달	중간	일반 switch 문과 명시적 return/대입
Lambda	Drilling.UI	Drilling.UI/Menu/Menus/CMenuRecipe.cs	432	Drilling.UI.Menu.Menus.CMenuRecipe.ApplyPointPatternToSelectedCells()	_selectedOverviewCells.Where	this	열거를 수행하는 호출자 스레드	기존 LINQ 열거 시점	기존 열거 시 호출자에게 전달	중간	이름 있는 조건/선택 메서드 또는 for/foreach
Lambda	Drilling.UI	Drilling.UI/Menu/Menus/CMenuRecipe.cs	441	Drilling.UI.Menu.Menus.CMenuRecipe.ApplyPointPatternToSelectedCells()	AllManagedItems              .Where	sourcePrefix	열거를 수행하는 호출자 스레드	기존 LINQ 열거 시점	기존 열거 시 호출자에게 전달	중간	이름 있는 조건/선택 메서드 또는 for/foreach
Lambda	Drilling.UI	Drilling.UI/Menu/Menus/CMenuRecipe.cs	452	Drilling.UI.Menu.Menus.CMenuRecipe.ApplyPointPatternToSelectedCells()	AllManagedItems.FirstOrDefault	targetKey	열거를 수행하는 호출자 스레드	기존 LINQ 열거 시점	기존 열거 시 호출자에게 전달	중간	이름 있는 조건/선택 메서드 또는 for/foreach
Lambda	Drilling.UI	Drilling.UI/Menu/Menus/CMenuRecipe.cs	510	Drilling.UI.Menu.Menus.CMenuRecipe.Modify()	ShowRecipeNameDialog	oldRecipeId,recipes	호출자 스레드	기존 식 평가 시점	기존 호출자에게 직접 전달	중간	이름 있는 메서드 또는 명시적 반복문
Lambda	Drilling.UI	Drilling.UI/Menu/Menus/CMenuRecipe.cs	541	Drilling.UI.Menu.Menus.CMenuRecipe.Modify()	AllManagedItems.Any	-	열거를 수행하는 호출자 스레드	기존 LINQ 열거 시점	기존 열거 시 호출자에게 전달	낮음	이름 있는 조건/선택 메서드 또는 for/foreach
Lambda	Drilling.UI	Drilling.UI/Menu/Menus/CMenuRecipe.cs	570	Drilling.UI.Menu.Menus.CMenuRecipe.Create()	ShowRecipeNameDialog	recipes	호출자 스레드	기존 식 평가 시점	기존 호출자에게 직접 전달	중간	이름 있는 메서드 또는 명시적 반복문
Lambda	Drilling.UI	Drilling.UI/Menu/Menus/CMenuRecipe.cs	776	Drilling.UI.Menu.Menus.CMenuRecipe.SchedulePreviewRefresh()	cells.First	this	열거를 수행하는 호출자 스레드	기존 LINQ 열거 시점	기존 열거 시 호출자에게 전달	중간	이름 있는 조건/선택 메서드 또는 for/foreach
Lambda	Drilling.UI	Drilling.UI/Menu/Menus/CMenuRecipe.cs	816	Drilling.UI.Menu.Menus.CMenuRecipe.GetSelectedRecipe(System.Collections.Generic.IReadOnlyList<Drilling.Common.Managers.ST_RECIPE_DATA>, string)	recipes.FirstOrDefault	selectedRecipeId	열거를 수행하는 호출자 스레드	기존 LINQ 열거 시점	기존 열거 시 호출자에게 전달	중간	이름 있는 조건/선택 메서드 또는 for/foreach
Lambda	Drilling.UI	Drilling.UI/Menu/Menus/CMenuRecipe.cs	861	Drilling.UI.Menu.Menus.CMenuRecipe.BuildRecipeFiles(System.Collections.Generic.IReadOnlyList<Drilling.Common.Managers.ST_RECIPE_DATA>, Drilling.Common.Managers.ST_RECIPE_DATA?)	recipes              .Select	selectedRecipe	열거를 수행하는 호출자 스레드	기존 LINQ 열거 시점	기존 열거 시 호출자에게 전달	중간	이름 있는 조건/선택 메서드 또는 for/foreach
Lambda	Drilling.UI	Drilling.UI/Menu/Menus/CMenuRecipe.cs	876	Drilling.UI.Menu.Menus.CMenuRecipe.BuildManagedItems(Drilling.Common.Managers.ST_RECIPE_DATA?)	recipe.Parameters              .Where	-	열거를 수행하는 호출자 스레드	기존 LINQ 열거 시점	기존 열거 시 호출자에게 전달	낮음	이름 있는 조건/선택 메서드 또는 for/foreach
Lambda	Drilling.UI	Drilling.UI/Menu/Menus/CMenuRecipe.cs	877	Drilling.UI.Menu.Menus.CMenuRecipe.BuildManagedItems(Drilling.Common.Managers.ST_RECIPE_DATA?)	recipe.Parameters              .Where(parameter => parameter.Use && parameter.Show)              .Select	-	열거를 수행하는 호출자 스레드	기존 LINQ 열거 시점	기존 열거 시 호출자에게 전달	낮음	이름 있는 조건/선택 메서드 또는 for/foreach
Lambda	Drilling.UI	Drilling.UI/Menu/Menus/CMenuRecipe.cs	878	Drilling.UI.Menu.Menus.CMenuRecipe.BuildManagedItems(Drilling.Common.Managers.ST_RECIPE_DATA?)	recipe.Parameters              .Where(parameter => parameter.Use && parameter.Show)              .Select((parameter, index) => new { Parameter = parameter, Index = index })              .OrderBy	-	열거를 수행하는 호출자 스레드	기존 LINQ 열거 시점	기존 열거 시 호출자에게 전달	낮음	이름 있는 조건/선택 메서드 또는 for/foreach
Lambda	Drilling.UI	Drilling.UI/Menu/Menus/CMenuRecipe.cs	879	Drilling.UI.Menu.Menus.CMenuRecipe.BuildManagedItems(Drilling.Common.Managers.ST_RECIPE_DATA?)	recipe.Parameters              .Where(parameter => parameter.Use && parameter.Show)              .Select((parameter, index) => new { Parameter = parameter, Index = index })              .OrderBy(item => item.Parameter.DisplayOrder <= 0 ? int.MaxValue : item.Parameter.DisplayOrder)              .ThenBy	-	열거를 수행하는 호출자 스레드	기존 LINQ 열거 시점	기존 열거 시 호출자에게 전달	낮음	이름 있는 조건/선택 메서드 또는 for/foreach
Lambda	Drilling.UI	Drilling.UI/Menu/Menus/CMenuRecipe.cs	880	Drilling.UI.Menu.Menus.CMenuRecipe.BuildManagedItems(Drilling.Common.Managers.ST_RECIPE_DATA?)	recipe.Parameters              .Where(parameter => parameter.Use && parameter.Show)              .Select((parameter, index) => new { Parameter = parameter, Index = index })              .OrderBy(item => item.Parameter.DisplayOrder <= 0 ? int.MaxValue : item.Parameter.DisplayOrder)              .ThenBy(item => item.Index)              .Select	-	열거를 수행하는 호출자 스레드	기존 LINQ 열거 시점	기존 열거 시 호출자에게 전달	낮음	이름 있는 조건/선택 메서드 또는 for/foreach
Lambda	Drilling.UI	Drilling.UI/Menu/Menus/CMenuRecipe.cs	907	Drilling.UI.Menu.Menus.CMenuRecipe.BuildCategories(System.Collections.Generic.IReadOnlyList<Drilling.UI.Menu.Menus.ST_RECIPE_MANAGED_ITEM>)	managedItems              .Select	-	열거를 수행하는 호출자 스레드	기존 LINQ 열거 시점	기존 열거 시 호출자에게 전달	낮음	이름 있는 조건/선택 메서드 또는 for/foreach
Lambda	Drilling.UI	Drilling.UI/Menu/Menus/CMenuRecipe.cs	908	Drilling.UI.Menu.Menus.CMenuRecipe.BuildCategories(System.Collections.Generic.IReadOnlyList<Drilling.UI.Menu.Menus.ST_RECIPE_MANAGED_ITEM>)	managedItems              .Select(item => item.Category)              .Where	-	열거를 수행하는 호출자 스레드	기존 LINQ 열거 시점	기존 열거 시 호출자에게 전달	낮음	이름 있는 조건/선택 메서드 또는 for/foreach
Lambda	Drilling.UI	Drilling.UI/Menu/Menus/CMenuRecipe.cs	913	Drilling.UI.Menu.Menus.CMenuRecipe.BuildCategories(System.Collections.Generic.IReadOnlyList<Drilling.UI.Menu.Menus.ST_RECIPE_MANAGED_ITEM>)	result.Any	-	열거를 수행하는 호출자 스레드	기존 LINQ 열거 시점	기존 열거 시 호출자에게 전달	낮음	이름 있는 조건/선택 메서드 또는 for/foreach
Lambda	Drilling.UI	Drilling.UI/Menu/Menus/CMenuRecipe.cs	923	Drilling.UI.Menu.Menus.CMenuRecipe.GetCellCount(System.Collections.Generic.IReadOnlyList<Drilling.UI.Menu.Menus.ST_RECIPE_MANAGED_ITEM>)	managedItems.FirstOrDefault	-	열거를 수행하는 호출자 스레드	기존 LINQ 열거 시점	기존 열거 시 호출자에게 전달	낮음	이름 있는 조건/선택 메서드 또는 for/foreach
Lambda	Drilling.UI	Drilling.UI/Menu/Menus/CMenuRecipe.cs	939	Drilling.UI.Menu.Menus.CMenuRecipe.BuildCells(System.Collections.Generic.IReadOnlyList<Drilling.UI.Menu.Menus.ST_RECIPE_MANAGED_ITEM>, int)	managedItems              .Select	-	열거를 수행하는 호출자 스레드	기존 LINQ 열거 시점	기존 열거 시 호출자에게 전달	낮음	이름 있는 조건/선택 메서드 또는 for/foreach
Lambda	Drilling.UI	Drilling.UI/Menu/Menus/CMenuRecipe.cs	940	Drilling.UI.Menu.Menus.CMenuRecipe.BuildCells(System.Collections.Generic.IReadOnlyList<Drilling.UI.Menu.Menus.ST_RECIPE_MANAGED_ITEM>, int)	managedItems              .Select(item => new { Item = item, CellNo = TryGetCellNo(item.Key) })              .Where	-	열거를 수행하는 호출자 스레드	기존 LINQ 열거 시점	기존 열거 시 호출자에게 전달	낮음	이름 있는 조건/선택 메서드 또는 for/foreach
Lambda	Drilling.UI	Drilling.UI/Menu/Menus/CMenuRecipe.cs	941	Drilling.UI.Menu.Menus.CMenuRecipe.BuildCells(System.Collections.Generic.IReadOnlyList<Drilling.UI.Menu.Menus.ST_RECIPE_MANAGED_ITEM>, int)	managedItems              .Select(item => new { Item = item, CellNo = TryGetCellNo(item.Key) })              .Where(item => item.CellNo > 0)              .GroupBy	-	열거를 수행하는 호출자 스레드	기존 LINQ 열거 시점	기존 열거 시 호출자에게 전달	낮음	이름 있는 조건/선택 메서드 또는 for/foreach
Lambda	Drilling.UI	Drilling.UI/Menu/Menus/CMenuRecipe.cs	943	Drilling.UI.Menu.Menus.CMenuRecipe.BuildCells(System.Collections.Generic.IReadOnlyList<Drilling.UI.Menu.Menus.ST_RECIPE_MANAGED_ITEM>, int)	managedItems              .Select(item => new { Item = item, CellNo = TryGetCellNo(item.Key) })              .Where(item => item.CellNo > 0)              .GroupBy(item => item.CellNo)              .ToDictionary	-	열거를 수행하는 호출자 스레드	기존 LINQ 열거 시점	기존 열거 시 호출자에게 전달	낮음	이름 있는 조건/선택 메서드 또는 for/foreach
Lambda	Drilling.UI	Drilling.UI/Menu/Menus/CMenuRecipe.cs	944	Drilling.UI.Menu.Menus.CMenuRecipe.BuildCells(System.Collections.Generic.IReadOnlyList<Drilling.UI.Menu.Menus.ST_RECIPE_MANAGED_ITEM>, int)	managedItems              .Select(item => new { Item = item, CellNo = TryGetCellNo(item.Key) })              .Where(item => item.CellNo > 0)              .GroupBy(item => item.CellNo)              .ToDictionary	-	열거를 수행하는 호출자 스레드	기존 LINQ 열거 시점	기존 열거 시 호출자에게 전달	낮음	이름 있는 조건/선택 메서드 또는 for/foreach
Lambda	Drilling.UI	Drilling.UI/Menu/Menus/CMenuRecipe.cs	944	lambda expression	group.Select	-	열거를 수행하는 호출자 스레드	기존 LINQ 열거 시점	기존 열거 시 호출자에게 전달	낮음	이름 있는 조건/선택 메서드 또는 for/foreach
Lambda	Drilling.UI	Drilling.UI/Menu/Menus/CMenuRecipe.cs	947	Drilling.UI.Menu.Menus.CMenuRecipe.BuildCells(System.Collections.Generic.IReadOnlyList<Drilling.UI.Menu.Menus.ST_RECIPE_MANAGED_ITEM>, int)	Enumerable.Range(1, cellCount)              .Select	akMarginX,akMarginY,itemsByCellNo,cellNo	열거를 수행하는 호출자 스레드	기존 LINQ 열거 시점	기존 열거 시 호출자에게 전달	중간	이름 있는 조건/선택 메서드 또는 for/foreach
Lambda	Drilling.UI	Drilling.UI/Menu/Menus/CMenuRecipe.cs	950	lambda expression	(itemsByCellNo.GetValueOrDefault(cellNo) ?? [])                      .OrderBy	-	열거를 수행하는 호출자 스레드	기존 LINQ 열거 시점	기존 열거 시 호출자에게 전달	낮음	이름 있는 조건/선택 메서드 또는 for/foreach
Lambda	Drilling.UI	Drilling.UI/Menu/Menus/CMenuRecipe.cs	989	Drilling.UI.Menu.Menus.CMenuRecipe.ReadCellInt(System.Collections.Generic.IReadOnlyList<Drilling.UI.Menu.Menus.ST_RECIPE_MANAGED_ITEM>, string)	items.FirstOrDefault	key	열거를 수행하는 호출자 스레드	기존 LINQ 열거 시점	기존 열거 시 호출자에게 전달	중간	이름 있는 조건/선택 메서드 또는 for/foreach
Lambda	Drilling.UI	Drilling.UI/Menu/Menus/CMenuRecipe.cs	997	Drilling.UI.Menu.Menus.CMenuRecipe.ReadCellDouble(System.Collections.Generic.IReadOnlyList<Drilling.UI.Menu.Menus.ST_RECIPE_MANAGED_ITEM>, string)	items.FirstOrDefault	key	열거를 수행하는 호출자 스레드	기존 LINQ 열거 시점	기존 열거 시 호출자에게 전달	중간	이름 있는 조건/선택 메서드 또는 for/foreach
Lambda	Drilling.UI	Drilling.UI/Menu/Menus/CMenuRecipe.cs	1028	Drilling.UI.Menu.Menus.CMenuRecipe.FindManagedItem(System.Collections.Generic.IReadOnlyList<Drilling.UI.Menu.Menus.ST_RECIPE_MANAGED_ITEM>, string)	managedItems.FirstOrDefault	key	열거를 수행하는 호출자 스레드	기존 LINQ 열거 시점	기존 열거 시 호출자에게 전달	중간	이름 있는 조건/선택 메서드 또는 for/foreach
Lambda	Drilling.UI	Drilling.UI/Menu/Menus/CMenuRecipe.cs	1036	Drilling.UI.Menu.Menus.CMenuRecipe.BuildDistortionKeyItems(System.Collections.Generic.IReadOnlyList<Drilling.UI.Menu.Menus.ST_RECIPE_MANAGED_ITEM>)	Enumerable.Range(1, 6)              .Select	managedItems	열거를 수행하는 호출자 스레드	기존 LINQ 열거 시점	기존 열거 시 호출자에게 전달	중간	이름 있는 조건/선택 메서드 또는 for/foreach
Lambda	Drilling.UI	Drilling.UI/Menu/Menus/CMenuRecipe.cs	1049	Drilling.UI.Menu.Menus.CMenuRecipe.EnsureCellPointItems(System.Collections.Generic.IReadOnlyList<Drilling.UI.Menu.Menus.ST_RECIPE_MANAGED_ITEM>, int)	CellParameterKeys              .Select	managedItems,key	열거를 수행하는 호출자 스레드	기존 LINQ 열거 시점	기존 열거 시 호출자에게 전달	중간	이름 있는 조건/선택 메서드 또는 for/foreach
Lambda	Drilling.UI	Drilling.UI/Menu/Menus/CMenuRecipe.cs	1049	lambda expression	managedItems.FirstOrDefault	key	열거를 수행하는 호출자 스레드	기존 LINQ 열거 시점	기존 열거 시 호출자에게 전달	중간	이름 있는 조건/선택 메서드 또는 for/foreach
Lambda	Drilling.UI	Drilling.UI/Menu/Menus/CMenuRecipe.cs	1051	Drilling.UI.Menu.Menus.CMenuRecipe.EnsureCellPointItems(System.Collections.Generic.IReadOnlyList<Drilling.UI.Menu.Menus.ST_RECIPE_MANAGED_ITEM>, int)	CellParameterKeys              .Select(key => managedItems.FirstOrDefault(item =>                  item.Key.Equals(key, StringComparison.OrdinalIgnoreCase)))              .Where	-	열거를 수행하는 호출자 스레드	기존 LINQ 열거 시점	기존 열거 시 호출자에게 전달	낮음	이름 있는 조건/선택 메서드 또는 for/foreach
Lambda	Drilling.UI	Drilling.UI/Menu/Menus/CMenuRecipe.cs	1053	Drilling.UI.Menu.Menus.CMenuRecipe.EnsureCellPointItems(System.Collections.Generic.IReadOnlyList<Drilling.UI.Menu.Menus.ST_RECIPE_MANAGED_ITEM>, int)	CellParameterKeys              .Select(key => managedItems.FirstOrDefault(item =>                  item.Key.Equals(key, StringComparison.OrdinalIgnoreCase)))              .Where(item => item is not null)              .Cast<ST_RECIPE_MANAGED_ITEM>()              .ToDictionary	-	열거를 수행하는 호출자 스레드	기존 LINQ 열거 시점	기존 열거 시 호출자에게 전달	낮음	이름 있는 조건/선택 메서드 또는 for/foreach
Lambda	Drilling.UI	Drilling.UI/Menu/Menus/CMenuRecipe.cs	1060	Drilling.UI.Menu.Menus.CMenuRecipe.EnsureCellPointItems(System.Collections.Generic.IReadOnlyList<Drilling.UI.Menu.Menus.ST_RECIPE_MANAGED_ITEM>, int)	result.Any	scopedKey	열거를 수행하는 호출자 스레드	기존 LINQ 열거 시점	기존 열거 시 호출자에게 전달	중간	이름 있는 조건/선택 메서드 또는 for/foreach
Lambda	Drilling.UI	Drilling.UI/Menu/Menus/CMenuRecipe.cs	1109	Drilling.UI.Menu.Menus.CMenuRecipe.BuildCellOverviewRows(System.Collections.Generic.IReadOnlyList<Drilling.UI.Menu.Menus.ST_RECIPE_CELL>)	cells.Select	this	열거를 수행하는 호출자 스레드	기존 LINQ 열거 시점	기존 열거 시 호출자에게 전달	중간	이름 있는 조건/선택 메서드 또는 for/foreach
Lambda	Drilling.UI	Drilling.UI/Menu/Menus/CMenuRecipe.cs	1113	lambda expression	Argument	this	호출자 스레드	기존 식 평가 시점	기존 호출자에게 직접 전달	중간	이름 있는 메서드 또는 명시적 반복문
Lambda	Drilling.UI	Drilling.UI/Menu/Menus/CMenuRecipe.cs	1147	Drilling.UI.Menu.Menus.CMenuRecipe.BuildLayoutPreview(System.Collections.Generic.IReadOnlyList<Drilling.UI.Menu.Menus.ST_RECIPE_MANAGED_ITEM>, System.Collections.Generic.IReadOnlyList<Drilling.UI.Menu.Menus.ST_RECIPE_CELL>, int)	CCellPreviewDrawing.CreateDistortionKeyPreviews	managedItems	호출자 스레드	기존 식 평가 시점	기존 호출자에게 직접 전달	중간	이름 있는 메서드 또는 명시적 반복문
Lambda	Drilling.UI	Drilling.UI/Menu/Menus/CMenuRecipe.cs	1281	Drilling.UI.Menu.Menus.CMenuRecipe.BuildLayoutPreview(System.Collections.Generic.IReadOnlyList<Drilling.UI.Menu.Menus.ST_RECIPE_MANAGED_ITEM>, System.Collections.Generic.IReadOnlyList<Drilling.UI.Menu.Menus.ST_RECIPE_CELL>, int)	cellLabels              .Select	frameLeft,frameTop,paddingX,paddingY,cellRect	열거를 수행하는 호출자 스레드	기존 LINQ 열거 시점	기존 열거 시 호출자에게 전달	중간	이름 있는 조건/선택 메서드 또는 for/foreach
Lambda	Drilling.UI	Drilling.UI/Menu/Menus/CMenuRecipe.cs	1336	Drilling.UI.Menu.Menus.CMenuRecipe.BuildHeadPreview(System.Collections.Generic.IReadOnlyList<Drilling.UI.Menu.Menus.ST_RECIPE_MANAGED_ITEM>, System.Collections.Generic.IReadOnlyList<Drilling.Common.Managers.ST_SYSTEM_PARAMETER>, string)	CCellPreviewDrawing.CreateDistortionKeyPreviews	managedItems	호출자 스레드	기존 식 평가 시점	기존 호출자에게 직접 전달	중간	이름 있는 메서드 또는 명시적 반복문
Lambda	Drilling.UI	Drilling.UI/Menu/Menus/CMenuRecipe.cs	1659	Drilling.UI.Menu.Menus.CMenuRecipe.BuildCellBoundaryGeometry(Drilling.UI.Menu.Menus.ST_RECIPE_CELL, double, double, double, double, double, double)	localCorners.Select	frameLeft,frameTop,scale,firstX,firstY,cos,sin	열거를 수행하는 호출자 스레드	기존 LINQ 열거 시점	기존 열거 시 호출자에게 전달	중간	이름 있는 조건/선택 메서드 또는 for/foreach
Lambda	Drilling.UI	Drilling.UI/Menu/Menus/CMenuRecipe.cs	1709	Drilling.UI.Menu.Menus.CMenuRecipe.BuildHoleRows(System.Collections.Generic.IReadOnlyList<Drilling.UI.Menu.Menus.ST_RECIPE_MANAGED_ITEM>, Drilling.UI.Menu.Menus.ST_RECIPE_CELL)	managedItems              .Where	cell	열거를 수행하는 호출자 스레드	기존 LINQ 열거 시점	기존 열거 시 호출자에게 전달	중간	이름 있는 조건/선택 메서드 또는 for/foreach
Lambda	Drilling.UI	Drilling.UI/Menu/Menus/CMenuRecipe.cs	1712	Drilling.UI.Menu.Menus.CMenuRecipe.BuildHoleRows(System.Collections.Generic.IReadOnlyList<Drilling.UI.Menu.Menus.ST_RECIPE_MANAGED_ITEM>, Drilling.UI.Menu.Menus.ST_RECIPE_CELL)	managedItems              .Where(item =>                  TryGetCellNo(item.Key) == cell.CellNo &&                  IsHoleOverrideKey(item.Key))              .GroupBy	-	열거를 수행하는 호출자 스레드	기존 LINQ 열거 시점	기존 열거 시 호출자에게 전달	낮음	이름 있는 조건/선택 메서드 또는 for/foreach
Lambda	Drilling.UI	Drilling.UI/Menu/Menus/CMenuRecipe.cs	1714	Drilling.UI.Menu.Menus.CMenuRecipe.BuildHoleRows(System.Collections.Generic.IReadOnlyList<Drilling.UI.Menu.Menus.ST_RECIPE_MANAGED_ITEM>, Drilling.UI.Menu.Menus.ST_RECIPE_CELL)	managedItems              .Where(item =>                  TryGetCellNo(item.Key) == cell.CellNo &&                  IsHoleOverrideKey(item.Key))              .GroupBy(item => item.Key, StringComparer.OrdinalIgnoreCase)              .ToDictionary	-	열거를 수행하는 호출자 스레드	기존 LINQ 열거 시점	기존 열거 시 호출자에게 전달	낮음	이름 있는 조건/선택 메서드 또는 for/foreach
Lambda	Drilling.UI	Drilling.UI/Menu/Menus/CMenuRecipe.cs	1715	Drilling.UI.Menu.Menus.CMenuRecipe.BuildHoleRows(System.Collections.Generic.IReadOnlyList<Drilling.UI.Menu.Menus.ST_RECIPE_MANAGED_ITEM>, Drilling.UI.Menu.Menus.ST_RECIPE_CELL)	managedItems              .Where(item =>                  TryGetCellNo(item.Key) == cell.CellNo &&                  IsHoleOverrideKey(item.Key))              .GroupBy(item => item.Key, StringComparer.OrdinalIgnoreCase)              .ToDictionary	-	열거를 수행하는 호출자 스레드	기존 LINQ 열거 시점	기존 열거 시 호출자에게 전달	낮음	이름 있는 조건/선택 메서드 또는 for/foreach
Lambda	Drilling.UI	Drilling.UI/Menu/Menus/CMenuRecipe.cs	1719	Drilling.UI.Menu.Menus.CMenuRecipe.BuildHoleRows(System.Collections.Generic.IReadOnlyList<Drilling.UI.Menu.Menus.ST_RECIPE_MANAGED_ITEM>, Drilling.UI.Menu.Menus.ST_RECIPE_CELL)	cell.Points              .Select	this,cell,glassWidth,glassHeight,holeRadius,overrideValues,point,holeName	열거를 수행하는 호출자 스레드	기존 LINQ 열거 시점	기존 열거 시 호출자에게 전달	중간	이름 있는 조건/선택 메서드 또는 for/foreach
Lambda	Drilling.UI	Drilling.UI/Menu/Menus/CMenuRecipe.cs	1727	lambda expression	cell.Points.Max	-	호출자 스레드	기존 식 평가 시점	기존 호출자에게 직접 전달	낮음	이름 있는 메서드 또는 명시적 반복문
Lambda	Drilling.UI	Drilling.UI/Menu/Menus/CMenuRecipe.cs	1737	lambda expression	Argument	this,cell,point,holeName	호출자 스레드	기존 식 평가 시점	기존 호출자에게 직접 전달	중간	이름 있는 메서드 또는 명시적 반복문
Lambda	Drilling.UI	Drilling.UI/Menu/Menus/CMenuRecipe.cs	1751	Drilling.UI.Menu.Menus.CMenuRecipe.UpdateHoleRows(System.Collections.Generic.IReadOnlyList<Drilling.UI.Menu.Menus.ST_RECIPE_HOLE_ROW>)	rows              .Select	-	열거를 수행하는 호출자 스레드	기존 LINQ 열거 시점	기존 열거 시 호출자에게 전달	낮음	이름 있는 조건/선택 메서드 또는 for/foreach
Lambda	Drilling.UI	Drilling.UI/Menu/Menus/CMenuRecipe.cs	1753	Drilling.UI.Menu.Menus.CMenuRecipe.UpdateHoleRows(System.Collections.Generic.IReadOnlyList<Drilling.UI.Menu.Menus.ST_RECIPE_HOLE_ROW>)	rows              .Select(row => row.Column)              .Distinct()              .OrderBy	-	열거를 수행하는 호출자 스레드	기존 LINQ 열거 시점	기존 열거 시 호출자에게 전달	낮음	이름 있는 조건/선택 메서드 또는 for/foreach
Lambda	Drilling.UI	Drilling.UI/Menu/Menus/CMenuRecipe.cs	1757	Drilling.UI.Menu.Menus.CMenuRecipe.UpdateHoleRows(System.Collections.Generic.IReadOnlyList<Drilling.UI.Menu.Menus.ST_RECIPE_HOLE_ROW>)	rows              .GroupBy	-	열거를 수행하는 호출자 스레드	기존 LINQ 열거 시점	기존 열거 시 호출자에게 전달	낮음	이름 있는 조건/선택 메서드 또는 for/foreach
Lambda	Drilling.UI	Drilling.UI/Menu/Menus/CMenuRecipe.cs	1758	Drilling.UI.Menu.Menus.CMenuRecipe.UpdateHoleRows(System.Collections.Generic.IReadOnlyList<Drilling.UI.Menu.Menus.ST_RECIPE_HOLE_ROW>)	rows              .GroupBy(row => row.Row)              .OrderBy	-	열거를 수행하는 호출자 스레드	기존 LINQ 열거 시점	기존 열거 시 호출자에게 전달	낮음	이름 있는 조건/선택 메서드 또는 for/foreach
Lambda	Drilling.UI	Drilling.UI/Menu/Menus/CMenuRecipe.cs	1759	Drilling.UI.Menu.Menus.CMenuRecipe.UpdateHoleRows(System.Collections.Generic.IReadOnlyList<Drilling.UI.Menu.Menus.ST_RECIPE_HOLE_ROW>)	rows              .GroupBy(row => row.Row)              .OrderBy(group => group.Key)              .Select	-	열거를 수행하는 호출자 스레드	기존 LINQ 열거 시점	기존 열거 시 호출자에게 전달	낮음	이름 있는 조건/선택 메서드 또는 for/foreach
Lambda	Drilling.UI	Drilling.UI/Menu/Menus/CMenuRecipe.cs	1761	lambda expression	group.OrderBy	-	열거를 수행하는 호출자 스레드	기존 LINQ 열거 시점	기존 열거 시 호출자에게 전달	낮음	이름 있는 조건/선택 메서드 또는 for/foreach
Lambda	Drilling.UI	Drilling.UI/Menu/Menus/CMenuRecipe.cs	1776	Drilling.UI.Menu.Menus.CMenuRecipe.UpdateHoleRows(System.Collections.Generic.IReadOnlyList<Drilling.UI.Menu.Menus.ST_RECIPE_HOLE_ROW>)	rows.FirstOrDefault	this	열거를 수행하는 호출자 스레드	기존 LINQ 열거 시점	기존 열거 시 호출자에게 전달	중간	이름 있는 조건/선택 메서드 또는 for/foreach
Lambda	Drilling.UI	Drilling.UI/Menu/Menus/CMenuRecipe.cs	1808	Drilling.UI.Menu.Menus.CMenuRecipe.SetHoleOverrideValue(int, int, string, string, string)	AllManagedItems.FirstOrDefault	key	열거를 수행하는 호출자 스레드	기존 LINQ 열거 시점	기존 열거 시 호출자에게 전달	중간	이름 있는 조건/선택 메서드 또는 for/foreach
Lambda	Drilling.UI	Drilling.UI/Menu/Menus/CMenuRecipe.cs	1853	Drilling.UI.Menu.Menus.CMenuRecipe.ReadManagedDouble(System.Collections.Generic.IReadOnlyList<Drilling.UI.Menu.Menus.ST_RECIPE_MANAGED_ITEM>, string, double)	managedItems.FirstOrDefault	key	열거를 수행하는 호출자 스레드	기존 LINQ 열거 시점	기존 열거 시 호출자에게 전달	중간	이름 있는 조건/선택 메서드 또는 for/foreach
Lambda	Drilling.UI	Drilling.UI/Menu/Menus/CMenuRecipe.cs	1864	Drilling.UI.Menu.Menus.CMenuRecipe.ReadManagedNullableDouble(System.Collections.Generic.IReadOnlyList<Drilling.UI.Menu.Menus.ST_RECIPE_MANAGED_ITEM>, string)	managedItems.FirstOrDefault	key	열거를 수행하는 호출자 스레드	기존 LINQ 열거 시점	기존 열거 시 호출자에게 전달	중간	이름 있는 조건/선택 메서드 또는 for/foreach
Lambda	Drilling.UI	Drilling.UI/Menu/Menus/CMenuRecipe.cs	1876	Drilling.UI.Menu.Menus.CMenuRecipe.ReadManagedInt(System.Collections.Generic.IReadOnlyList<Drilling.UI.Menu.Menus.ST_RECIPE_MANAGED_ITEM>, string, int)	managedItems.FirstOrDefault	key	열거를 수행하는 호출자 스레드	기존 LINQ 열거 시점	기존 열거 시 호출자에게 전달	중간	이름 있는 조건/선택 메서드 또는 for/foreach
Lambda	Drilling.UI	Drilling.UI/Menu/Menus/CMenuRecipe.cs	1888	Drilling.UI.Menu.Menus.CMenuRecipe.ReadSettingDouble(System.Collections.Generic.IReadOnlyList<Drilling.Common.Managers.ST_SYSTEM_PARAMETER>, string, double)	settings.FirstOrDefault	key	열거를 수행하는 호출자 스레드	기존 LINQ 열거 시점	기존 열거 시 호출자에게 전달	중간	이름 있는 조건/선택 메서드 또는 for/foreach
Lambda	Drilling.UI	Drilling.UI/Menu/Menus/CMenuRecipe.cs	1906	Drilling.UI.Menu.Menus.CMenuRecipe.BuildCategoryTabs(System.Collections.Generic.IReadOnlyList<string>, string)	categories              .Select	selectedCategory	열거를 수행하는 호출자 스레드	기존 LINQ 열거 시점	기존 열거 시 호출자에게 전달	중간	이름 있는 조건/선택 메서드 또는 for/foreach
Lambda	Drilling.UI	Drilling.UI/Menu/Menus/CMenuRecipe.cs	1915	Drilling.UI.Menu.Menus.CMenuRecipe.BuildGroups(System.Collections.Generic.IReadOnlyList<Drilling.UI.Menu.Menus.ST_RECIPE_MANAGED_ITEM>)	managedItems              .Select	-	열거를 수행하는 호출자 스레드	기존 LINQ 열거 시점	기존 열거 시 호출자에게 전달	낮음	이름 있는 조건/선택 메서드 또는 for/foreach
Lambda	Drilling.UI	Drilling.UI/Menu/Menus/CMenuRecipe.cs	1916	Drilling.UI.Menu.Menus.CMenuRecipe.BuildGroups(System.Collections.Generic.IReadOnlyList<Drilling.UI.Menu.Menus.ST_RECIPE_MANAGED_ITEM>)	managedItems              .Select(item => item.SourceGroup)              .Where	-	열거를 수행하는 호출자 스레드	기존 LINQ 열거 시점	기존 열거 시 호출자에게 전달	낮음	이름 있는 조건/선택 메서드 또는 for/foreach
Lambda	Drilling.UI	Drilling.UI/Menu/Menus/CMenuRecipe.cs	1928	Drilling.UI.Menu.Menus.CMenuRecipe.BuildGroupTabs(System.Collections.Generic.IReadOnlyList<string>, string)	groups              .Select	selectedGroup	열거를 수행하는 호출자 스레드	기존 LINQ 열거 시점	기존 열거 시 호출자에게 전달	중간	이름 있는 조건/선택 메서드 또는 for/foreach
Lambda	Drilling.UI	Drilling.UI/Menu/Menus/CMenuRecipe.cs	1936	Drilling.UI.Menu.Menus.CMenuRecipe.BuildChangeHistory(Drilling.Common.Managers.ST_RECIPE_DATA?)	.History.Select	-	열거를 수행하는 호출자 스레드	기존 LINQ 열거 시점	기존 열거 시 호출자에게 전달	낮음	이름 있는 조건/선택 메서드 또는 for/foreach
Lambda	Drilling.UI	Drilling.UI/Menu/Menus/CMenuRecipe.cs	1961	Drilling.UI.Menu.Menus.CMenuRecipe.BuildStateRows(Drilling.Common.Managers.ST_RECIPE_DATA?, string, System.Collections.Generic.IReadOnlyList<Drilling.UI.Menu.Menus.ST_RECIPE_MANAGED_ITEM>)	managedItems.Count	-	열거를 수행하는 호출자 스레드	기존 LINQ 열거 시점	기존 열거 시 호출자에게 전달	낮음	이름 있는 조건/선택 메서드 또는 for/foreach
Lambda	Drilling.UI	Drilling.UI/Menu/Menus/CMenuRecipe.cs	1979	Drilling.UI.Menu.Menus.CMenuRecipe.NormalizeCategory(string, System.Collections.Generic.IReadOnlyList<string>)	categories.Any	normalized	열거를 수행하는 호출자 스레드	기존 LINQ 열거 시점	기존 열거 시 호출자에게 전달	중간	이름 있는 조건/선택 메서드 또는 for/foreach
Lambda	Drilling.UI	Drilling.UI/Menu/Menus/CMenuRecipe.cs	1987	Drilling.UI.Menu.Menus.CMenuRecipe.NormalizeGroup(string, System.Collections.Generic.IReadOnlyList<string>)	groups.Any	normalized	열거를 수행하는 호출자 스레드	기존 LINQ 열거 시점	기존 열거 시 호출자에게 전달	중간	이름 있는 조건/선택 메서드 또는 for/foreach
SwitchExpression	Drilling.UI	Drilling.UI/Menu/Menus/CMenuRecipe.cs	2038	Drilling.UI.Menu.Menus.CMenuRecipe.GetRecipeIdFromParameter(object?)	EqualsValueClause	-	호출자 스레드	기존 식 평가 시점	기존 호출자에게 직접 전달	중간	일반 switch 문과 명시적 return/대입
Lambda	Drilling.UI	Drilling.UI/Menu/Menus/CMenuRecipe.cs	2078	Drilling.UI.Menu.Menus.CMenuRecipe.BuildRecipeParameters(string)	AllManagedItems              .Select	recipeId	열거를 수행하는 호출자 스레드	기존 LINQ 열거 시점	기존 열거 시 호출자에게 전달	중간	이름 있는 조건/선택 메서드 또는 for/foreach
Lambda	Drilling.UI	Drilling.UI/Menu/Menus/CMenuRecipe.cs	2115	Drilling.UI.Menu.Menus.CMenuRecipe.GetActiveWindow()	.Windows              .OfType<Window>()              .FirstOrDefault	-	열거를 수행하는 호출자 스레드	기존 LINQ 열거 시점	기존 열거 시 호출자에게 전달	낮음	이름 있는 조건/선택 메서드 또는 for/foreach
Lambda	Drilling.UI	Drilling.UI/Menu/Menus/CMenuRecipe.cs	2165	Drilling.UI.Menu.Menus.CMenuRecipe.ValidateRecipeId(string, System.Collections.Generic.IReadOnlyList<Drilling.Common.Managers.ST_RECIPE_DATA>, string)	recipes.Any	recipeId,currentRecipeId	열거를 수행하는 호출자 스레드	기존 LINQ 열거 시점	기존 열거 시 호출자에게 전달	중간	이름 있는 조건/선택 메서드 또는 for/foreach
SwitchExpression	Drilling.UI	Drilling.UI/Menu/Menus/CMenuRecipe.cs	2186	Drilling.UI.Menu.Menus.CMenuRecipe.ValidateRecipeParameters(System.Collections.Generic.IReadOnlyList<Drilling.Common.Managers.ST_RECIPE_PARAM>)	EqualsValueClause	-	호출자 스레드	기존 식 평가 시점	기존 호출자에게 직접 전달	중간	일반 switch 문과 명시적 return/대입
Lambda	Drilling.UI	Drilling.UI/Menu/Menus/CMenuRecipe.cs	2254	Drilling.UI.Menu.Menus.CMenuRecipe.GetEditedRecipeName(System.Collections.Generic.IReadOnlyList<Drilling.Common.Managers.ST_RECIPE_PARAM>, string)	parameters.FirstOrDefault	-	열거를 수행하는 호출자 스레드	기존 LINQ 열거 시점	기존 열거 시 호출자에게 전달	낮음	이름 있는 조건/선택 메서드 또는 for/foreach
ExpressionBody	Drilling.UI	Drilling.UI/Menu/Menus/CMenuRecipe.cs	2284	Drilling.UI.Menu.Menus.ST_RECIPE_DISTORTION_KEY_ITEM.DisplayText.get	PropertyDeclaration	-	호출자 스레드	기존 식 평가 시점	기존 호출자에게 직접 전달	낮음	블록 본문과 명시적 return/get/set
ExpressionBody	Drilling.UI	Drilling.UI/Menu/Menus/CMenuRecipe.cs	2286	Drilling.UI.Menu.Menus.ST_RECIPE_DISTORTION_KEY_ITEM.XLabel.get	PropertyDeclaration	-	호출자 스레드	기존 식 평가 시점	기존 호출자에게 직접 전달	낮음	블록 본문과 명시적 return/get/set
ExpressionBody	Drilling.UI	Drilling.UI/Menu/Menus/CMenuRecipe.cs	2288	Drilling.UI.Menu.Menus.ST_RECIPE_DISTORTION_KEY_ITEM.YLabel.get	PropertyDeclaration	-	호출자 스레드	기존 식 평가 시점	기존 호출자에게 직접 전달	낮음	블록 본문과 명시적 return/get/set
Lambda	Drilling.UI	Drilling.UI/Menu/Menus/CMenuRecipe.cs	2309	Drilling.UI.Menu.Menus.ST_RECIPE_CELL_OVERVIEW_ROW.ST_RECIPE_CELL_OVERVIEW_ROW(Drilling.UI.Menu.Menus.ST_RECIPE_CELL, bool, bool, System.Action<int, bool>)	cell.Items              .Where	keyPrefix	열거를 수행하는 호출자 스레드	기존 LINQ 열거 시점	기존 열거 시 호출자에게 전달	중간	이름 있는 조건/선택 메서드 또는 for/foreach
Lambda	Drilling.UI	Drilling.UI/Menu/Menus/CMenuRecipe.cs	2311	Drilling.UI.Menu.Menus.ST_RECIPE_CELL_OVERVIEW_ROW.ST_RECIPE_CELL_OVERVIEW_ROW(Drilling.UI.Menu.Menus.ST_RECIPE_CELL, bool, bool, System.Action<int, bool>)	cell.Items              .Where(item => item.Key.StartsWith(keyPrefix, StringComparison.OrdinalIgnoreCase))              .ToDictionary	keyPrefix	열거를 수행하는 호출자 스레드	기존 LINQ 열거 시점	기존 열거 시 호출자에게 전달	중간	이름 있는 조건/선택 메서드 또는 for/foreach
Lambda	Drilling.UI	Drilling.UI/Menu/Menus/CMenuRecipe.cs	2312	Drilling.UI.Menu.Menus.ST_RECIPE_CELL_OVERVIEW_ROW.ST_RECIPE_CELL_OVERVIEW_ROW(Drilling.UI.Menu.Menus.ST_RECIPE_CELL, bool, bool, System.Action<int, bool>)	cell.Items              .Where(item => item.Key.StartsWith(keyPrefix, StringComparison.OrdinalIgnoreCase))              .ToDictionary	-	열거를 수행하는 호출자 스레드	기존 LINQ 열거 시점	기존 열거 시 호출자에게 전달	낮음	이름 있는 조건/선택 메서드 또는 for/foreach
ExpressionBody	Drilling.UI	Drilling.UI/Menu/Menus/CMenuRecipe.cs	2322	Drilling.UI.Menu.Menus.ST_RECIPE_CELL_OVERVIEW_ROW.IsSelected.get	GetAccessorDeclaration	-	호출자 스레드	기존 식 평가 시점	기존 호출자에게 직접 전달	낮음	블록 본문과 명시적 return/get/set
ExpressionBody	Drilling.UI	Drilling.UI/Menu/Menus/CMenuRecipe.cs	2332	Drilling.UI.Menu.Menus.ST_RECIPE_CELL_OVERVIEW_ROW.FirstX.get	GetAccessorDeclaration	-	호출자 스레드	기존 식 평가 시점	기존 호출자에게 직접 전달	낮음	블록 본문과 명시적 return/get/set
ExpressionBody	Drilling.UI	Drilling.UI/Menu/Menus/CMenuRecipe.cs	2332	Drilling.UI.Menu.Menus.ST_RECIPE_CELL_OVERVIEW_ROW.FirstX.set	SetAccessorDeclaration	-	호출자 스레드	기존 식 평가 시점	기존 호출자에게 직접 전달	낮음	블록 본문과 명시적 return/get/set
ExpressionBody	Drilling.UI	Drilling.UI/Menu/Menus/CMenuRecipe.cs	2333	Drilling.UI.Menu.Menus.ST_RECIPE_CELL_OVERVIEW_ROW.FirstY.get	GetAccessorDeclaration	-	호출자 스레드	기존 식 평가 시점	기존 호출자에게 직접 전달	낮음	블록 본문과 명시적 return/get/set
ExpressionBody	Drilling.UI	Drilling.UI/Menu/Menus/CMenuRecipe.cs	2333	Drilling.UI.Menu.Menus.ST_RECIPE_CELL_OVERVIEW_ROW.FirstY.set	SetAccessorDeclaration	-	호출자 스레드	기존 식 평가 시점	기존 호출자에게 직접 전달	낮음	블록 본문과 명시적 return/get/set
ExpressionBody	Drilling.UI	Drilling.UI/Menu/Menus/CMenuRecipe.cs	2334	Drilling.UI.Menu.Menus.ST_RECIPE_CELL_OVERVIEW_ROW.Rotation.get	GetAccessorDeclaration	-	호출자 스레드	기존 식 평가 시점	기존 호출자에게 직접 전달	낮음	블록 본문과 명시적 return/get/set
ExpressionBody	Drilling.UI	Drilling.UI/Menu/Menus/CMenuRecipe.cs	2334	Drilling.UI.Menu.Menus.ST_RECIPE_CELL_OVERVIEW_ROW.Rotation.set	SetAccessorDeclaration	-	호출자 스레드	기존 식 평가 시점	기존 호출자에게 직접 전달	낮음	블록 본문과 명시적 return/get/set
ExpressionBody	Drilling.UI	Drilling.UI/Menu/Menus/CMenuRecipe.cs	2335	Drilling.UI.Menu.Menus.ST_RECIPE_CELL_OVERVIEW_ROW.CountX.get	GetAccessorDeclaration	-	호출자 스레드	기존 식 평가 시점	기존 호출자에게 직접 전달	낮음	블록 본문과 명시적 return/get/set
ExpressionBody	Drilling.UI	Drilling.UI/Menu/Menus/CMenuRecipe.cs	2335	Drilling.UI.Menu.Menus.ST_RECIPE_CELL_OVERVIEW_ROW.CountX.set	SetAccessorDeclaration	-	호출자 스레드	기존 식 평가 시점	기존 호출자에게 직접 전달	낮음	블록 본문과 명시적 return/get/set
ExpressionBody	Drilling.UI	Drilling.UI/Menu/Menus/CMenuRecipe.cs	2336	Drilling.UI.Menu.Menus.ST_RECIPE_CELL_OVERVIEW_ROW.CountY.get	GetAccessorDeclaration	-	호출자 스레드	기존 식 평가 시점	기존 호출자에게 직접 전달	낮음	블록 본문과 명시적 return/get/set
ExpressionBody	Drilling.UI	Drilling.UI/Menu/Menus/CMenuRecipe.cs	2336	Drilling.UI.Menu.Menus.ST_RECIPE_CELL_OVERVIEW_ROW.CountY.set	SetAccessorDeclaration	-	호출자 스레드	기존 식 평가 시점	기존 호출자에게 직접 전달	낮음	블록 본문과 명시적 return/get/set
ExpressionBody	Drilling.UI	Drilling.UI/Menu/Menus/CMenuRecipe.cs	2337	Drilling.UI.Menu.Menus.ST_RECIPE_CELL_OVERVIEW_ROW.PitchX.get	GetAccessorDeclaration	-	호출자 스레드	기존 식 평가 시점	기존 호출자에게 직접 전달	낮음	블록 본문과 명시적 return/get/set
ExpressionBody	Drilling.UI	Drilling.UI/Menu/Menus/CMenuRecipe.cs	2337	Drilling.UI.Menu.Menus.ST_RECIPE_CELL_OVERVIEW_ROW.PitchX.set	SetAccessorDeclaration	-	호출자 스레드	기존 식 평가 시점	기존 호출자에게 직접 전달	낮음	블록 본문과 명시적 return/get/set
ExpressionBody	Drilling.UI	Drilling.UI/Menu/Menus/CMenuRecipe.cs	2338	Drilling.UI.Menu.Menus.ST_RECIPE_CELL_OVERVIEW_ROW.PitchY.get	GetAccessorDeclaration	-	호출자 스레드	기존 식 평가 시점	기존 호출자에게 직접 전달	낮음	블록 본문과 명시적 return/get/set
ExpressionBody	Drilling.UI	Drilling.UI/Menu/Menus/CMenuRecipe.cs	2338	Drilling.UI.Menu.Menus.ST_RECIPE_CELL_OVERVIEW_ROW.PitchY.set	SetAccessorDeclaration	-	호출자 스레드	기존 식 평가 시점	기존 호출자에게 직접 전달	낮음	블록 본문과 명시적 return/get/set
ExpressionBody	Drilling.UI	Drilling.UI/Menu/Menus/CMenuRecipe.cs	2339	Drilling.UI.Menu.Menus.ST_RECIPE_CELL_OVERVIEW_ROW.PixelSize.get	GetAccessorDeclaration	-	호출자 스레드	기존 식 평가 시점	기존 호출자에게 직접 전달	낮음	블록 본문과 명시적 return/get/set
ExpressionBody	Drilling.UI	Drilling.UI/Menu/Menus/CMenuRecipe.cs	2339	Drilling.UI.Menu.Menus.ST_RECIPE_CELL_OVERVIEW_ROW.PixelSize.set	SetAccessorDeclaration	-	호출자 스레드	기존 식 평가 시점	기존 호출자에게 직접 전달	낮음	블록 본문과 명시적 return/get/set
SwitchExpression	Drilling.UI	Drilling.UI/Menu/Menus/CMenuRecipe.cs	2354	Drilling.UI.Menu.Menus.ST_RECIPE_CELL_OVERVIEW_ROW.Set(string, string)	Argument	-	호출자 스레드	기존 식 평가 시점	기존 호출자에게 직접 전달	중간	일반 switch 문과 명시적 return/대입
ExpressionBody	Drilling.UI	Drilling.UI/Menu/Menus/CMenuRecipe.cs	2400	Drilling.UI.Menu.Menus.ST_RECIPE_HOLE_ROW.MatrixPointName.get	PropertyDeclaration	-	호출자 스레드	기존 식 평가 시점	기존 호출자에게 직접 전달	낮음	블록 본문과 명시적 return/get/set
ExpressionBody	Drilling.UI	Drilling.UI/Menu/Menus/CMenuRecipe.cs	2402	Drilling.UI.Menu.Menus.ST_RECIPE_HOLE_ROW.OffsetCoordinateText.get	PropertyDeclaration	-	호출자 스레드	기존 식 평가 시점	기존 호출자에게 직접 전달	낮음	블록 본문과 명시적 return/get/set
ExpressionBody	Drilling.UI	Drilling.UI/Menu/Menus/CMenuRecipe.cs	2407	Drilling.UI.Menu.Menus.ST_RECIPE_HOLE_ROW.PlacementState.get	PropertyDeclaration	-	호출자 스레드	기존 식 평가 시점	기존 호출자에게 직접 전달	낮음	블록 본문과 명시적 return/get/set
ExpressionBody	Drilling.UI	Drilling.UI/Menu/Menus/CMenuRecipe.cs	2411	Drilling.UI.Menu.Menus.ST_RECIPE_HOLE_ROW.IsSelected.get	GetAccessorDeclaration	-	호출자 스레드	기존 식 평가 시점	기존 호출자에게 직접 전달	낮음	블록 본문과 명시적 return/get/set
ExpressionBody	Drilling.UI	Drilling.UI/Menu/Menus/CMenuRecipe.cs	2412	Drilling.UI.Menu.Menus.ST_RECIPE_HOLE_ROW.IsSelected.set	SetAccessorDeclaration	-	호출자 스레드	기존 식 평가 시점	기존 호출자에게 직접 전달	낮음	블록 본문과 명시적 return/get/set
ExpressionBody	Drilling.UI	Drilling.UI/Menu/Menus/CMenuRecipe.cs	2417	Drilling.UI.Menu.Menus.ST_RECIPE_HOLE_ROW.OffsetX.get	GetAccessorDeclaration	-	호출자 스레드	기존 식 평가 시점	기존 호출자에게 직접 전달	낮음	블록 본문과 명시적 return/get/set
ExpressionBody	Drilling.UI	Drilling.UI/Menu/Menus/CMenuRecipe.cs	2418	Drilling.UI.Menu.Menus.ST_RECIPE_HOLE_ROW.OffsetX.set	SetAccessorDeclaration	-	호출자 스레드	기존 식 평가 시점	기존 호출자에게 직접 전달	낮음	블록 본문과 명시적 return/get/set
ExpressionBody	Drilling.UI	Drilling.UI/Menu/Menus/CMenuRecipe.cs	2423	Drilling.UI.Menu.Menus.ST_RECIPE_HOLE_ROW.OffsetY.get	GetAccessorDeclaration	-	호출자 스레드	기존 식 평가 시점	기존 호출자에게 직접 전달	낮음	블록 본문과 명시적 return/get/set
ExpressionBody	Drilling.UI	Drilling.UI/Menu/Menus/CMenuRecipe.cs	2424	Drilling.UI.Menu.Menus.ST_RECIPE_HOLE_ROW.OffsetY.set	SetAccessorDeclaration	-	호출자 스레드	기존 식 평가 시점	기존 호출자에게 직접 전달	낮음	블록 본문과 명시적 return/get/set
ExpressionBody	Drilling.UI	Drilling.UI/Menu/Menus/CMenuRecipe.cs	2479	Drilling.UI.Menu.Menus.ST_HEAD_COVERAGE_PREVIEW_LABEL.DisplayText.get	PropertyDeclaration	-	호출자 스레드	기존 식 평가 시점	기존 호출자에게 직접 전달	낮음	블록 본문과 명시적 return/get/set
ExpressionBody	Drilling.UI	Drilling.UI/Menu/Menus/CMenuRecipe.cs	2481	Drilling.UI.Menu.Menus.ST_HEAD_COVERAGE_PREVIEW_LABEL.Height.get	PropertyDeclaration	-	호출자 스레드	기존 식 평가 시점	기존 호출자에게 직접 전달	낮음	블록 본문과 명시적 return/get/set
ExpressionBody	Drilling.UI	Drilling.UI/Menu/Menus/CMenuRecipe.cs	2483	Drilling.UI.Menu.Menus.ST_HEAD_COVERAGE_PREVIEW_LABEL.BackgroundBrush.get	PropertyDeclaration	-	호출자 스레드	기존 식 평가 시점	기존 호출자에게 직접 전달	낮음	블록 본문과 명시적 return/get/set
ExpressionBody	Drilling.UI	Drilling.UI/Menu/Menus/CMenuRecipe.cs	2487	Drilling.UI.Menu.Menus.ST_HEAD_COVERAGE_PREVIEW_LABEL.BorderBrush.get	PropertyDeclaration	-	호출자 스레드	기존 식 평가 시점	기존 호출자에게 직접 전달	낮음	블록 본문과 명시적 return/get/set
ExpressionBody	Drilling.UI	Drilling.UI/Menu/Menus/CMenuRecipe.cs	2491	Drilling.UI.Menu.Menus.ST_HEAD_COVERAGE_PREVIEW_LABEL.TextBrush.get	PropertyDeclaration	-	호출자 스레드	기존 식 평가 시점	기존 호출자에게 직접 전달	낮음	블록 본문과 명시적 return/get/set
ExpressionBody	Drilling.UI	Drilling.UI/Menu/Menus/CMenuRecipe.cs	2548	Drilling.UI.Menu.Menus.ST_RECIPE_MANAGED_ITEM.Value.get	GetAccessorDeclaration	-	호출자 스레드	기존 식 평가 시점	기존 호출자에게 직접 전달	낮음	블록 본문과 명시적 return/get/set
ExpressionBody	Drilling.UI	Drilling.UI/Menu/Menus/CMenuRecipe.cs	2569	Drilling.UI.Menu.Menus.ST_RECIPE_MANAGED_ITEM.OriginalValue.get	PropertyDeclaration	-	호출자 스레드	기존 식 평가 시점	기존 호출자에게 직접 전달	낮음	블록 본문과 명시적 return/get/set
ExpressionBody	Drilling.UI	Drilling.UI/Menu/Menus/CMenuRecipe.cs	2573	Drilling.UI.Menu.Menus.ST_RECIPE_MANAGED_ITEM.UsesSelectionEditor.get	PropertyDeclaration	-	호출자 스레드	기존 식 평가 시점	기존 호출자에게 직접 전달	낮음	블록 본문과 명시적 return/get/set
ExpressionBody	Drilling.UI	Drilling.UI/Menu/Menus/CMenuRecipe.cs	2575	Drilling.UI.Menu.Menus.ST_RECIPE_MANAGED_ITEM.ValueOptions.get	PropertyDeclaration	-	호출자 스레드	기존 식 평가 시점	기존 호출자에게 직접 전달	낮음	블록 본문과 명시적 return/get/set
ExpressionBody	Drilling.UI	Drilling.UI/Menu/Menus/CMenuRecipe.cs	2585	Drilling.UI.Menu.Menus.ST_RECIPE_MANAGED_ITEM.IsEdited.get	PropertyDeclaration	-	호출자 스레드	기존 식 평가 시점	기존 호출자에게 직접 전달	낮음	블록 본문과 명시적 return/get/set
ExpressionBody	Drilling.UI	Drilling.UI/Menu/Menus/CMenuRecipe.cs	2589	Drilling.UI.Menu.Menus.ST_RECIPE_MANAGED_ITEM.ValueState.get	GetAccessorDeclaration	-	호출자 스레드	기존 식 평가 시점	기존 호출자에게 직접 전달	낮음	블록 본문과 명시적 return/get/set
ExpressionBody	Drilling.UI	Drilling.UI/Menu/Menus/CMenuRecipe.cs	2599	Drilling.UI.Menu.Menus.ST_RECIPE_MANAGED_ITEM.ValueBrush.get	PropertyDeclaration	-	호출자 스레드	기존 식 평가 시점	기존 호출자에게 직접 전달	낮음	블록 본문과 명시적 return/get/set
SwitchExpression	Drilling.UI	Drilling.UI/Menu/Menus/CMenuRecipe.cs	2599	Drilling.UI.Menu.Menus.ST_RECIPE_MANAGED_ITEM.ValueBrush.get	ArrowExpressionClause	-	호출자 스레드	기존 식 평가 시점	기존 호출자에게 직접 전달	중간	일반 switch 문과 명시적 return/대입
ExpressionBody	Drilling.UI	Drilling.UI/Menu/Menus/CMenuRecipe.cs	2621	Drilling.UI.Menu.Menus.ST_RECIPE_HISTORY_ROW.AfterBrush.get	PropertyDeclaration	-	호출자 스레드	기존 식 평가 시점	기존 호출자에게 직접 전달	낮음	블록 본문과 명시적 return/get/set
ExpressionBody	Drilling.UI	Drilling.UI/Menu/Menus/CMenuRecipe.cs	2629	Drilling.UI.Menu.Menus.ST_RECIPE_STATE_ROW.ValueBrush.get	PropertyDeclaration	-	호출자 스레드	기존 식 평가 시점	기존 호출자에게 직접 전달	낮음	블록 본문과 명시적 return/get/set
SwitchExpression	Drilling.UI	Drilling.UI/Menu/Menus/CMenuRecipe.cs	2629	Drilling.UI.Menu.Menus.ST_RECIPE_STATE_ROW.ValueBrush.get	ArrowExpressionClause	-	호출자 스레드	기존 식 평가 시점	기존 호출자에게 직접 전달	중간	일반 switch 문과 명시적 return/대입
Lambda	Drilling.UI	Drilling.UI/Menu/Menus/CMenuReview.cs	71	Drilling.UI.Menu.Menus.CMenuReview.CMenuReview(Drilling.Common.Review.IReviewManager, Drilling.Common.Review.IReviewRuleFile, Drilling.Common.Managers.IRecipeManager, System.Func<string>, System.Action<string>, System.Action)	Argument	this	호출자 스레드	기존 식 평가 시점	기존 호출자에게 직접 전달	중간	이름 있는 메서드 또는 명시적 반복문
Lambda	Drilling.UI	Drilling.UI/Menu/Menus/CMenuReview.cs	72	Drilling.UI.Menu.Menus.CMenuReview.CMenuReview(Drilling.Common.Review.IReviewManager, Drilling.Common.Review.IReviewRuleFile, Drilling.Common.Managers.IRecipeManager, System.Func<string>, System.Action<string>, System.Action)	Argument	this	호출자 스레드	기존 식 평가 시점	기존 호출자에게 직접 전달	중간	이름 있는 메서드 또는 명시적 반복문
Lambda	Drilling.UI	Drilling.UI/Menu/Menus/CMenuReview.cs	79	Drilling.UI.Menu.Menus.CMenuReview.CMenuReview(Drilling.Common.Review.IReviewManager, Drilling.Common.Review.IReviewRuleFile, Drilling.Common.Managers.IRecipeManager, System.Func<string>, System.Action<string>, System.Action)	Argument	this	호출자 스레드	기존 식 평가 시점	기존 호출자에게 직접 전달	중간	이름 있는 메서드 또는 명시적 반복문
Lambda	Drilling.UI	Drilling.UI/Menu/Menus/CMenuReview.cs	86	Drilling.UI.Menu.Menus.CMenuReview.CMenuReview(Drilling.Common.Review.IReviewManager, Drilling.Common.Review.IReviewRuleFile, Drilling.Common.Managers.IRecipeManager, System.Func<string>, System.Action<string>, System.Action)	Argument	this	호출자 스레드	기존 식 평가 시점	기존 호출자에게 직접 전달	중간	이름 있는 메서드 또는 명시적 반복문
Lambda	Drilling.UI	Drilling.UI/Menu/Menus/CMenuReview.cs	87	Drilling.UI.Menu.Menus.CMenuReview.CMenuReview(Drilling.Common.Review.IReviewManager, Drilling.Common.Review.IReviewRuleFile, Drilling.Common.Managers.IRecipeManager, System.Func<string>, System.Action<string>, System.Action)	Argument	this	호출자 스레드	기존 식 평가 시점	기존 호출자에게 직접 전달	중간	이름 있는 메서드 또는 명시적 반복문
Lambda	Drilling.UI	Drilling.UI/Menu/Menus/CMenuReview.cs	88	Drilling.UI.Menu.Menus.CMenuReview.CMenuReview(Drilling.Common.Review.IReviewManager, Drilling.Common.Review.IReviewRuleFile, Drilling.Common.Managers.IRecipeManager, System.Func<string>, System.Action<string>, System.Action)	Argument	this	호출자 스레드	기존 식 평가 시점	기존 호출자에게 직접 전달	중간	이름 있는 메서드 또는 명시적 반복문
Lambda	Drilling.UI	Drilling.UI/Menu/Menus/CMenuReview.cs	89	Drilling.UI.Menu.Menus.CMenuReview.CMenuReview(Drilling.Common.Review.IReviewManager, Drilling.Common.Review.IReviewRuleFile, Drilling.Common.Managers.IRecipeManager, System.Func<string>, System.Action<string>, System.Action)	Argument	this	호출자 스레드	기존 식 평가 시점	기존 호출자에게 직접 전달	중간	이름 있는 메서드 또는 명시적 반복문
Lambda	Drilling.UI	Drilling.UI/Menu/Menus/CMenuReview.cs	90	Drilling.UI.Menu.Menus.CMenuReview.CMenuReview(Drilling.Common.Review.IReviewManager, Drilling.Common.Review.IReviewRuleFile, Drilling.Common.Managers.IRecipeManager, System.Func<string>, System.Action<string>, System.Action)	Argument	this	호출자 스레드	기존 식 평가 시점	기존 호출자에게 직접 전달	중간	이름 있는 메서드 또는 명시적 반복문
Lambda	Drilling.UI	Drilling.UI/Menu/Menus/CMenuReview.cs	91	Drilling.UI.Menu.Menus.CMenuReview.CMenuReview(Drilling.Common.Review.IReviewManager, Drilling.Common.Review.IReviewRuleFile, Drilling.Common.Managers.IRecipeManager, System.Func<string>, System.Action<string>, System.Action)	Argument	this	호출자 스레드	기존 식 평가 시점	기존 호출자에게 직접 전달	중간	이름 있는 메서드 또는 명시적 반복문
ExpressionBody	Drilling.UI	Drilling.UI/Menu/Menus/CMenuReview.cs	94	Drilling.UI.Menu.Menus.CMenuReview.Menu.get	PropertyDeclaration	-	호출자 스레드	기존 식 평가 시점	기존 호출자에게 직접 전달	낮음	블록 본문과 명시적 return/get/set
ExpressionBody	Drilling.UI	Drilling.UI/Menu/Menus/CMenuReview.cs	96	Drilling.UI.Menu.Menus.CMenuReview.Title.get	PropertyDeclaration	-	호출자 스레드	기존 식 평가 시점	기존 호출자에게 직접 전달	낮음	블록 본문과 명시적 return/get/set
ExpressionBody	Drilling.UI	Drilling.UI/Menu/Menus/CMenuReview.cs	98	Drilling.UI.Menu.Menus.CMenuReview.Subtitle.get	PropertyDeclaration	-	호출자 스레드	기존 식 평가 시점	기존 호출자에게 직접 전달	낮음	블록 본문과 명시적 return/get/set
ExpressionBody	Drilling.UI	Drilling.UI/Menu/Menus/CMenuReview.cs	100	Drilling.UI.Menu.Menus.CMenuReview.PlanSummary.get	PropertyDeclaration	-	호출자 스레드	기존 식 평가 시점	기존 호출자에게 직접 전달	낮음	블록 본문과 명시적 return/get/set
ExpressionBody	Drilling.UI	Drilling.UI/Menu/Menus/CMenuReview.cs	102	Drilling.UI.Menu.Menus.CMenuReview.SampleMapColumnCount.get	PropertyDeclaration	-	호출자 스레드	기존 식 평가 시점	기존 호출자에게 직접 전달	낮음	블록 본문과 명시적 return/get/set
ExpressionBody	Drilling.UI	Drilling.UI/Menu/Menus/CMenuReview.cs	104	Drilling.UI.Menu.Menus.CMenuReview.IsRunTab.get	PropertyDeclaration	-	호출자 스레드	기존 식 평가 시점	기존 호출자에게 직접 전달	낮음	블록 본문과 명시적 return/get/set
ExpressionBody	Drilling.UI	Drilling.UI/Menu/Menus/CMenuReview.cs	106	Drilling.UI.Menu.Menus.CMenuReview.IsRunGlassPreviewVisible.get	PropertyDeclaration	-	호출자 스레드	기존 식 평가 시점	기존 호출자에게 직접 전달	낮음	블록 본문과 명시적 return/get/set
ExpressionBody	Drilling.UI	Drilling.UI/Menu/Menus/CMenuReview.cs	108	Drilling.UI.Menu.Menus.CMenuReview.IsRunCellDetailVisible.get	PropertyDeclaration	-	호출자 스레드	기존 식 평가 시점	기존 호출자에게 직접 전달	낮음	블록 본문과 명시적 return/get/set
ExpressionBody	Drilling.UI	Drilling.UI/Menu/Menus/CMenuReview.cs	110	Drilling.UI.Menu.Menus.CMenuReview.RunWorkspaceTitle.get	PropertyDeclaration	-	호출자 스레드	기존 식 평가 시점	기존 호출자에게 직접 전달	낮음	블록 본문과 명시적 return/get/set
ExpressionBody	Drilling.UI	Drilling.UI/Menu/Menus/CMenuReview.cs	114	Drilling.UI.Menu.Menus.CMenuReview.RunWorkspaceSummary.get	PropertyDeclaration	-	호출자 스레드	기존 식 평가 시점	기존 호출자에게 직접 전달	낮음	블록 본문과 명시적 return/get/set
ExpressionBody	Drilling.UI	Drilling.UI/Menu/Menus/CMenuReview.cs	118	Drilling.UI.Menu.Menus.CMenuReview.IsSampleSelectTab.get	PropertyDeclaration	-	호출자 스레드	기존 식 평가 시점	기존 호출자에게 직접 전달	낮음	블록 본문과 명시적 return/get/set
ExpressionBody	Drilling.UI	Drilling.UI/Menu/Menus/CMenuReview.cs	120	Drilling.UI.Menu.Menus.CMenuReview.IsSampleGlassPreviewVisible.get	PropertyDeclaration	-	호출자 스레드	기존 식 평가 시점	기존 호출자에게 직접 전달	낮음	블록 본문과 명시적 return/get/set
ExpressionBody	Drilling.UI	Drilling.UI/Menu/Menus/CMenuReview.cs	122	Drilling.UI.Menu.Menus.CMenuReview.IsSampleCellDetailVisible.get	PropertyDeclaration	-	호출자 스레드	기존 식 평가 시점	기존 호출자에게 직접 전달	낮음	블록 본문과 명시적 return/get/set
ExpressionBody	Drilling.UI	Drilling.UI/Menu/Menus/CMenuReview.cs	124	Drilling.UI.Menu.Menus.CMenuReview.SampleWorkspaceTitle.get	PropertyDeclaration	-	호출자 스레드	기존 식 평가 시점	기존 호출자에게 직접 전달	낮음	블록 본문과 명시적 return/get/set
ExpressionBody	Drilling.UI	Drilling.UI/Menu/Menus/CMenuReview.cs	128	Drilling.UI.Menu.Menus.CMenuReview.SampleWorkspaceSummary.get	PropertyDeclaration	-	호출자 스레드	기존 식 평가 시점	기존 호출자에게 직접 전달	낮음	블록 본문과 명시적 return/get/set
Lambda	Drilling.UI	Drilling.UI/Menu/Menus/CMenuReview.cs	129	Drilling.UI.Menu.Menus.CMenuReview.SampleWorkspaceSummary.get	SampleCellHoleRows.Count	-	열거를 수행하는 호출자 스레드	기존 LINQ 열거 시점	기존 열거 시 호출자에게 전달	낮음	이름 있는 조건/선택 메서드 또는 for/foreach
ExpressionBody	Drilling.UI	Drilling.UI/Menu/Menus/CMenuReview.cs	132	Drilling.UI.Menu.Menus.CMenuReview.SampleRuleName.get	PropertyDeclaration	-	호출자 스레드	기존 식 평가 시점	기존 호출자에게 직접 전달	낮음	블록 본문과 명시적 return/get/set
ExpressionBody	Drilling.UI	Drilling.UI/Menu/Menus/CMenuReview.cs	134	Drilling.UI.Menu.Menus.CMenuReview.SampleHeadOptions.get	PropertyDeclaration	-	호출자 스레드	기존 식 평가 시점	기존 호출자에게 직접 전달	낮음	블록 본문과 명시적 return/get/set
Lambda	Drilling.UI	Drilling.UI/Menu/Menus/CMenuReview.cs	136	Drilling.UI.Menu.Menus.CMenuReview.SampleHeadOptions.get	Enumerable.Range(1, Math.Max(1, _headCount))              .Select	-	열거를 수행하는 호출자 스레드	기존 LINQ 열거 시점	기존 열거 시 호출자에게 전달	낮음	이름 있는 조건/선택 메서드 또는 for/foreach
ExpressionBody	Drilling.UI	Drilling.UI/Menu/Menus/CMenuReview.cs	141	Drilling.UI.Menu.Menus.CMenuReview.SelectedSampleHead.get	GetAccessorDeclaration	-	호출자 스레드	기존 식 평가 시점	기존 호출자에게 직접 전달	낮음	블록 본문과 명시적 return/get/set
ExpressionBody	Drilling.UI	Drilling.UI/Menu/Menus/CMenuReview.cs	157	Drilling.UI.Menu.Menus.CMenuReview.SampleCellOptions.get	PropertyDeclaration	-	호출자 스레드	기존 식 평가 시점	기존 호출자에게 직접 전달	낮음	블록 본문과 명시적 return/get/set
Lambda	Drilling.UI	Drilling.UI/Menu/Menus/CMenuReview.cs	159	Drilling.UI.Menu.Menus.CMenuReview.SampleCellOptions.get	Enumerable.Range(1, Math.Max(1, _cellCount))              .Select	-	열거를 수행하는 호출자 스레드	기존 LINQ 열거 시점	기존 열거 시 호출자에게 전달	낮음	이름 있는 조건/선택 메서드 또는 for/foreach
ExpressionBody	Drilling.UI	Drilling.UI/Menu/Menus/CMenuReview.cs	164	Drilling.UI.Menu.Menus.CMenuReview.SelectedSampleCell.get	GetAccessorDeclaration	-	호출자 스레드	기존 식 평가 시점	기존 호출자에게 직접 전달	낮음	블록 본문과 명시적 return/get/set
ExpressionBody	Drilling.UI	Drilling.UI/Menu/Menus/CMenuReview.cs	180	Drilling.UI.Menu.Menus.CMenuReview.SampleRuleSelectionSummary.get	PropertyDeclaration	-	호출자 스레드	기존 식 평가 시점	기존 호출자에게 직접 전달	낮음	블록 본문과 명시적 return/get/set
Lambda	Drilling.UI	Drilling.UI/Menu/Menus/CMenuReview.cs	182	Drilling.UI.Menu.Menus.CMenuReview.SampleRuleSelectionSummary.get	.Points.Where	this	열거를 수행하는 호출자 스레드	기존 LINQ 열거 시점	기존 열거 시 호출자에게 전달	중간	이름 있는 조건/선택 메서드 또는 for/foreach
Lambda	Drilling.UI	Drilling.UI/Menu/Menus/CMenuReview.cs	182	Drilling.UI.Menu.Menus.CMenuReview.SampleRuleSelectionSummary.get	.Points.Where(point => _selectedSampleHoleKeys.Contains(point.HoleKey)).Select	-	열거를 수행하는 호출자 스레드	기존 LINQ 열거 시점	기존 열거 시 호출자에게 전달	낮음	이름 있는 조건/선택 메서드 또는 for/foreach
ExpressionBody	Drilling.UI	Drilling.UI/Menu/Menus/CMenuReview.cs	184	Drilling.UI.Menu.Menus.CMenuReview.SampleRuleDescription.get	PropertyDeclaration	-	호출자 스레드	기존 식 평가 시점	기존 호출자에게 직접 전달	낮음	블록 본문과 명시적 return/get/set
SwitchExpression	Drilling.UI	Drilling.UI/Menu/Menus/CMenuReview.cs	184	Drilling.UI.Menu.Menus.CMenuReview.SampleRuleDescription.get	ArrowExpressionClause	-	호출자 스레드	기존 식 평가 시점	기존 호출자에게 직접 전달	중간	일반 switch 문과 명시적 return/대입
ExpressionBody	Drilling.UI	Drilling.UI/Menu/Menus/CMenuReview.cs	195	Drilling.UI.Menu.Menus.CMenuReview.IsOneHoleTab.get	PropertyDeclaration	-	호출자 스레드	기존 식 평가 시점	기존 호출자에게 직접 전달	낮음	블록 본문과 명시적 return/get/set
ExpressionBody	Drilling.UI	Drilling.UI/Menu/Menus/CMenuReview.cs	197	Drilling.UI.Menu.Menus.CMenuReview.IsOneHoleCellMap.get	PropertyDeclaration	-	호출자 스레드	기존 식 평가 시점	기존 호출자에게 직접 전달	낮음	블록 본문과 명시적 return/get/set
ExpressionBody	Drilling.UI	Drilling.UI/Menu/Menus/CMenuReview.cs	199	Drilling.UI.Menu.Menus.CMenuReview.IsOneHoleHoleMap.get	PropertyDeclaration	-	호출자 스레드	기존 식 평가 시점	기존 호출자에게 직접 전달	낮음	블록 본문과 명시적 return/get/set
ExpressionBody	Drilling.UI	Drilling.UI/Menu/Menus/CMenuReview.cs	201	Drilling.UI.Menu.Menus.CMenuReview.OneHoleWorkspaceTitle.get	PropertyDeclaration	-	호출자 스레드	기존 식 평가 시점	기존 호출자에게 직접 전달	낮음	블록 본문과 명시적 return/get/set
ExpressionBody	Drilling.UI	Drilling.UI/Menu/Menus/CMenuReview.cs	205	Drilling.UI.Menu.Menus.CMenuReview.OneHoleWorkspaceSummary.get	PropertyDeclaration	-	호출자 스레드	기존 식 평가 시점	기존 호출자에게 직접 전달	낮음	블록 본문과 명시적 return/get/set
ExpressionBody	Drilling.UI	Drilling.UI/Menu/Menus/CMenuReview.cs	265	Drilling.UI.Menu.Menus.CMenuReview.SelectedRuleFile.get	GetAccessorDeclaration	-	호출자 스레드	기존 식 평가 시점	기존 호출자에게 직접 전달	낮음	블록 본문과 명시적 return/get/set
Lambda	Drilling.UI	Drilling.UI/Menu/Menus/CMenuReview.cs	376	Drilling.UI.Menu.Menus.CMenuReview.LoadSelectedRecipe(System.Threading.CancellationToken)	recipes.FirstOrDefault	selectedRecipeId	열거를 수행하는 호출자 스레드	기존 LINQ 열거 시점	기존 열거 시 호출자에게 전달	중간	이름 있는 조건/선택 메서드 또는 for/foreach
Lambda	Drilling.UI	Drilling.UI/Menu/Menus/CMenuReview.cs	385	Drilling.UI.Menu.Menus.CMenuReview.LoadSelectedRecipe(System.Threading.CancellationToken)	recipes.FirstOrDefault	-	열거를 수행하는 호출자 스레드	기존 LINQ 열거 시점	기존 열거 시 호출자에게 전달	낮음	이름 있는 조건/선택 메서드 또는 for/foreach
Lambda	Drilling.UI	Drilling.UI/Menu/Menus/CMenuReview.cs	411	Drilling.UI.Menu.Menus.CMenuReview.ApplyRecipeContext(Drilling.Common.Managers.ST_RECIPE_DATA, Drilling.Common.Review.ST_REVIEW_PLAN)	allPlan.Points.Select	-	열거를 수행하는 호출자 스레드	기존 LINQ 열거 시점	기존 열거 시 호출자에게 전달	낮음	이름 있는 조건/선택 메서드 또는 for/foreach
Lambda	Drilling.UI	Drilling.UI/Menu/Menus/CMenuReview.cs	421	Drilling.UI.Menu.Menus.CMenuReview.ApplyRecipeContext(Drilling.Common.Managers.ST_RECIPE_DATA, Drilling.Common.Review.ST_REVIEW_PLAN)	_oneHoleResults.Keys.Where	validKeys	열거를 수행하는 호출자 스레드	기존 LINQ 열거 시점	기존 열거 시 호출자에게 전달	중간	이름 있는 조건/선택 메서드 또는 for/foreach
Lambda	Drilling.UI	Drilling.UI/Menu/Menus/CMenuReview.cs	440	Drilling.UI.Menu.Menus.CMenuReview.ApplyRecipeContext(Drilling.Common.Managers.ST_RECIPE_DATA, Drilling.Common.Review.ST_REVIEW_PLAN)	_selectedSampleHoleKeys.RemoveWhere	validKeys	열거를 수행하는 호출자 스레드	기존 LINQ 열거 시점	기존 열거 시 호출자에게 전달	중간	이름 있는 조건/선택 메서드 또는 for/foreach
Lambda	Drilling.UI	Drilling.UI/Menu/Menus/CMenuReview.cs	478	Drilling.UI.Menu.Menus.CMenuReview.ReadRecipeString(Drilling.Common.Managers.ST_RECIPE_DATA?, params string[])	recipe.Parameters.FirstOrDefault	key	열거를 수행하는 호출자 스레드	기존 LINQ 열거 시점	기존 열거 시 호출자에게 전달	중간	이름 있는 조건/선택 메서드 또는 for/foreach
Lambda	Drilling.UI	Drilling.UI/Menu/Menus/CMenuReview.cs	501	Drilling.UI.Menu.Menus.CMenuReview.RefreshRuleFiles(System.Threading.CancellationToken)	RuleFiles.Any	this	열거를 수행하는 호출자 스레드	기존 LINQ 열거 시점	기존 열거 시 호출자에게 전달	중간	이름 있는 조건/선택 메서드 또는 for/foreach
SwitchExpression	Drilling.UI	Drilling.UI/Menu/Menus/CMenuReview.cs	549	Drilling.UI.Menu.Menus.CMenuReview.SelectMode(object?)	SimpleAssignmentExpression	-	호출자 스레드	기존 식 평가 시점	기존 호출자에게 직접 전달	중간	일반 switch 문과 명시적 return/대입
SwitchExpression	Drilling.UI	Drilling.UI/Menu/Menus/CMenuReview.cs	555	Drilling.UI.Menu.Menus.CMenuReview.SelectMode(object?)	SimpleAssignmentExpression	-	호출자 스레드	기존 식 평가 시점	기존 호출자에게 직접 전달	중간	일반 switch 문과 명시적 return/대입
Lambda	Drilling.UI	Drilling.UI/Menu/Menus/CMenuReview.cs	580	Drilling.UI.Menu.Menus.CMenuReview.ToggleHole(object?)	.Points.FirstOrDefault	holeKey	열거를 수행하는 호출자 스레드	기존 LINQ 열거 시점	기존 열거 시 호출자에게 전달	중간	이름 있는 조건/선택 메서드 또는 for/foreach
Lambda	Drilling.UI	Drilling.UI/Menu/Menus/CMenuReview.cs	607	Drilling.UI.Menu.Menus.CMenuReview.SetSampleHoleSelection(object?)	selection.HoleKeys                       .Select(CReviewManager.NormalizeHoleKey)                       .Where	-	열거를 수행하는 호출자 스레드	기존 LINQ 열거 시점	기존 열거 시 호출자에게 전달	낮음	이름 있는 조건/선택 메서드 또는 for/foreach
Lambda	Drilling.UI	Drilling.UI/Menu/Menus/CMenuReview.cs	610	Drilling.UI.Menu.Menus.CMenuReview.SetSampleHoleSelection(object?)	.Points.FirstOrDefault	holeKey	열거를 수행하는 호출자 스레드	기존 LINQ 열거 시점	기존 열거 시 호출자에게 전달	중간	이름 있는 조건/선택 메서드 또는 for/foreach
Lambda	Drilling.UI	Drilling.UI/Menu/Menus/CMenuReview.cs	662	Drilling.UI.Menu.Menus.CMenuReview.ApplyQuickSelect(object?)	allPlan.Points.Select	-	열거를 수행하는 호출자 스레드	기존 LINQ 열거 시점	기존 열거 시 호출자에게 전달	낮음	이름 있는 조건/선택 메서드 또는 for/foreach
Lambda	Drilling.UI	Drilling.UI/Menu/Menus/CMenuReview.cs	694	Drilling.UI.Menu.Menus.CMenuReview.ApplyQuickSelect(object?)	allPlan.Points.Where	this	열거를 수행하는 호출자 스레드	기존 LINQ 열거 시점	기존 열거 시 호출자에게 전달	중간	이름 있는 조건/선택 메서드 또는 for/foreach
Lambda	Drilling.UI	Drilling.UI/Menu/Menus/CMenuReview.cs	694	Drilling.UI.Menu.Menus.CMenuReview.ApplyQuickSelect(object?)	allPlan.Points.Where(point => point.HeadNo == _sampleRuleHeadNo).Select	-	열거를 수행하는 호출자 스레드	기존 LINQ 열거 시점	기존 열거 시 호출자에게 전달	낮음	이름 있는 조건/선택 메서드 또는 for/foreach
Lambda	Drilling.UI	Drilling.UI/Menu/Menus/CMenuReview.cs	704	Drilling.UI.Menu.Menus.CMenuReview.ApplyQuickSelect(object?)	allPlan.Points.Where	this	열거를 수행하는 호출자 스레드	기존 LINQ 열거 시점	기존 열거 시 호출자에게 전달	중간	이름 있는 조건/선택 메서드 또는 for/foreach
Lambda	Drilling.UI	Drilling.UI/Menu/Menus/CMenuReview.cs	704	Drilling.UI.Menu.Menus.CMenuReview.ApplyQuickSelect(object?)	allPlan.Points.Where(point => point.CellNo == _sampleRuleCellNo).Select	-	열거를 수행하는 호출자 스레드	기존 LINQ 열거 시점	기존 열거 시 호출자에게 전달	낮음	이름 있는 조건/선택 메서드 또는 for/foreach
Lambda	Drilling.UI	Drilling.UI/Menu/Menus/CMenuReview.cs	754	Drilling.UI.Menu.Menus.CMenuReview.SelectOneHole(object?)	.Points.FirstOrDefault	holeKey	열거를 수행하는 호출자 스레드	기존 LINQ 열거 시점	기존 열거 시 호출자에게 전달	중간	이름 있는 조건/선택 메서드 또는 for/foreach
Lambda	Drilling.UI	Drilling.UI/Menu/Menus/CMenuReview.cs	799	Drilling.UI.Menu.Menus.CMenuReview.ApplyOneHoleReviewOffset()	.ReviewPoints.FirstOrDefault	this	열거를 수행하는 호출자 스레드	기존 LINQ 열거 시점	기존 열거 시 호출자에게 전달	중간	이름 있는 조건/선택 메서드 또는 for/foreach
Lambda	Drilling.UI	Drilling.UI/Menu/Menus/CMenuReview.cs	927	Drilling.UI.Menu.Menus.CMenuReview.UpsertReviewOffsetParameter(System.Collections.Generic.List<Drilling.Common.Managers.ST_RECIPE_PARAM>, Drilling.Common.Review.ST_REVIEW_PLAN_POINT, string, double)	parameters.FindIndex	key	호출자 스레드	기존 식 평가 시점	기존 호출자에게 직접 전달	중간	이름 있는 메서드 또는 명시적 반복문
Lambda	Drilling.UI	Drilling.UI/Menu/Menus/CMenuReview.cs	973	Drilling.UI.Menu.Menus.CMenuReview.SelectRunHole(object?)	.Points.FirstOrDefault	holeKey	열거를 수행하는 호출자 스레드	기존 LINQ 열거 시점	기존 열거 시 호출자에게 전달	중간	이름 있는 조건/선택 메서드 또는 for/foreach
Lambda	Drilling.UI	Drilling.UI/Menu/Menus/CMenuReview.cs	1025	Drilling.UI.Menu.Menus.CMenuReview.ResolveReviewPlan(Drilling.Common.Managers.ST_RECIPE_DATA, Drilling.Common.Review.ST_REVIEW_PLAN)	currentPlan.ReviewPoints                  .Select	-	열거를 수행하는 호출자 스레드	기존 LINQ 열거 시점	기존 열거 시 호출자에게 전달	낮음	이름 있는 조건/선택 메서드 또는 for/foreach
Lambda	Drilling.UI	Drilling.UI/Menu/Menus/CMenuReview.cs	1070	Drilling.UI.Menu.Menus.CMenuReview.StartReviewSequence()	_reviewManager.Start	this,isOneHoleRun,oneHoleRunKey	호출자 스레드	기존 식 평가 시점	기존 호출자에게 직접 전달	중간	이름 있는 메서드 또는 명시적 반복문
ExpressionBody	Drilling.UI	Drilling.UI/Menu/Menus/CMenuReview.cs	1101	Drilling.UI.Menu.Menus.CMenuReview.IsReviewExecutionActive.get	PropertyDeclaration	-	호출자 스레드	기존 식 평가 시점	기존 호출자에게 직접 전달	낮음	블록 본문과 명시적 return/get/set
Lambda	Drilling.UI	Drilling.UI/Menu/Menus/CMenuReview.cs	1146	Drilling.UI.Menu.Menus.CMenuReview.SaveCurrentReviewRule()	ShowReviewRuleNameDialog	-	호출자 스레드	기존 식 평가 시점	기존 호출자에게 직접 전달	낮음	이름 있는 메서드 또는 명시적 반복문
Lambda	Drilling.UI	Drilling.UI/Menu/Menus/CMenuReview.cs	1171	Drilling.UI.Menu.Menus.CMenuReview.RetryRemainingReviewPoints()	_reviewManager.RetryRemaining	this	호출자 스레드	기존 식 평가 시점	기존 호출자에게 직접 전달	중간	이름 있는 메서드 또는 명시적 반복문
SwitchExpression	Drilling.UI	Drilling.UI/Menu/Menus/CMenuReview.cs	1196	Drilling.UI.Menu.Menus.CMenuReview.ApplyReviewRule(Drilling.Common.Review.ST_REVIEW_RULE_DATA)	EqualsValueClause	-	호출자 스레드	기존 식 평가 시점	기존 호출자에게 직접 전달	중간	일반 switch 문과 명시적 return/대입
Lambda	Drilling.UI	Drilling.UI/Menu/Menus/CMenuReview.cs	1198	Drilling.UI.Menu.Menus.CMenuReview.ApplyReviewRule(Drilling.Common.Review.ST_REVIEW_RULE_DATA)	allPlan.Points.Select	-	열거를 수행하는 호출자 스레드	기존 LINQ 열거 시점	기존 열거 시 호출자에게 전달	낮음	이름 있는 조건/선택 메서드 또는 for/foreach
Lambda	Drilling.UI	Drilling.UI/Menu/Menus/CMenuReview.cs	1201	Drilling.UI.Menu.Menus.CMenuReview.ApplyReviewRule(Drilling.Common.Review.ST_REVIEW_RULE_DATA)	allPlan.Points.Where	this	열거를 수행하는 호출자 스레드	기존 LINQ 열거 시점	기존 열거 시 호출자에게 전달	중간	이름 있는 조건/선택 메서드 또는 for/foreach
Lambda	Drilling.UI	Drilling.UI/Menu/Menus/CMenuReview.cs	1201	Drilling.UI.Menu.Menus.CMenuReview.ApplyReviewRule(Drilling.Common.Review.ST_REVIEW_RULE_DATA)	allPlan.Points.Where(point => point.HeadNo == _sampleRuleHeadNo).Select	-	열거를 수행하는 호출자 스레드	기존 LINQ 열거 시점	기존 열거 시 호출자에게 전달	낮음	이름 있는 조건/선택 메서드 또는 for/foreach
Lambda	Drilling.UI	Drilling.UI/Menu/Menus/CMenuReview.cs	1202	Drilling.UI.Menu.Menus.CMenuReview.ApplyReviewRule(Drilling.Common.Review.ST_REVIEW_RULE_DATA)	allPlan.Points.Where	this	열거를 수행하는 호출자 스레드	기존 LINQ 열거 시점	기존 열거 시 호출자에게 전달	중간	이름 있는 조건/선택 메서드 또는 for/foreach
Lambda	Drilling.UI	Drilling.UI/Menu/Menus/CMenuReview.cs	1202	Drilling.UI.Menu.Menus.CMenuReview.ApplyReviewRule(Drilling.Common.Review.ST_REVIEW_RULE_DATA)	allPlan.Points.Where(point => point.CellNo == _sampleRuleCellNo).Select	-	열거를 수행하는 호출자 스레드	기존 LINQ 열거 시점	기존 열거 시 호출자에게 전달	낮음	이름 있는 조건/선택 메서드 또는 for/foreach
Lambda	Drilling.UI	Drilling.UI/Menu/Menus/CMenuReview.cs	1207	Drilling.UI.Menu.Menus.CMenuReview.ApplyReviewRule(Drilling.Common.Review.ST_REVIEW_RULE_DATA)	selectedKeys.Select(CReviewManager.NormalizeHoleKey).Where	-	열거를 수행하는 호출자 스레드	기존 LINQ 열거 시점	기존 열거 시 호출자에게 전달	낮음	이름 있는 조건/선택 메서드 또는 for/foreach
SwitchExpression	Drilling.UI	Drilling.UI/Menu/Menus/CMenuReview.cs	1212	Drilling.UI.Menu.Menus.CMenuReview.ApplyReviewRule(Drilling.Common.Review.ST_REVIEW_RULE_DATA)	SimpleAssignmentExpression	-	호출자 스레드	기존 식 평가 시점	기존 호출자에게 직접 전달	중간	일반 switch 문과 명시적 return/대입
Lambda	Drilling.UI	Drilling.UI/Menu/Menus/CMenuReview.cs	1246	Drilling.UI.Menu.Menus.CMenuReview.ApplyScreenData(Drilling.Common.Managers.ST_RECIPE_DATA, Drilling.Common.Review.ST_REVIEW_PLAN)	reviewPlan.ReviewPoints.FirstOrDefault	-	열거를 수행하는 호출자 스레드	기존 LINQ 열거 시점	기존 열거 시 호출자에게 전달	낮음	이름 있는 조건/선택 메서드 또는 for/foreach
Lambda	Drilling.UI	Drilling.UI/Menu/Menus/CMenuReview.cs	1253	Drilling.UI.Menu.Menus.CMenuReview.ApplyScreenData(Drilling.Common.Managers.ST_RECIPE_DATA, Drilling.Common.Review.ST_REVIEW_PLAN)	reviewPlan.ReviewPoints                      .Select	-	열거를 수행하는 호출자 스레드	기존 LINQ 열거 시점	기존 열거 시 호출자에게 전달	낮음	이름 있는 조건/선택 메서드 또는 for/foreach
Lambda	Drilling.UI	Drilling.UI/Menu/Menus/CMenuReview.cs	1266	Drilling.UI.Menu.Menus.CMenuReview.ApplyScreenData(Drilling.Common.Managers.ST_RECIPE_DATA, Drilling.Common.Review.ST_REVIEW_PLAN)	allPlan.Points              .Select	this	열거를 수행하는 호출자 스레드	기존 LINQ 열거 시점	기존 열거 시 호출자에게 전달	중간	이름 있는 조건/선택 메서드 또는 for/foreach
Lambda	Drilling.UI	Drilling.UI/Menu/Menus/CMenuReview.cs	1285	Drilling.UI.Menu.Menus.CMenuReview.ApplyScreenData(Drilling.Common.Managers.ST_RECIPE_DATA, Drilling.Common.Review.ST_REVIEW_PLAN)	oneHolePreviewPoints.FirstOrDefault	this	열거를 수행하는 호출자 스레드	기존 LINQ 열거 시점	기존 열거 시 호출자에게 전달	중간	이름 있는 조건/선택 메서드 또는 for/foreach
Lambda	Drilling.UI	Drilling.UI/Menu/Menus/CMenuReview.cs	1287	Drilling.UI.Menu.Menus.CMenuReview.ApplyScreenData(Drilling.Common.Managers.ST_RECIPE_DATA, Drilling.Common.Review.ST_REVIEW_PLAN)	reviewPlan.ReviewPoints.FirstOrDefault	-	열거를 수행하는 호출자 스레드	기존 LINQ 열거 시점	기존 열거 시 호출자에게 전달	낮음	이름 있는 조건/선택 메서드 또는 for/foreach
Lambda	Drilling.UI	Drilling.UI/Menu/Menus/CMenuReview.cs	1342	Drilling.UI.Menu.Menus.CMenuReview.ApplyScreenData(Drilling.Common.Managers.ST_RECIPE_DATA, Drilling.Common.Review.ST_REVIEW_PLAN)	allPlan.Points.Where	this	열거를 수행하는 호출자 스레드	기존 LINQ 열거 시점	기존 열거 시 호출자에게 전달	중간	이름 있는 조건/선택 메서드 또는 for/foreach
Lambda	Drilling.UI	Drilling.UI/Menu/Menus/CMenuReview.cs	1346	Drilling.UI.Menu.Menus.CMenuReview.ApplyScreenData(Drilling.Common.Managers.ST_RECIPE_DATA, Drilling.Common.Review.ST_REVIEW_PLAN)	reviewPlan.ReviewPoints.FirstOrDefault	this	열거를 수행하는 호출자 스레드	기존 LINQ 열거 시점	기존 열거 시 호출자에게 전달	중간	이름 있는 조건/선택 메서드 또는 for/foreach
Lambda	Drilling.UI	Drilling.UI/Menu/Menus/CMenuReview.cs	1348	Drilling.UI.Menu.Menus.CMenuReview.ApplyScreenData(Drilling.Common.Managers.ST_RECIPE_DATA, Drilling.Common.Review.ST_REVIEW_PLAN)	reviewPlan.ReviewPoints.FirstOrDefault	this	열거를 수행하는 호출자 스레드	기존 LINQ 열거 시점	기존 열거 시 호출자에게 전달	중간	이름 있는 조건/선택 메서드 또는 for/foreach
Lambda	Drilling.UI	Drilling.UI/Menu/Menus/CMenuReview.cs	1361	Drilling.UI.Menu.Menus.CMenuReview.ApplyScreenData(Drilling.Common.Managers.ST_RECIPE_DATA, Drilling.Common.Review.ST_REVIEW_PLAN)	allPlan.Points.FirstOrDefault	this	열거를 수행하는 호출자 스레드	기존 LINQ 열거 시점	기존 열거 시 호출자에게 전달	중간	이름 있는 조건/선택 메서드 또는 for/foreach
Lambda	Drilling.UI	Drilling.UI/Menu/Menus/CMenuReview.cs	1365	Drilling.UI.Menu.Menus.CMenuReview.ApplyScreenData(Drilling.Common.Managers.ST_RECIPE_DATA, Drilling.Common.Review.ST_REVIEW_PLAN)	reviewPlan.ReviewPoints.FirstOrDefault	-	열거를 수행하는 호출자 스레드	기존 LINQ 열거 시점	기존 열거 시 호출자에게 전달	낮음	이름 있는 조건/선택 메서드 또는 for/foreach
Lambda	Drilling.UI	Drilling.UI/Menu/Menus/CMenuReview.cs	1377	Drilling.UI.Menu.Menus.CMenuReview.ApplyScreenData(Drilling.Common.Managers.ST_RECIPE_DATA, Drilling.Common.Review.ST_REVIEW_PLAN)	RunCellHoleMatrixRows              .SelectMany	-	열거를 수행하는 호출자 스레드	기존 LINQ 열거 시점	기존 열거 시 호출자에게 전달	낮음	이름 있는 조건/선택 메서드 또는 for/foreach
Lambda	Drilling.UI	Drilling.UI/Menu/Menus/CMenuReview.cs	1382	Drilling.UI.Menu.Menus.CMenuReview.ApplyScreenData(Drilling.Common.Managers.ST_RECIPE_DATA, Drilling.Common.Review.ST_REVIEW_PLAN)	samplePreviewPoints.Where	-	열거를 수행하는 호출자 스레드	기존 LINQ 열거 시점	기존 열거 시 호출자에게 전달	낮음	이름 있는 조건/선택 메서드 또는 for/foreach
Lambda	Drilling.UI	Drilling.UI/Menu/Menus/CMenuReview.cs	1382	Drilling.UI.Menu.Menus.CMenuReview.ApplyScreenData(Drilling.Common.Managers.ST_RECIPE_DATA, Drilling.Common.Review.ST_REVIEW_PLAN)	samplePreviewPoints.Where(point => point.Use).Select	-	열거를 수행하는 호출자 스레드	기존 LINQ 열거 시점	기존 열거 시 호출자에게 전달	낮음	이름 있는 조건/선택 메서드 또는 for/foreach
Lambda	Drilling.UI	Drilling.UI/Menu/Menus/CMenuReview.cs	1392	Drilling.UI.Menu.Menus.CMenuReview.ApplyScreenData(Drilling.Common.Managers.ST_RECIPE_DATA, Drilling.Common.Review.ST_REVIEW_PLAN)	OneHoleCellHoleMatrixRows              .SelectMany	-	열거를 수행하는 호출자 스레드	기존 LINQ 열거 시점	기존 열거 시 호출자에게 전달	낮음	이름 있는 조건/선택 메서드 또는 for/foreach
Lambda	Drilling.UI	Drilling.UI/Menu/Menus/CMenuReview.cs	1437	Drilling.UI.Menu.Menus.CMenuReview.BuildRunCellHoleMatrixRows(Drilling.Common.Review.ST_REVIEW_PLAN, int)	reviewPlan.ReviewPoints              .Where	cellNo	열거를 수행하는 호출자 스레드	기존 LINQ 열거 시점	기존 열거 시 호출자에게 전달	중간	이름 있는 조건/선택 메서드 또는 for/foreach
Lambda	Drilling.UI	Drilling.UI/Menu/Menus/CMenuReview.cs	1439	Drilling.UI.Menu.Menus.CMenuReview.BuildRunCellHoleMatrixRows(Drilling.Common.Review.ST_REVIEW_PLAN, int)	reviewPlan.ReviewPoints              .Where(point => point.CellNo == cellNo)              .GroupBy(GetMatrixRowIndex)              .OrderBy	-	열거를 수행하는 호출자 스레드	기존 LINQ 열거 시점	기존 열거 시 호출자에게 전달	낮음	이름 있는 조건/선택 메서드 또는 for/foreach
Lambda	Drilling.UI	Drilling.UI/Menu/Menus/CMenuReview.cs	1440	Drilling.UI.Menu.Menus.CMenuReview.BuildRunCellHoleMatrixRows(Drilling.Common.Review.ST_REVIEW_PLAN, int)	reviewPlan.ReviewPoints              .Where(point => point.CellNo == cellNo)              .GroupBy(GetMatrixRowIndex)              .OrderBy(group => group.Key)              .Select	this	열거를 수행하는 호출자 스레드	기존 LINQ 열거 시점	기존 열거 시 호출자에게 전달	중간	이름 있는 조건/선택 메서드 또는 for/foreach
Lambda	Drilling.UI	Drilling.UI/Menu/Menus/CMenuReview.cs	1444	lambda expression	group                      .OrderBy(GetMatrixColumnIndex)                      .Select	this	열거를 수행하는 호출자 스레드	기존 LINQ 열거 시점	기존 열거 시 호출자에게 전달	중간	이름 있는 조건/선택 메서드 또는 for/foreach
Lambda	Drilling.UI	Drilling.UI/Menu/Menus/CMenuReview.cs	1461	Drilling.UI.Menu.Menus.CMenuReview.BuildOneHoleCellHoleMatrixRows(System.Collections.Generic.IReadOnlyList<Drilling.Common.Review.ST_REVIEW_PLAN_POINT>, int)	points              .Where	cellNo	열거를 수행하는 호출자 스레드	기존 LINQ 열거 시점	기존 열거 시 호출자에게 전달	중간	이름 있는 조건/선택 메서드 또는 for/foreach
Lambda	Drilling.UI	Drilling.UI/Menu/Menus/CMenuReview.cs	1463	Drilling.UI.Menu.Menus.CMenuReview.BuildOneHoleCellHoleMatrixRows(System.Collections.Generic.IReadOnlyList<Drilling.Common.Review.ST_REVIEW_PLAN_POINT>, int)	points              .Where(point => point.CellNo == cellNo)              .GroupBy(GetMatrixRowIndex)              .OrderBy	-	열거를 수행하는 호출자 스레드	기존 LINQ 열거 시점	기존 열거 시 호출자에게 전달	낮음	이름 있는 조건/선택 메서드 또는 for/foreach
Lambda	Drilling.UI	Drilling.UI/Menu/Menus/CMenuReview.cs	1464	Drilling.UI.Menu.Menus.CMenuReview.BuildOneHoleCellHoleMatrixRows(System.Collections.Generic.IReadOnlyList<Drilling.Common.Review.ST_REVIEW_PLAN_POINT>, int)	points              .Where(point => point.CellNo == cellNo)              .GroupBy(GetMatrixRowIndex)              .OrderBy(group => group.Key)              .Select	this	열거를 수행하는 호출자 스레드	기존 LINQ 열거 시점	기존 열거 시 호출자에게 전달	중간	이름 있는 조건/선택 메서드 또는 for/foreach
Lambda	Drilling.UI	Drilling.UI/Menu/Menus/CMenuReview.cs	1468	lambda expression	group                      .OrderBy(GetMatrixColumnIndex)                      .Select	this	열거를 수행하는 호출자 스레드	기존 LINQ 열거 시점	기존 열거 시 호출자에게 전달	중간	이름 있는 조건/선택 메서드 또는 for/foreach
Lambda	Drilling.UI	Drilling.UI/Menu/Menus/CMenuReview.cs	1495	Drilling.UI.Menu.Menus.CMenuReview.BuildOneHolePreviewPoints(Drilling.Common.Review.ST_REVIEW_PLAN, Drilling.Common.Review.ST_REVIEW_PLAN)	reviewPlan.ReviewPoints              .ToDictionary	-	열거를 수행하는 호출자 스레드	기존 LINQ 열거 시점	기존 열거 시 호출자에게 전달	낮음	이름 있는 조건/선택 메서드 또는 for/foreach
Lambda	Drilling.UI	Drilling.UI/Menu/Menus/CMenuReview.cs	1498	Drilling.UI.Menu.Menus.CMenuReview.BuildOneHolePreviewPoints(Drilling.Common.Review.ST_REVIEW_PLAN, Drilling.Common.Review.ST_REVIEW_PLAN)	allPlan.Points              .Select	this,reviewPointByKey	열거를 수행하는 호출자 스레드	기존 LINQ 열거 시점	기존 열거 시 호출자에게 전달	중간	이름 있는 조건/선택 메서드 또는 for/foreach
Lambda	Drilling.UI	Drilling.UI/Menu/Menus/CMenuReview.cs	1533	Drilling.UI.Menu.Menus.CMenuReview.CaptureOneHoleResult(Drilling.Common.Review.ST_REVIEW_PLAN, string)	plan.ReviewPoints.FirstOrDefault	holeKey	열거를 수행하는 호출자 스레드	기존 LINQ 열거 시점	기존 열거 시 호출자에게 전달	중간	이름 있는 조건/선택 메서드 또는 for/foreach
Lambda	Drilling.UI	Drilling.UI/Menu/Menus/CMenuReview.cs	1559	Drilling.UI.Menu.Menus.CMenuReview.RestoreOneHoleReviewOffset(Drilling.Common.Review.ST_REVIEW_PLAN, string)	plan.Points                  .Select	holeKey,storedPoint	열거를 수행하는 호출자 스레드	기존 LINQ 열거 시점	기존 열거 시 호출자에게 전달	중간	이름 있는 조건/선택 메서드 또는 for/foreach
SwitchExpression	Drilling.UI	Drilling.UI/Menu/Menus/CMenuReview.cs	1589	Drilling.UI.Menu.Menus.CMenuReview.ToRunHoleDetail(Drilling.Common.Review.ST_REVIEW_PLAN_POINT)	ReturnStatement	-	호출자 스레드	기존 식 평가 시점	기존 호출자에게 직접 전달	중간	일반 switch 문과 명시적 return/대입
Lambda	Drilling.UI	Drilling.UI/Menu/Menus/CMenuReview.cs	1604	Drilling.UI.Menu.Menus.CMenuReview.CalculateHoleMapColumnCount(Drilling.Common.Review.ST_REVIEW_PLAN, int)	allPlan.Points              .Where	cellNo	열거를 수행하는 호출자 스레드	기존 LINQ 열거 시점	기존 열거 시 호출자에게 전달	중간	이름 있는 조건/선택 메서드 또는 for/foreach
Lambda	Drilling.UI	Drilling.UI/Menu/Menus/CMenuReview.cs	1613	Drilling.UI.Menu.Menus.CMenuReview.CalculateHoleMapColumnCount(Drilling.Common.Review.ST_REVIEW_PLAN, int)	cellPoints              .Select	-	열거를 수행하는 호출자 스레드	기존 LINQ 열거 시점	기존 열거 시 호출자에게 전달	낮음	이름 있는 조건/선택 메서드 또는 for/foreach
Lambda	Drilling.UI	Drilling.UI/Menu/Menus/CMenuReview.cs	1627	Drilling.UI.Menu.Menus.CMenuReview.CreatePointSelectRows(Drilling.Common.Review.ST_REVIEW_PLAN, System.Collections.Generic.IReadOnlySet<string>, Drilling.UI.Menu.CButtonCommand)	reviewPlan.Points.OrderBy	-	열거를 수행하는 호출자 스레드	기존 LINQ 열거 시점	기존 열거 시 호출자에게 전달	낮음	이름 있는 조건/선택 메서드 또는 for/foreach
Lambda	Drilling.UI	Drilling.UI/Menu/Menus/CMenuReview.cs	1627	Drilling.UI.Menu.Menus.CMenuReview.CreatePointSelectRows(Drilling.Common.Review.ST_REVIEW_PLAN, System.Collections.Generic.IReadOnlySet<string>, Drilling.UI.Menu.CButtonCommand)	reviewPlan.Points.OrderBy(point => point.CellNo).ThenBy	-	열거를 수행하는 호출자 스레드	기존 LINQ 열거 시점	기존 열거 시 호출자에게 전달	낮음	이름 있는 조건/선택 메서드 또는 for/foreach
Lambda	Drilling.UI	Drilling.UI/Menu/Menus/CMenuReview.cs	1660	Drilling.UI.Menu.Menus.CMenuReview.BuildResultRows(Drilling.Common.Review.ST_REVIEW_PLAN)	selectedRows              .Select	-	열거를 수행하는 호출자 스레드	기존 LINQ 열거 시점	기존 열거 시 호출자에게 전달	낮음	이름 있는 조건/선택 메서드 또는 for/foreach
Lambda	Drilling.UI	Drilling.UI/Menu/Menus/CMenuReview.cs	1700	Drilling.UI.Menu.Menus.CMenuReview.GetSelectedOneHoleName()	.Points.FirstOrDefault	this	열거를 수행하는 호출자 스레드	기존 LINQ 열거 시점	기존 열거 시 호출자에게 전달	중간	이름 있는 조건/선택 메서드 또는 for/foreach
Lambda	Drilling.UI	Drilling.UI/Menu/Menus/CMenuReview.cs	1720	Drilling.UI.Menu.Menus.CMenuReview.GetPlanHoleKeys(Drilling.Common.Review.ST_REVIEW_PLAN?)	allPlan.Points.Select	-	열거를 수행하는 호출자 스레드	기존 LINQ 열거 시점	기존 열거 시 호출자에게 전달	낮음	이름 있는 조건/선택 메서드 또는 for/foreach
Lambda	Drilling.UI	Drilling.UI/Menu/Menus/CMenuReview.cs	1729	Drilling.UI.Menu.Menus.CMenuReview.GetPlanHoleKeys(Drilling.Common.Review.ST_REVIEW_PLAN?)	_selectedSampleHoleKeys              .Where	allPlan,key	열거를 수행하는 호출자 스레드	기존 LINQ 열거 시점	기존 열거 시 호출자에게 전달	중간	이름 있는 조건/선택 메서드 또는 for/foreach
Lambda	Drilling.UI	Drilling.UI/Menu/Menus/CMenuReview.cs	1729	lambda expression	allPlan.Points.Any	key	열거를 수행하는 호출자 스레드	기존 LINQ 열거 시점	기존 열거 시 호출자에게 전달	중간	이름 있는 조건/선택 메서드 또는 for/foreach
Lambda	Drilling.UI	Drilling.UI/Menu/Menus/CMenuReview.cs	1730	Drilling.UI.Menu.Menus.CMenuReview.GetPlanHoleKeys(Drilling.Common.Review.ST_REVIEW_PLAN?)	_selectedSampleHoleKeys              .Where(key => allPlan.Points.Any(point => point.HoleKey.Equals(key, StringComparison.OrdinalIgnoreCase)))              .OrderBy	-	열거를 수행하는 호출자 스레드	기존 LINQ 열거 시점	기존 열거 시 호출자에게 전달	낮음	이름 있는 조건/선택 메서드 또는 for/foreach
Lambda	Drilling.UI	Drilling.UI/Menu/Menus/CMenuReview.cs	1737	Drilling.UI.Menu.Menus.CMenuReview.CreateDefaultSampleHoleKeys(Drilling.Common.Review.ST_REVIEW_PLAN)	allPlan.Points              .GroupBy	-	열거를 수행하는 호출자 스레드	기존 LINQ 열거 시점	기존 열거 시 호출자에게 전달	낮음	이름 있는 조건/선택 메서드 또는 for/foreach
Lambda	Drilling.UI	Drilling.UI/Menu/Menus/CMenuReview.cs	1738	Drilling.UI.Menu.Menus.CMenuReview.CreateDefaultSampleHoleKeys(Drilling.Common.Review.ST_REVIEW_PLAN)	allPlan.Points              .GroupBy(point => point.CellNo)              .SelectMany	-	열거를 수행하는 호출자 스레드	기존 LINQ 열거 시점	기존 열거 시 호출자에게 전달	낮음	이름 있는 조건/선택 메서드 또는 for/foreach
Lambda	Drilling.UI	Drilling.UI/Menu/Menus/CMenuReview.cs	1740	lambda expression	group.OrderBy	-	열거를 수행하는 호출자 스레드	기존 LINQ 열거 시점	기존 열거 시 호출자에게 전달	낮음	이름 있는 조건/선택 메서드 또는 for/foreach
Lambda	Drilling.UI	Drilling.UI/Menu/Menus/CMenuReview.cs	1775	Drilling.UI.Menu.Menus.CMenuReview.SelectZeroLineKeys(Drilling.Common.Review.ST_REVIEW_PLAN, int)	plan.Points.Min	-	호출자 스레드	기존 식 평가 시점	기존 호출자에게 직접 전달	낮음	이름 있는 메서드 또는 명시적 반복문
Lambda	Drilling.UI	Drilling.UI/Menu/Menus/CMenuReview.cs	1775	Drilling.UI.Menu.Menus.CMenuReview.SelectZeroLineKeys(Drilling.Common.Review.ST_REVIEW_PLAN, int)	plan.Points.Max	-	호출자 스레드	기존 식 평가 시점	기존 호출자에게 직접 전달	낮음	이름 있는 메서드 또는 명시적 반복문
Lambda	Drilling.UI	Drilling.UI/Menu/Menus/CMenuReview.cs	1779	Drilling.UI.Menu.Menus.CMenuReview.SelectZeroLineKeys(Drilling.Common.Review.ST_REVIEW_PLAN, int)	plan.Points              .OrderBy	targetY	열거를 수행하는 호출자 스레드	기존 LINQ 열거 시점	기존 열거 시 호출자에게 전달	중간	이름 있는 조건/선택 메서드 또는 for/foreach
Lambda	Drilling.UI	Drilling.UI/Menu/Menus/CMenuReview.cs	1780	Drilling.UI.Menu.Menus.CMenuReview.SelectZeroLineKeys(Drilling.Common.Review.ST_REVIEW_PLAN, int)	plan.Points              .OrderBy(point => Math.Abs(point.DesignY - targetY))              .ThenBy	-	열거를 수행하는 호출자 스레드	기존 LINQ 열거 시점	기존 열거 시 호출자에게 전달	낮음	이름 있는 조건/선택 메서드 또는 for/foreach
Lambda	Drilling.UI	Drilling.UI/Menu/Menus/CMenuReview.cs	1782	Drilling.UI.Menu.Menus.CMenuReview.SelectZeroLineKeys(Drilling.Common.Review.ST_REVIEW_PLAN, int)	plan.Points              .OrderBy(point => Math.Abs(point.DesignY - targetY))              .ThenBy(point => point.DesignX)              .Take(count)              .Select	-	열거를 수행하는 호출자 스레드	기존 LINQ 열거 시점	기존 열거 시 호출자에게 전달	낮음	이름 있는 조건/선택 메서드 또는 for/foreach
SwitchExpression	Drilling.UI	Drilling.UI/Menu/Menus/CMenuReview.cs	1808	Drilling.UI.Menu.Menus.CMenuReview.ToRuleText(Drilling.Common.Review.EN_REVIEW_RULE_TYPE)	ReturnStatement	-	호출자 스레드	기존 식 평가 시점	기존 호출자에게 직접 전달	중간	일반 switch 문과 명시적 return/대입
Lambda	Drilling.UI	Drilling.UI/Menu/Menus/CMenuReview.cs	1845	Drilling.UI.Menu.Menus.CMenuReview.ValidateRuleFileName(string)	nameWithoutExtension.Any	-	열거를 수행하는 호출자 스레드	기존 LINQ 열거 시점	기존 열거 시 호출자에게 전달	낮음	이름 있는 조건/선택 메서드 또는 for/foreach
SwitchExpression	Drilling.UI	Drilling.UI/Menu/Menus/CMenuReview.cs	1878	Drilling.UI.Menu.Menus.CMenuReview.ToStateText(Drilling.Common.Review.EN_REVIEW_POINT_STATE)	ReturnStatement	-	호출자 스레드	기존 식 평가 시점	기존 호출자에게 직접 전달	중간	일반 switch 문과 명시적 return/대입
ExpressionBody	Drilling.UI	Drilling.UI/Menu/Menus/CMenuReview.cs	1933	Drilling.UI.Menu.Menus.ST_REVIEW_SET_ROW.StateBrush.get	PropertyDeclaration	-	호출자 스레드	기존 식 평가 시점	기존 호출자에게 직접 전달	낮음	블록 본문과 명시적 return/get/set
ExpressionBody	Drilling.UI	Drilling.UI/Menu/Menus/CMenuReview.cs	1945	Drilling.UI.Menu.Menus.ST_REVIEW_RUN_HOLE_ROW.StateBrush.get	PropertyDeclaration	-	호출자 스레드	기존 식 평가 시점	기존 호출자에게 직접 전달	낮음	블록 본문과 명시적 return/get/set
ExpressionBody	Drilling.UI	Drilling.UI/Menu/Menus/CMenuReview.cs	1947	Drilling.UI.Menu.Menus.ST_REVIEW_RUN_HOLE_ROW.BorderBrush.get	PropertyDeclaration	-	호출자 스레드	기존 식 평가 시점	기존 호출자에게 직접 전달	낮음	블록 본문과 명시적 return/get/set
ExpressionBody	Drilling.UI	Drilling.UI/Menu/Menus/CMenuReview.cs	1951	Drilling.UI.Menu.Menus.ST_REVIEW_RUN_HOLE_ROW.BackgroundBrush.get	PropertyDeclaration	-	호출자 스레드	기존 식 평가 시점	기존 호출자에게 직접 전달	낮음	블록 본문과 명시적 return/get/set
SwitchExpression	Drilling.UI	Drilling.UI/Menu/Menus/CMenuReview.cs	1973	Drilling.UI.Menu.Menus.CReviewStatusBrush.ForState(string)	ReturnStatement	-	호출자 스레드	기존 식 평가 시점	기존 호출자에게 직접 전달	중간	일반 switch 문과 명시적 return/대입
SwitchExpression	Drilling.UI	Drilling.UI/Menu/Menus/CMenuReview.cs	1986	Drilling.UI.Menu.Menus.CReviewStatusBrush.ForState(Drilling.Common.Review.EN_REVIEW_POINT_STATE)	ReturnStatement	-	호출자 스레드	기존 식 평가 시점	기존 호출자에게 직접 전달	중간	일반 switch 문과 명시적 return/대입
ExpressionBody	Drilling.UI	Drilling.UI/Menu/Menus/CMenuReview.cs	2031	Drilling.UI.Menu.Menus.ST_REVIEW_POINT_SELECT_ROW.UseText.get	PropertyDeclaration	-	호출자 스레드	기존 식 평가 시점	기존 호출자에게 직접 전달	낮음	블록 본문과 명시적 return/get/set
ExpressionBody	Drilling.UI	Drilling.UI/Menu/Menus/CMenuReview.cs	2033	Drilling.UI.Menu.Menus.ST_REVIEW_POINT_SELECT_ROW.StateText.get	PropertyDeclaration	-	호출자 스레드	기존 식 평가 시점	기존 호출자에게 직접 전달	낮음	블록 본문과 명시적 return/get/set
ExpressionBody	Drilling.UI	Drilling.UI/Menu/Menus/CMenuReview.cs	2035	Drilling.UI.Menu.Menus.ST_REVIEW_POINT_SELECT_ROW.UseBrush.get	PropertyDeclaration	-	호출자 스레드	기존 식 평가 시점	기존 호출자에게 직접 전달	낮음	블록 본문과 명시적 return/get/set
ExpressionBody	Drilling.UI	Drilling.UI/Menu/Menus/CMenuReview.cs	2037	Drilling.UI.Menu.Menus.ST_REVIEW_POINT_SELECT_ROW.BorderBrush.get	PropertyDeclaration	-	호출자 스레드	기존 식 평가 시점	기존 호출자에게 직접 전달	낮음	블록 본문과 명시적 return/get/set
ExpressionBody	Drilling.UI	Drilling.UI/Menu/Menus/CMenuReview.cs	2039	Drilling.UI.Menu.Menus.ST_REVIEW_POINT_SELECT_ROW.BackgroundBrush.get	PropertyDeclaration	-	호출자 스레드	기존 식 평가 시점	기존 호출자에게 직접 전달	낮음	블록 본문과 명시적 return/get/set
ExpressionBody	Drilling.UI	Drilling.UI/Menu/Menus/CMenuReview.cs	2055	Drilling.UI.Menu.Menus.ST_REVIEW_RESULT_ROW.JudgeBrush.get	PropertyDeclaration	-	호출자 스레드	기존 식 평가 시점	기존 호출자에게 직접 전달	낮음	블록 본문과 명시적 return/get/set
ExpressionBody	Drilling.UI	Drilling.UI/Menu/Menus/CMenuReview.cs	2065	Drilling.UI.Menu.Menus.ST_REVIEW_HISTORY_ROW.ResultBrush.get	PropertyDeclaration	-	호출자 스레드	기존 식 평가 시점	기존 호출자에게 직접 전달	낮음	블록 본문과 명시적 return/get/set
Lambda	Drilling.UI	Drilling.UI/Menu/Menus/CMenuSetting.cs	60	Drilling.UI.Menu.Menus.CMenuSetting.CMenuSetting(Drilling.Common.Managers.ISettingManager, System.Func<string>, System.Action<string>, System.Func<string>, System.Action<string>, System.Func<Drilling.UI.Menu.Menus.CMenuSetting?>, System.Action<string>, System.Action<Drilling.UI.Menu.Menus.EN_MENU, string>, System.Action, System.Func<System.Threading.Tasks.Task>)	Argument	this	호출자 스레드	기존 식 평가 시점	기존 호출자에게 직접 전달	중간	이름 있는 메서드 또는 명시적 반복문
Lambda	Drilling.UI	Drilling.UI/Menu/Menus/CMenuSetting.cs	61	Drilling.UI.Menu.Menus.CMenuSetting.CMenuSetting(Drilling.Common.Managers.ISettingManager, System.Func<string>, System.Action<string>, System.Func<string>, System.Action<string>, System.Func<Drilling.UI.Menu.Menus.CMenuSetting?>, System.Action<string>, System.Action<Drilling.UI.Menu.Menus.EN_MENU, string>, System.Action, System.Func<System.Threading.Tasks.Task>)	Argument	this	호출자 스레드	기존 식 평가 시점	기존 호출자에게 직접 전달	중간	이름 있는 메서드 또는 명시적 반복문
Lambda	Drilling.UI	Drilling.UI/Menu/Menus/CMenuSetting.cs	62	Drilling.UI.Menu.Menus.CMenuSetting.CMenuSetting(Drilling.Common.Managers.ISettingManager, System.Func<string>, System.Action<string>, System.Func<string>, System.Action<string>, System.Func<Drilling.UI.Menu.Menus.CMenuSetting?>, System.Action<string>, System.Action<Drilling.UI.Menu.Menus.EN_MENU, string>, System.Action, System.Func<System.Threading.Tasks.Task>)	Argument	this	호출자 스레드	기존 식 평가 시점	기존 호출자에게 직접 전달	중간	이름 있는 메서드 또는 명시적 반복문
Lambda	Drilling.UI	Drilling.UI/Menu/Menus/CMenuSetting.cs	62	Drilling.UI.Menu.Menus.CMenuSetting.CMenuSetting(Drilling.Common.Managers.ISettingManager, System.Func<string>, System.Action<string>, System.Func<string>, System.Action<string>, System.Func<Drilling.UI.Menu.Menus.CMenuSetting?>, System.Action<string>, System.Action<Drilling.UI.Menu.Menus.EN_MENU, string>, System.Action, System.Func<System.Threading.Tasks.Task>)	Argument	this	호출자 스레드	기존 식 평가 시점	기존 호출자에게 직접 전달	중간	이름 있는 메서드 또는 명시적 반복문
Lambda	Drilling.UI	Drilling.UI/Menu/Menus/CMenuSetting.cs	63	Drilling.UI.Menu.Menus.CMenuSetting.CMenuSetting(Drilling.Common.Managers.ISettingManager, System.Func<string>, System.Action<string>, System.Func<string>, System.Action<string>, System.Func<Drilling.UI.Menu.Menus.CMenuSetting?>, System.Action<string>, System.Action<Drilling.UI.Menu.Menus.EN_MENU, string>, System.Action, System.Func<System.Threading.Tasks.Task>)	Argument	this	호출자 스레드	기존 식 평가 시점	기존 호출자에게 직접 전달	중간	이름 있는 메서드 또는 명시적 반복문
Lambda	Drilling.UI	Drilling.UI/Menu/Menus/CMenuSetting.cs	63	Drilling.UI.Menu.Menus.CMenuSetting.CMenuSetting(Drilling.Common.Managers.ISettingManager, System.Func<string>, System.Action<string>, System.Func<string>, System.Action<string>, System.Func<Drilling.UI.Menu.Menus.CMenuSetting?>, System.Action<string>, System.Action<Drilling.UI.Menu.Menus.EN_MENU, string>, System.Action, System.Func<System.Threading.Tasks.Task>)	Argument	this	호출자 스레드	기존 식 평가 시점	기존 호출자에게 직접 전달	중간	이름 있는 메서드 또는 명시적 반복문
Lambda	Drilling.UI	Drilling.UI/Menu/Menus/CMenuSetting.cs	64	Drilling.UI.Menu.Menus.CMenuSetting.CMenuSetting(Drilling.Common.Managers.ISettingManager, System.Func<string>, System.Action<string>, System.Func<string>, System.Action<string>, System.Func<Drilling.UI.Menu.Menus.CMenuSetting?>, System.Action<string>, System.Action<Drilling.UI.Menu.Menus.EN_MENU, string>, System.Action, System.Func<System.Threading.Tasks.Task>)	Argument	this	호출자 스레드	기존 식 평가 시점	기존 호출자에게 직접 전달	중간	이름 있는 메서드 또는 명시적 반복문
Lambda	Drilling.UI	Drilling.UI/Menu/Menus/CMenuSetting.cs	65	Drilling.UI.Menu.Menus.CMenuSetting.CMenuSetting(Drilling.Common.Managers.ISettingManager, System.Func<string>, System.Action<string>, System.Func<string>, System.Action<string>, System.Func<Drilling.UI.Menu.Menus.CMenuSetting?>, System.Action<string>, System.Action<Drilling.UI.Menu.Menus.EN_MENU, string>, System.Action, System.Func<System.Threading.Tasks.Task>)	Argument	this	호출자 스레드	기존 식 평가 시점	기존 호출자에게 직접 전달	중간	이름 있는 메서드 또는 명시적 반복문
Lambda	Drilling.UI	Drilling.UI/Menu/Menus/CMenuSetting.cs	66	Drilling.UI.Menu.Menus.CMenuSetting.CMenuSetting(Drilling.Common.Managers.ISettingManager, System.Func<string>, System.Action<string>, System.Func<string>, System.Action<string>, System.Func<Drilling.UI.Menu.Menus.CMenuSetting?>, System.Action<string>, System.Action<Drilling.UI.Menu.Menus.EN_MENU, string>, System.Action, System.Func<System.Threading.Tasks.Task>)	Argument	this	호출자 스레드	기존 식 평가 시점	기존 호출자에게 직접 전달	중간	이름 있는 메서드 또는 명시적 반복문
ExpressionBody	Drilling.UI	Drilling.UI/Menu/Menus/CMenuSetting.cs	69	Drilling.UI.Menu.Menus.CMenuSetting.Menu.get	PropertyDeclaration	-	호출자 스레드	기존 식 평가 시점	기존 호출자에게 직접 전달	낮음	블록 본문과 명시적 return/get/set
ExpressionBody	Drilling.UI	Drilling.UI/Menu/Menus/CMenuSetting.cs	109	Drilling.UI.Menu.Menus.CMenuSetting.IsInterfaceTab.get	PropertyDeclaration	-	호출자 스레드	기존 식 평가 시점	기존 호출자에게 직접 전달	낮음	블록 본문과 명시적 return/get/set
ExpressionBody	Drilling.UI	Drilling.UI/Menu/Menus/CMenuSetting.cs	111	Drilling.UI.Menu.Menus.CMenuSetting.IsParameterTab.get	PropertyDeclaration	-	호출자 스레드	기존 식 평가 시점	기존 호출자에게 직접 전달	낮음	블록 본문과 명시적 return/get/set
ExpressionBody	Drilling.UI	Drilling.UI/Menu/Menus/CMenuSetting.cs	115	Drilling.UI.Menu.Menus.CMenuSetting.SelectedInterfaceRow.get	GetAccessorDeclaration	-	호출자 스레드	기존 식 평가 시점	기존 호출자에게 직접 전달	낮음	블록 본문과 명시적 return/get/set
ExpressionBody	Drilling.UI	Drilling.UI/Menu/Menus/CMenuSetting.cs	142	Drilling.UI.Menu.Menus.CMenuSetting.CanOperateSelectedInterface.get	PropertyDeclaration	-	호출자 스레드	기존 식 평가 시점	기존 호출자에게 직접 전달	낮음	블록 본문과 명시적 return/get/set
Lambda	Drilling.UI	Drilling.UI/Menu/Menus/CMenuSetting.cs	156	Drilling.UI.Menu.Menus.CMenuSetting.Build(System.Threading.CancellationToken)	sectionParameters.Select	-	열거를 수행하는 호출자 스레드	기존 LINQ 열거 시점	기존 열거 시 호출자에게 전달	낮음	이름 있는 조건/선택 메서드 또는 for/foreach
Lambda	Drilling.UI	Drilling.UI/Menu/Menus/CMenuSetting.cs	180	Drilling.UI.Menu.Menus.CMenuSetting.Build(System.Threading.CancellationToken)	allRows.Where	selectedGroup	열거를 수행하는 호출자 스레드	기존 LINQ 열거 시점	기존 열거 시 호출자에게 전달	중간	이름 있는 조건/선택 메서드 또는 for/foreach
Lambda	Drilling.UI	Drilling.UI/Menu/Menus/CMenuSetting.cs	183	Drilling.UI.Menu.Menus.CMenuSetting.Build(System.Threading.CancellationToken)	allInterfaceRows.Where	selectedGroup	열거를 수행하는 호출자 스레드	기존 LINQ 열거 시점	기존 열거 시 호출자에게 전달	중간	이름 있는 조건/선택 메서드 또는 for/foreach
Lambda	Drilling.UI	Drilling.UI/Menu/Menus/CMenuSetting.cs	192	Drilling.UI.Menu.Menus.CMenuSetting.Build(System.Threading.CancellationToken)	groups.Select	selectedGroup	열거를 수행하는 호출자 스레드	기존 LINQ 열거 시점	기존 열거 시 호출자에게 전달	중간	이름 있는 조건/선택 메서드 또는 for/foreach
Lambda	Drilling.UI	Drilling.UI/Menu/Menus/CMenuSetting.cs	345	Drilling.UI.Menu.Menus.CMenuSetting.Save()	AllParameterRows              .Select	section	열거를 수행하는 호출자 스레드	기존 LINQ 열거 시점	기존 열거 시 호출자에게 전달	중간	이름 있는 조건/선택 메서드 또는 for/foreach
Lambda	Drilling.UI	Drilling.UI/Menu/Menus/CMenuSetting.cs	463	Drilling.UI.Menu.Menus.CMenuSetting.GetSelectedInterfaceRow(System.Collections.Generic.IReadOnlyList<Drilling.UI.Menu.Menus.ST_SETTING_INTERFACE_ROW>, Drilling.UI.Menu.Menus.ST_SETTING_INTERFACE_ROW?)	rows.FirstOrDefault	current	열거를 수행하는 호출자 스레드	기존 LINQ 열거 시점	기존 열거 시 호출자에게 전달	중간	이름 있는 조건/선택 메서드 또는 for/foreach
Lambda	Drilling.UI	Drilling.UI/Menu/Menus/CMenuSetting.cs	464	Drilling.UI.Menu.Menus.CMenuSetting.GetSelectedInterfaceRow(System.Collections.Generic.IReadOnlyList<Drilling.UI.Menu.Menus.ST_SETTING_INTERFACE_ROW>, Drilling.UI.Menu.Menus.ST_SETTING_INTERFACE_ROW?)	rows.FirstOrDefault	current	열거를 수행하는 호출자 스레드	기존 LINQ 열거 시점	기존 열거 시 호출자에게 전달	중간	이름 있는 조건/선택 메서드 또는 for/foreach
Lambda	Drilling.UI	Drilling.UI/Menu/Menus/CMenuSetting.cs	496	Drilling.UI.Menu.Menus.CMenuSetting.BuildTabs(string)	Sections              .Select	-	열거를 수행하는 호출자 스레드	기존 LINQ 열거 시점	기존 열거 시 호출자에게 전달	낮음	이름 있는 조건/선택 메서드 또는 for/foreach
Lambda	Drilling.UI	Drilling.UI/Menu/Menus/CMenuSetting.cs	497	Drilling.UI.Menu.Menus.CMenuSetting.BuildTabs(string)	Sections              .Select(section => ToTabText(section))              .Select	selectedTab	열거를 수행하는 호출자 스레드	기존 LINQ 열거 시점	기존 열거 시 호출자에게 전달	중간	이름 있는 조건/선택 메서드 또는 for/foreach
Lambda	Drilling.UI	Drilling.UI/Menu/Menus/CMenuSetting.cs	505	Drilling.UI.Menu.Menus.CMenuSetting.BuildParameterRows(System.Collections.Generic.IReadOnlyList<Drilling.Common.Managers.ST_SYSTEM_PARAMETER>)	parameters              .Where	-	열거를 수행하는 호출자 스레드	기존 LINQ 열거 시점	기존 열거 시 호출자에게 전달	낮음	이름 있는 조건/선택 메서드 또는 for/foreach
Lambda	Drilling.UI	Drilling.UI/Menu/Menus/CMenuSetting.cs	506	Drilling.UI.Menu.Menus.CMenuSetting.BuildParameterRows(System.Collections.Generic.IReadOnlyList<Drilling.Common.Managers.ST_SYSTEM_PARAMETER>)	parameters              .Where(parameter => parameter.Show && parameter.Use)              .Select	-	열거를 수행하는 호출자 스레드	기존 LINQ 열거 시점	기존 열거 시 호출자에게 전달	낮음	이름 있는 조건/선택 메서드 또는 for/foreach
Lambda	Drilling.UI	Drilling.UI/Menu/Menus/CMenuSetting.cs	525	Drilling.UI.Menu.Menus.CMenuSetting.BuildGroups(System.Collections.Generic.IReadOnlyList<Drilling.UI.Menu.Menus.ST_SYSTEM_PARAMETER_ROW>)	rows              .Select	-	열거를 수행하는 호출자 스레드	기존 LINQ 열거 시점	기존 열거 시 호출자에게 전달	낮음	이름 있는 조건/선택 메서드 또는 for/foreach
Lambda	Drilling.UI	Drilling.UI/Menu/Menus/CMenuSetting.cs	526	Drilling.UI.Menu.Menus.CMenuSetting.BuildGroups(System.Collections.Generic.IReadOnlyList<Drilling.UI.Menu.Menus.ST_SYSTEM_PARAMETER_ROW>)	rows              .Select(row => row.Group)              .Where	-	열거를 수행하는 호출자 스레드	기존 LINQ 열거 시점	기존 열거 시 호출자에게 전달	낮음	이름 있는 조건/선택 메서드 또는 for/foreach
Lambda	Drilling.UI	Drilling.UI/Menu/Menus/CMenuSetting.cs	536	Drilling.UI.Menu.Menus.CMenuSetting.BuildInterfaceGroups(System.Collections.Generic.IReadOnlyList<Drilling.UI.Menu.Menus.ST_SETTING_INTERFACE_ROW>)	rows              .Select	-	열거를 수행하는 호출자 스레드	기존 LINQ 열거 시점	기존 열거 시 호출자에게 전달	낮음	이름 있는 조건/선택 메서드 또는 for/foreach
Lambda	Drilling.UI	Drilling.UI/Menu/Menus/CMenuSetting.cs	537	Drilling.UI.Menu.Menus.CMenuSetting.BuildInterfaceGroups(System.Collections.Generic.IReadOnlyList<Drilling.UI.Menu.Menus.ST_SETTING_INTERFACE_ROW>)	rows              .Select(row => row.Type)              .Where	-	열거를 수행하는 호출자 스레드	기존 LINQ 열거 시점	기존 열거 시 호출자에게 전달	낮음	이름 있는 조건/선택 메서드 또는 for/foreach
Lambda	Drilling.UI	Drilling.UI/Menu/Menus/CMenuSetting.cs	548	Drilling.UI.Menu.Menus.CMenuSetting.BuildHistoryItems(System.Collections.Generic.IReadOnlyList<Drilling.Common.Managers.ST_SETTING_HISTORY>)	history              .Select	-	열거를 수행하는 호출자 스레드	기존 LINQ 열거 시점	기존 열거 시 호출자에게 전달	낮음	이름 있는 조건/선택 메서드 또는 for/foreach
Lambda	Drilling.UI	Drilling.UI/Menu/Menus/CMenuSetting.cs	559	Drilling.UI.Menu.Menus.CMenuSetting.BuildHistoryRows(System.Collections.Generic.IReadOnlyList<Drilling.Common.Managers.ST_SETTING_HISTORY>)	history              .Where	-	열거를 수행하는 호출자 스레드	기존 LINQ 열거 시점	기존 열거 시 호출자에게 전달	낮음	이름 있는 조건/선택 메서드 또는 for/foreach
Lambda	Drilling.UI	Drilling.UI/Menu/Menus/CMenuSetting.cs	560	Drilling.UI.Menu.Menus.CMenuSetting.BuildHistoryRows(System.Collections.Generic.IReadOnlyList<Drilling.Common.Managers.ST_SETTING_HISTORY>)	history              .Where(item => !item.Action.Equals("SAVE", StringComparison.OrdinalIgnoreCase))              .Select	-	열거를 수행하는 호출자 스레드	기존 LINQ 열거 시점	기존 열거 시 호출자에게 전달	낮음	이름 있는 조건/선택 메서드 또는 for/foreach
Lambda	Drilling.UI	Drilling.UI/Menu/Menus/CMenuSetting.cs	578	Drilling.UI.Menu.Menus.CMenuSetting.BuildSummaryRows(string, System.Collections.Generic.IReadOnlyList<Drilling.UI.Menu.Menus.ST_SYSTEM_PARAMETER_ROW>, System.Collections.Generic.IReadOnlyList<Drilling.UI.Menu.Menus.ST_SETTING_INTERFACE_ROW>, System.Collections.Generic.IReadOnlyList<Drilling.Common.Managers.ST_SETTING_HISTORY>)	interfaceRows.Count	-	열거를 수행하는 호출자 스레드	기존 LINQ 열거 시점	기존 열거 시 호출자에게 전달	낮음	이름 있는 조건/선택 메서드 또는 for/foreach
Lambda	Drilling.UI	Drilling.UI/Menu/Menus/CMenuSetting.cs	579	Drilling.UI.Menu.Menus.CMenuSetting.BuildSummaryRows(string, System.Collections.Generic.IReadOnlyList<Drilling.UI.Menu.Menus.ST_SYSTEM_PARAMETER_ROW>, System.Collections.Generic.IReadOnlyList<Drilling.UI.Menu.Menus.ST_SETTING_INTERFACE_ROW>, System.Collections.Generic.IReadOnlyList<Drilling.Common.Managers.ST_SETTING_HISTORY>)	rows.Count	-	열거를 수행하는 호출자 스레드	기존 LINQ 열거 시점	기존 열거 시 호출자에게 전달	낮음	이름 있는 조건/선택 메서드 또는 for/foreach
Lambda	Drilling.UI	Drilling.UI/Menu/Menus/CMenuSetting.cs	580	Drilling.UI.Menu.Menus.CMenuSetting.BuildSummaryRows(string, System.Collections.Generic.IReadOnlyList<Drilling.UI.Menu.Menus.ST_SYSTEM_PARAMETER_ROW>, System.Collections.Generic.IReadOnlyList<Drilling.UI.Menu.Menus.ST_SETTING_INTERFACE_ROW>, System.Collections.Generic.IReadOnlyList<Drilling.Common.Managers.ST_SETTING_HISTORY>)	history.FirstOrDefault	-	열거를 수행하는 호출자 스레드	기존 LINQ 열거 시점	기존 열거 시 호출자에게 전달	낮음	이름 있는 조건/선택 메서드 또는 for/foreach
Lambda	Drilling.UI	Drilling.UI/Menu/Menus/CMenuSetting.cs	593	Drilling.UI.Menu.Menus.CMenuSetting.BuildInterfaceRows(System.Collections.Generic.IReadOnlyList<Drilling.Common.Interface.ST_INTERFACE_DATA>)	interfaces              .OrderBy	-	열거를 수행하는 호출자 스레드	기존 LINQ 열거 시점	기존 열거 시 호출자에게 전달	낮음	이름 있는 조건/선택 메서드 또는 for/foreach
Lambda	Drilling.UI	Drilling.UI/Menu/Menus/CMenuSetting.cs	594	Drilling.UI.Menu.Menus.CMenuSetting.BuildInterfaceRows(System.Collections.Generic.IReadOnlyList<Drilling.Common.Interface.ST_INTERFACE_DATA>)	interfaces              .OrderBy(item => item.Device)              .ThenBy	-	열거를 수행하는 호출자 스레드	기존 LINQ 열거 시점	기존 열거 시 호출자에게 전달	낮음	이름 있는 조건/선택 메서드 또는 for/foreach
Lambda	Drilling.UI	Drilling.UI/Menu/Menus/CMenuSetting.cs	595	Drilling.UI.Menu.Menus.CMenuSetting.BuildInterfaceRows(System.Collections.Generic.IReadOnlyList<Drilling.Common.Interface.ST_INTERFACE_DATA>)	interfaces              .OrderBy(item => item.Device)              .ThenBy(item => item.Number)              .ThenBy	-	열거를 수행하는 호출자 스레드	기존 LINQ 열거 시점	기존 열거 시 호출자에게 전달	낮음	이름 있는 조건/선택 메서드 또는 for/foreach
Lambda	Drilling.UI	Drilling.UI/Menu/Menus/CMenuSetting.cs	596	Drilling.UI.Menu.Menus.CMenuSetting.BuildInterfaceRows(System.Collections.Generic.IReadOnlyList<Drilling.Common.Interface.ST_INTERFACE_DATA>)	interfaces              .OrderBy(item => item.Device)              .ThenBy(item => item.Number)              .ThenBy(item => item.NickName, StringComparer.OrdinalIgnoreCase)              .Select	-	열거를 수행하는 호출자 스레드	기존 LINQ 열거 시점	기존 열거 시 호출자에게 전달	낮음	이름 있는 조건/선택 메서드 또는 for/foreach
Lambda	Drilling.UI	Drilling.UI/Menu/Menus/CMenuSetting.cs	626	Drilling.UI.Menu.Menus.CMenuSetting.ToInterfaceData(System.Collections.Generic.IReadOnlyList<Drilling.UI.Menu.Menus.ST_SETTING_INTERFACE_ROW>)	rows              .Select	-	열거를 수행하는 호출자 스레드	기존 LINQ 열거 시점	기존 열거 시 호출자에게 전달	낮음	이름 있는 조건/선택 메서드 또는 for/foreach
SwitchExpression	Drilling.UI	Drilling.UI/Menu/Menus/CMenuSetting.cs	641	Drilling.UI.Menu.Menus.CMenuSetting.ParseInterfaceType(string)	ReturnStatement	-	호출자 스레드	기존 식 평가 시점	기존 호출자에게 직접 전달	중간	일반 switch 문과 명시적 return/대입
SwitchExpression	Drilling.UI	Drilling.UI/Menu/Menus/CMenuSetting.cs	661	Drilling.UI.Menu.Menus.CMenuSetting.ParseDevice(string)	ReturnStatement	-	호출자 스레드	기존 식 평가 시점	기존 호출자에게 직접 전달	중간	일반 switch 문과 명시적 return/대입
SwitchExpression	Drilling.UI	Drilling.UI/Menu/Menus/CMenuSetting.cs	680	Drilling.UI.Menu.Menus.CMenuSetting.InterfaceTypeText(Drilling.Common.Interface.EN_INTERFACE_TYPE)	ReturnStatement	-	호출자 스레드	기존 식 평가 시점	기존 호출자에게 직접 전달	중간	일반 switch 문과 명시적 return/대입
SwitchExpression	Drilling.UI	Drilling.UI/Menu/Menus/CMenuSetting.cs	700	Drilling.UI.Menu.Menus.CMenuSetting.DeviceText(Drilling.Common.Interface.EN_EQP_MODULE)	ReturnStatement	-	호출자 스레드	기존 식 평가 시점	기존 호출자에게 직접 전달	중간	일반 switch 문과 명시적 return/대입
SwitchExpression	Drilling.UI	Drilling.UI/Menu/Menus/CMenuSetting.cs	734	Drilling.UI.Menu.Menus.CMenuSetting.ReadBool(string, string, string)	ReturnStatement	-	호출자 스레드	기존 식 평가 시점	기존 호출자에게 직접 전달	중간	일반 switch 문과 명시적 return/대입
Lambda	Drilling.UI	Drilling.UI/Menu/Menus/CMenuSetting.cs	770	Drilling.UI.Menu.Menus.CMenuSetting.NormalizeGroup(string, System.Collections.Generic.IReadOnlyList<string>)	groups.Any	normalized	열거를 수행하는 호출자 스레드	기존 LINQ 열거 시점	기존 열거 시 호출자에게 전달	중간	이름 있는 조건/선택 메서드 또는 for/foreach
SwitchExpression	Drilling.UI	Drilling.UI/Menu/Menus/CMenuSetting.cs	803	Drilling.UI.Menu.Menus.CMenuSetting.ToSection(string)	ReturnStatement	-	호출자 스레드	기존 식 평가 시점	기존 호출자에게 직접 전달	중간	일반 switch 문과 명시적 return/대입
SwitchExpression	Drilling.UI	Drilling.UI/Menu/Menus/CMenuSetting.cs	815	Drilling.UI.Menu.Menus.CMenuSetting.ToTabText(Drilling.Common.Managers.EN_SETTING_TAB)	ReturnStatement	-	호출자 스레드	기존 식 평가 시점	기존 호출자에게 직접 전달	중간	일반 switch 문과 명시적 return/대입
ExpressionBody	Drilling.UI	Drilling.UI/Menu/Menus/CMenuSetting.cs	887	Drilling.UI.Menu.Menus.ST_SYSTEM_PARAMETER_ROW.Value.get	GetAccessorDeclaration	-	호출자 스레드	기존 식 평가 시점	기존 호출자에게 직접 전달	낮음	블록 본문과 명시적 return/get/set
ExpressionBody	Drilling.UI	Drilling.UI/Menu/Menus/CMenuSetting.cs	912	Drilling.UI.Menu.Menus.ST_SYSTEM_PARAMETER_ROW.IsVisionFlipOption.get	PropertyDeclaration	-	호출자 스레드	기존 식 평가 시점	기존 호출자에게 직접 전달	낮음	블록 본문과 명시적 return/get/set
ExpressionBody	Drilling.UI	Drilling.UI/Menu/Menus/CMenuSetting.cs	917	Drilling.UI.Menu.Menus.ST_SYSTEM_PARAMETER_ROW.IsBoolean.get	PropertyDeclaration	-	호출자 스레드	기존 식 평가 시점	기존 호출자에게 직접 전달	낮음	블록 본문과 명시적 return/get/set
ExpressionBody	Drilling.UI	Drilling.UI/Menu/Menus/CMenuSetting.cs	919	Drilling.UI.Menu.Menus.ST_SYSTEM_PARAMETER_ROW.UsesSelectionEditor.get	PropertyDeclaration	-	호출자 스레드	기존 식 평가 시점	기존 호출자에게 직접 전달	낮음	블록 본문과 명시적 return/get/set
ExpressionBody	Drilling.UI	Drilling.UI/Menu/Menus/CMenuSetting.cs	921	Drilling.UI.Menu.Menus.ST_SYSTEM_PARAMETER_ROW.ValueOptions.get	PropertyDeclaration	-	호출자 스레드	기존 식 평가 시점	기존 호출자에게 직접 전달	낮음	블록 본문과 명시적 return/get/set
ExpressionBody	Drilling.UI	Drilling.UI/Menu/Menus/CMenuSetting.cs	928	Drilling.UI.Menu.Menus.ST_SYSTEM_PARAMETER_ROW.OriginalValue.get	PropertyDeclaration	-	호출자 스레드	기존 식 평가 시점	기존 호출자에게 직접 전달	낮음	블록 본문과 명시적 return/get/set
ExpressionBody	Drilling.UI	Drilling.UI/Menu/Menus/CMenuSetting.cs	930	Drilling.UI.Menu.Menus.ST_SYSTEM_PARAMETER_ROW.IsModified.get	PropertyDeclaration	-	호출자 스레드	기존 식 평가 시점	기존 호출자에게 직접 전달	낮음	블록 본문과 명시적 return/get/set
ExpressionBody	Drilling.UI	Drilling.UI/Menu/Menus/CMenuSetting.cs	932	Drilling.UI.Menu.Menus.ST_SYSTEM_PARAMETER_ROW.ModifiedText.get	PropertyDeclaration	-	호출자 스레드	기존 식 평가 시점	기존 호출자에게 직접 전달	낮음	블록 본문과 명시적 return/get/set
ExpressionBody	Drilling.UI	Drilling.UI/Menu/Menus/CMenuSetting.cs	936	Drilling.UI.Menu.Menus.ST_SYSTEM_PARAMETER_ROW.ValueState.get	GetAccessorDeclaration	-	호출자 스레드	기존 식 평가 시점	기존 호출자에게 직접 전달	낮음	블록 본문과 명시적 return/get/set
ExpressionBody	Drilling.UI	Drilling.UI/Menu/Menus/CMenuSetting.cs	946	Drilling.UI.Menu.Menus.ST_SYSTEM_PARAMETER_ROW.ValueBrush.get	PropertyDeclaration	-	호출자 스레드	기존 식 평가 시점	기존 호출자에게 직접 전달	낮음	블록 본문과 명시적 return/get/set
SwitchExpression	Drilling.UI	Drilling.UI/Menu/Menus/CMenuSetting.cs	946	Drilling.UI.Menu.Menus.ST_SYSTEM_PARAMETER_ROW.ValueBrush.get	ArrowExpressionClause	-	호출자 스레드	기존 식 평가 시점	기존 호출자에게 직접 전달	중간	일반 switch 문과 명시적 return/대입
ExpressionBody	Drilling.UI	Drilling.UI/Menu/Menus/CMenuSetting.cs	953	Drilling.UI.Menu.Menus.ST_SYSTEM_PARAMETER_ROW.ModifiedBrush.get	PropertyDeclaration	-	호출자 스레드	기존 식 평가 시점	기존 호출자에게 직접 전달	낮음	블록 본문과 명시적 return/get/set
ExpressionBody	Drilling.UI	Drilling.UI/Menu/Menus/CMenuSetting.cs	978	Drilling.UI.Menu.Menus.ST_SETTING_HISTORY_ROW.AfterBrush.get	PropertyDeclaration	-	호출자 스레드	기존 식 평가 시점	기존 호출자에게 직접 전달	낮음	블록 본문과 명시적 return/get/set
SwitchExpression	Drilling.UI	Drilling.UI/Menu/Menus/CMenuSetting.cs	978	Drilling.UI.Menu.Menus.ST_SETTING_HISTORY_ROW.AfterBrush.get	ArrowExpressionClause	-	호출자 스레드	기존 식 평가 시점	기존 호출자에게 직접 전달	중간	일반 switch 문과 명시적 return/대입
ExpressionBody	Drilling.UI	Drilling.UI/Menu/Menus/CMenuSetting.cs	990	Drilling.UI.Menu.Menus.ST_SETTING_SUMMARY_ROW.ValueBrush.get	PropertyDeclaration	-	호출자 스레드	기존 식 평가 시점	기존 호출자에게 직접 전달	낮음	블록 본문과 명시적 return/get/set
SwitchExpression	Drilling.UI	Drilling.UI/Menu/Menus/CMenuSetting.cs	990	Drilling.UI.Menu.Menus.ST_SETTING_SUMMARY_ROW.ValueBrush.get	ArrowExpressionClause	-	호출자 스레드	기존 식 평가 시점	기존 호출자에게 직접 전달	중간	일반 switch 문과 명시적 return/대입
ExpressionBody	Drilling.UI	Drilling.UI/Menu/Menus/CMenuSetting.cs	1084	Drilling.UI.Menu.Menus.ST_SETTING_INTERFACE_ROW.Type.get	GetAccessorDeclaration	-	호출자 스레드	기존 식 평가 시점	기존 호출자에게 직접 전달	낮음	블록 본문과 명시적 return/get/set
ExpressionBody	Drilling.UI	Drilling.UI/Menu/Menus/CMenuSetting.cs	1085	Drilling.UI.Menu.Menus.ST_SETTING_INTERFACE_ROW.Type.set	SetAccessorDeclaration	-	호출자 스레드	기존 식 평가 시점	기존 호출자에게 직접 전달	낮음	블록 본문과 명시적 return/get/set
ExpressionBody	Drilling.UI	Drilling.UI/Menu/Menus/CMenuSetting.cs	1090	Drilling.UI.Menu.Menus.ST_SETTING_INTERFACE_ROW.Device.get	GetAccessorDeclaration	-	호출자 스레드	기존 식 평가 시점	기존 호출자에게 직접 전달	낮음	블록 본문과 명시적 return/get/set
ExpressionBody	Drilling.UI	Drilling.UI/Menu/Menus/CMenuSetting.cs	1091	Drilling.UI.Menu.Menus.ST_SETTING_INTERFACE_ROW.Device.set	SetAccessorDeclaration	-	호출자 스레드	기존 식 평가 시점	기존 호출자에게 직접 전달	낮음	블록 본문과 명시적 return/get/set
ExpressionBody	Drilling.UI	Drilling.UI/Menu/Menus/CMenuSetting.cs	1096	Drilling.UI.Menu.Menus.ST_SETTING_INTERFACE_ROW.Number.get	GetAccessorDeclaration	-	호출자 스레드	기존 식 평가 시점	기존 호출자에게 직접 전달	낮음	블록 본문과 명시적 return/get/set
ExpressionBody	Drilling.UI	Drilling.UI/Menu/Menus/CMenuSetting.cs	1097	Drilling.UI.Menu.Menus.ST_SETTING_INTERFACE_ROW.Number.set	SetAccessorDeclaration	-	호출자 스레드	기존 식 평가 시점	기존 호출자에게 직접 전달	낮음	블록 본문과 명시적 return/get/set
ExpressionBody	Drilling.UI	Drilling.UI/Menu/Menus/CMenuSetting.cs	1102	Drilling.UI.Menu.Menus.ST_SETTING_INTERFACE_ROW.NickName.get	GetAccessorDeclaration	-	호출자 스레드	기존 식 평가 시점	기존 호출자에게 직접 전달	낮음	블록 본문과 명시적 return/get/set
ExpressionBody	Drilling.UI	Drilling.UI/Menu/Menus/CMenuSetting.cs	1103	Drilling.UI.Menu.Menus.ST_SETTING_INTERFACE_ROW.NickName.set	SetAccessorDeclaration	-	호출자 스레드	기존 식 평가 시점	기존 호출자에게 직접 전달	낮음	블록 본문과 명시적 return/get/set
ExpressionBody	Drilling.UI	Drilling.UI/Menu/Menus/CMenuSetting.cs	1108	Drilling.UI.Menu.Menus.ST_SETTING_INTERFACE_ROW.SystemSection.get	GetAccessorDeclaration	-	호출자 스레드	기존 식 평가 시점	기존 호출자에게 직접 전달	낮음	블록 본문과 명시적 return/get/set
ExpressionBody	Drilling.UI	Drilling.UI/Menu/Menus/CMenuSetting.cs	1109	Drilling.UI.Menu.Menus.ST_SETTING_INTERFACE_ROW.SystemSection.set	SetAccessorDeclaration	-	호출자 스레드	기존 식 평가 시점	기존 호출자에게 직접 전달	낮음	블록 본문과 명시적 return/get/set
ExpressionBody	Drilling.UI	Drilling.UI/Menu/Menus/CMenuSetting.cs	1114	Drilling.UI.Menu.Menus.ST_SETTING_INTERFACE_ROW.AutoConnection.get	GetAccessorDeclaration	-	호출자 스레드	기존 식 평가 시점	기존 호출자에게 직접 전달	낮음	블록 본문과 명시적 return/get/set
ExpressionBody	Drilling.UI	Drilling.UI/Menu/Menus/CMenuSetting.cs	1115	Drilling.UI.Menu.Menus.ST_SETTING_INTERFACE_ROW.AutoConnection.set	SetAccessorDeclaration	-	호출자 스레드	기존 식 평가 시점	기존 호출자에게 직접 전달	낮음	블록 본문과 명시적 return/get/set
ExpressionBody	Drilling.UI	Drilling.UI/Menu/Menus/CMenuSetting.cs	1120	Drilling.UI.Menu.Menus.ST_SETTING_INTERFACE_ROW.Simul.get	GetAccessorDeclaration	-	호출자 스레드	기존 식 평가 시점	기존 호출자에게 직접 전달	낮음	블록 본문과 명시적 return/get/set
ExpressionBody	Drilling.UI	Drilling.UI/Menu/Menus/CMenuSetting.cs	1121	Drilling.UI.Menu.Menus.ST_SETTING_INTERFACE_ROW.Simul.set	SetAccessorDeclaration	-	호출자 스레드	기존 식 평가 시점	기존 호출자에게 직접 전달	낮음	블록 본문과 명시적 return/get/set
ExpressionBody	Drilling.UI	Drilling.UI/Menu/Menus/CMenuSetting.cs	1126	Drilling.UI.Menu.Menus.ST_SETTING_INTERFACE_ROW.Arg1.get	GetAccessorDeclaration	-	호출자 스레드	기존 식 평가 시점	기존 호출자에게 직접 전달	낮음	블록 본문과 명시적 return/get/set
ExpressionBody	Drilling.UI	Drilling.UI/Menu/Menus/CMenuSetting.cs	1127	Drilling.UI.Menu.Menus.ST_SETTING_INTERFACE_ROW.Arg1.set	SetAccessorDeclaration	-	호출자 스레드	기존 식 평가 시점	기존 호출자에게 직접 전달	낮음	블록 본문과 명시적 return/get/set
ExpressionBody	Drilling.UI	Drilling.UI/Menu/Menus/CMenuSetting.cs	1132	Drilling.UI.Menu.Menus.ST_SETTING_INTERFACE_ROW.Arg2.get	GetAccessorDeclaration	-	호출자 스레드	기존 식 평가 시점	기존 호출자에게 직접 전달	낮음	블록 본문과 명시적 return/get/set
ExpressionBody	Drilling.UI	Drilling.UI/Menu/Menus/CMenuSetting.cs	1133	Drilling.UI.Menu.Menus.ST_SETTING_INTERFACE_ROW.Arg2.set	SetAccessorDeclaration	-	호출자 스레드	기존 식 평가 시점	기존 호출자에게 직접 전달	낮음	블록 본문과 명시적 return/get/set
ExpressionBody	Drilling.UI	Drilling.UI/Menu/Menus/CMenuSetting.cs	1138	Drilling.UI.Menu.Menus.ST_SETTING_INTERFACE_ROW.Arg3.get	GetAccessorDeclaration	-	호출자 스레드	기존 식 평가 시점	기존 호출자에게 직접 전달	낮음	블록 본문과 명시적 return/get/set
ExpressionBody	Drilling.UI	Drilling.UI/Menu/Menus/CMenuSetting.cs	1139	Drilling.UI.Menu.Menus.ST_SETTING_INTERFACE_ROW.Arg3.set	SetAccessorDeclaration	-	호출자 스레드	기존 식 평가 시점	기존 호출자에게 직접 전달	낮음	블록 본문과 명시적 return/get/set
ExpressionBody	Drilling.UI	Drilling.UI/Menu/Menus/CMenuSetting.cs	1144	Drilling.UI.Menu.Menus.ST_SETTING_INTERFACE_ROW.Arg4.get	GetAccessorDeclaration	-	호출자 스레드	기존 식 평가 시점	기존 호출자에게 직접 전달	낮음	블록 본문과 명시적 return/get/set
ExpressionBody	Drilling.UI	Drilling.UI/Menu/Menus/CMenuSetting.cs	1145	Drilling.UI.Menu.Menus.ST_SETTING_INTERFACE_ROW.Arg4.set	SetAccessorDeclaration	-	호출자 스레드	기존 식 평가 시점	기존 호출자에게 직접 전달	낮음	블록 본문과 명시적 return/get/set
ExpressionBody	Drilling.UI	Drilling.UI/Menu/Menus/CMenuSetting.cs	1150	Drilling.UI.Menu.Menus.ST_SETTING_INTERFACE_ROW.Arg5.get	GetAccessorDeclaration	-	호출자 스레드	기존 식 평가 시점	기존 호출자에게 직접 전달	낮음	블록 본문과 명시적 return/get/set
ExpressionBody	Drilling.UI	Drilling.UI/Menu/Menus/CMenuSetting.cs	1151	Drilling.UI.Menu.Menus.ST_SETTING_INTERFACE_ROW.Arg5.set	SetAccessorDeclaration	-	호출자 스레드	기존 식 평가 시점	기존 호출자에게 직접 전달	낮음	블록 본문과 명시적 return/get/set
ExpressionBody	Drilling.UI	Drilling.UI/Menu/Menus/CMenuSetting.cs	1154	Drilling.UI.Menu.Menus.ST_SETTING_INTERFACE_ROW.IsModified.get	PropertyDeclaration	-	호출자 스레드	기존 식 평가 시점	기존 호출자에게 직접 전달	낮음	블록 본문과 명시적 return/get/set
ExpressionBody	Drilling.UI	Drilling.UI/Menu/Menus/CMenuSetting.cs	1168	Drilling.UI.Menu.Menus.ST_SETTING_INTERFACE_ROW.IsSimulation.get	PropertyDeclaration	-	호출자 스레드	기존 식 평가 시점	기존 호출자에게 직접 전달	낮음	블록 본문과 명시적 return/get/set
SwitchExpression	Drilling.UI	Drilling.UI/Menu/Menus/CMenuSetting.cs	1168	Drilling.UI.Menu.Menus.ST_SETTING_INTERFACE_ROW.IsSimulation.get	ArrowExpressionClause	-	호출자 스레드	기존 식 평가 시점	기존 호출자에게 직접 전달	중간	일반 switch 문과 명시적 return/대입
ExpressionBody	Drilling.UI	Drilling.UI/Menu/Menus/CMenuSetting.cs	1174	Drilling.UI.Menu.Menus.ST_SETTING_INTERFACE_ROW.ModifiedText.get	PropertyDeclaration	-	호출자 스레드	기존 식 평가 시점	기존 호출자에게 직접 전달	낮음	블록 본문과 명시적 return/get/set
ExpressionBody	Drilling.UI	Drilling.UI/Menu/Menus/CMenuSetting.cs	1176	Drilling.UI.Menu.Menus.ST_SETTING_INTERFACE_ROW.ModifiedBrush.get	PropertyDeclaration	-	호출자 스레드	기존 식 평가 시점	기존 호출자에게 직접 전달	낮음	블록 본문과 명시적 return/get/set
ExpressionBody	Drilling.UI	Drilling.UI/Menu/Menus/CMenuSetting.cs	1178	Drilling.UI.Menu.Menus.ST_SETTING_INTERFACE_ROW.SimulBrush.get	PropertyDeclaration	-	호출자 스레드	기존 식 평가 시점	기존 호출자에게 직접 전달	낮음	블록 본문과 명시적 return/get/set
SwitchExpression	Drilling.UI	Drilling.UI/Menu/Menus/CMenuSetting.cs	1178	Drilling.UI.Menu.Menus.ST_SETTING_INTERFACE_ROW.SimulBrush.get	ArrowExpressionClause	-	호출자 스레드	기존 식 평가 시점	기존 호출자에게 직접 전달	중간	일반 switch 문과 명시적 return/대입
Lambda	Drilling.UI	Drilling.UI/Menu/Menus/CMonitorStatusPollingService.cs	52	Drilling.UI.Menu.Menus.CMonitorStatusPollingService.Start()	Task.Run	this	기존 작업/스레드/타이머 실행 스레드	기존 작업 예약 또는 타이머 발생 시점	기존 Task/스레드 경로 유지	높음	이름 있는 작업/스레드 콜백
Lambda	Drilling.UI	Drilling.UI/Menu/Menus/CMonitorStatusPollingService.cs	125	Drilling.UI.Menu.Menus.CMonitorStatusPollingService.PollDue(System.Threading.CancellationToken)	TryPoll	this,context	호출자 스레드	기존 식 평가 시점	기존 호출자에게 직접 전달	중간	이름 있는 메서드 또는 명시적 반복문
Lambda	Drilling.UI	Drilling.UI/Menu/Menus/CMonitorStatusPollingService.cs	131	Drilling.UI.Menu.Menus.CMonitorStatusPollingService.PollDue(System.Threading.CancellationToken)	TryPoll	this,context	호출자 스레드	기존 식 평가 시점	기존 호출자에게 직접 전달	중간	이름 있는 메서드 또는 명시적 반복문
Lambda	Drilling.UI	Drilling.UI/Menu/Menus/CMonitorStatusPollingService.cs	134	Drilling.UI.Menu.Menus.CMonitorStatusPollingService.PollDue(System.Threading.CancellationToken)	TryPoll	this,context	호출자 스레드	기존 식 평가 시점	기존 호출자에게 직접 전달	중간	이름 있는 메서드 또는 명시적 반복문
Lambda	Drilling.UI	Drilling.UI/Menu/Menus/CMonitorStatusPollingService.cs	143	Drilling.UI.Menu.Menus.CMonitorStatusPollingService.PollDue(System.Threading.CancellationToken)	TryPoll	this,context	호출자 스레드	기존 식 평가 시점	기존 호출자에게 직접 전달	중간	이름 있는 메서드 또는 명시적 반복문
Lambda	Drilling.UI	Drilling.UI/Menu/Menus/CMonitorStatusPollingService.cs	181	Drilling.UI.Menu.Menus.CMonitorStatusPollingService.PollCommunication(System.Threading.CancellationToken)	UpdateSnapshot	communication	호출자 스레드	기존 식 평가 시점	기존 호출자에게 직접 전달	중간	이름 있는 메서드 또는 명시적 반복문
Lambda	Drilling.UI	Drilling.UI/Menu/Menus/CMonitorStatusPollingService.cs	187	Drilling.UI.Menu.Menus.CMonitorStatusPollingService.PollIo(System.Threading.CancellationToken)	UpdateSnapshot	io	호출자 스레드	기존 식 평가 시점	기존 호출자에게 직접 전달	중간	이름 있는 메서드 또는 명시적 반복문
Lambda	Drilling.UI	Drilling.UI/Menu/Menus/CMonitorStatusPollingService.cs	196	Drilling.UI.Menu.Menus.CMonitorStatusPollingService.PollMotor(System.Threading.CancellationToken)	UpdateSnapshot	motors	호출자 스레드	기존 식 평가 시점	기존 호출자에게 직접 전달	중간	이름 있는 메서드 또는 명시적 반복문
Lambda	Drilling.UI	Drilling.UI/Menu/Menus/CMonitorStatusPollingService.cs	214	Drilling.UI.Menu.Menus.CMonitorStatusPollingService.PollLaser(int, System.Threading.CancellationToken)	UpdateSnapshot	talonStatus,laserStatus	호출자 스레드	기존 식 평가 시점	기존 호출자에게 직접 전달	중간	이름 있는 메서드 또는 명시적 반복문
Lambda	Drilling.UI	Drilling.UI/Menu/Menus/CMonitorStatusPollingService.cs	224	Drilling.UI.Menu.Menus.CMonitorStatusPollingService.PollChiller(System.Threading.CancellationToken)	UpdateSnapshot	chiller	호출자 스레드	기존 식 평가 시점	기존 호출자에게 직접 전달	중간	이름 있는 메서드 또는 명시적 반복문
Lambda	Drilling.UI	Drilling.UI/Menu/Menus/CMonitorStatusPollingService.cs	236	Drilling.UI.Menu.Menus.CMonitorStatusPollingService.PollAttenuator(int, System.Threading.CancellationToken)	UpdateSnapshot	attenuator	호출자 스레드	기존 식 평가 시점	기존 호출자에게 직접 전달	중간	이름 있는 메서드 또는 명시적 반복문
Lambda	Drilling.UI	Drilling.UI/Menu/Menus/CMonitorStatusPollingService.cs	247	Drilling.UI.Menu.Menus.CMonitorStatusPollingService.PollBet(int, System.Threading.CancellationToken)	UpdateSnapshot	bet	호출자 스레드	기존 식 평가 시점	기존 호출자에게 직접 전달	중간	이름 있는 메서드 또는 명시적 반복문
Lambda	Drilling.UI	Drilling.UI/Menu/Menus/CMonitorStatusPollingService.cs	256	Drilling.UI.Menu.Menus.CMonitorStatusPollingService.PollPowerMeter(System.Threading.CancellationToken)	UpdateSnapshot	powerMeter	호출자 스레드	기존 식 평가 시점	기존 호출자에게 직접 전달	중간	이름 있는 메서드 또는 명시적 반복문
Lambda	Drilling.UI	Drilling.UI/Menu/Menus/CMonitorStatusPollingService.cs	265	Drilling.UI.Menu.Menus.CMonitorStatusPollingService.PollPicoMotor(System.Threading.CancellationToken)	UpdateSnapshot	picoMotor	호출자 스레드	기존 식 평가 시점	기존 호출자에게 직접 전달	중간	이름 있는 메서드 또는 명시적 반복문
Lambda	Drilling.UI	Drilling.UI/Menu/Menus/CMonitorStatusPollingService.cs	276	Drilling.UI.Menu.Menus.CMonitorStatusPollingService.PollMelsec(string, System.Threading.CancellationToken)	mapRows              .Where	-	열거를 수행하는 호출자 스레드	기존 LINQ 열거 시점	기존 열거 시 호출자에게 전달	낮음	이름 있는 조건/선택 메서드 또는 for/foreach
Lambda	Drilling.UI	Drilling.UI/Menu/Menus/CMonitorStatusPollingService.cs	292	Drilling.UI.Menu.Menus.CMonitorStatusPollingService.PollMelsec(string, System.Threading.CancellationToken)	mapRows              .Where	-	열거를 수행하는 호출자 스레드	기존 LINQ 열거 시점	기존 열거 시 호출자에게 전달	낮음	이름 있는 조건/선택 메서드 또는 for/foreach
Lambda	Drilling.UI	Drilling.UI/Menu/Menus/CMonitorStatusPollingService.cs	293	Drilling.UI.Menu.Menus.CMonitorStatusPollingService.PollMelsec(string, System.Threading.CancellationToken)	mapRows              .Where(row => row.Access != EN_MELSEC_ACCESS.Write)              .OrderBy	-	열거를 수행하는 호출자 스레드	기존 LINQ 열거 시점	기존 열거 시 호출자에게 전달	낮음	이름 있는 조건/선택 메서드 또는 for/foreach
Lambda	Drilling.UI	Drilling.UI/Menu/Menus/CMonitorStatusPollingService.cs	294	Drilling.UI.Menu.Menus.CMonitorStatusPollingService.PollMelsec(string, System.Threading.CancellationToken)	mapRows              .Where(row => row.Access != EN_MELSEC_ACCESS.Write)              .OrderBy(row => row.Group, StringComparer.OrdinalIgnoreCase)              .ThenBy	-	열거를 수행하는 호출자 스레드	기존 LINQ 열거 시점	기존 열거 시 호출자에게 전달	낮음	이름 있는 조건/선택 메서드 또는 for/foreach
Lambda	Drilling.UI	Drilling.UI/Menu/Menus/CMonitorStatusPollingService.cs	295	Drilling.UI.Menu.Menus.CMonitorStatusPollingService.PollMelsec(string, System.Threading.CancellationToken)	mapRows              .Where(row => row.Access != EN_MELSEC_ACCESS.Write)              .OrderBy(row => row.Group, StringComparer.OrdinalIgnoreCase)              .ThenBy(row => row.Id, StringComparer.OrdinalIgnoreCase)              .Where	this,now	열거를 수행하는 호출자 스레드	기존 LINQ 열거 시점	기존 열거 시 호출자에게 전달	중간	이름 있는 조건/선택 메서드 또는 for/foreach
Lambda	Drilling.UI	Drilling.UI/Menu/Menus/CMonitorStatusPollingService.cs	327	Drilling.UI.Menu.Menus.CMonitorStatusPollingService.PollMelsec(string, System.Threading.CancellationToken)	readRows.Where	row	열거를 수행하는 호출자 스레드	기존 LINQ 열거 시점	기존 열거 시 호출자에게 전달	중간	이름 있는 조건/선택 메서드 또는 for/foreach
SwitchExpression	Drilling.UI	Drilling.UI/Menu/Menus/CMonitorStatusPollingService.cs	341	Drilling.UI.Menu.Menus.CMonitorStatusPollingService.ReadMelsecValue(Drilling.Common.Interface.ST_MELSEC_MAP_DATA, System.Threading.CancellationToken)	ReturnStatement	-	호출자 스레드	기존 식 평가 시점	기존 호출자에게 직접 전달	중간	일반 switch 문과 명시적 return/대입
Lambda	Drilling.UI	Drilling.UI/Menu/Menus/CReviewGlassPreviewBuilder.cs	39	Drilling.UI.Menu.Menus.CReviewGlassPreviewBuilder.Build(Drilling.Common.Managers.ST_RECIPE_DATA, int, int, int, System.Collections.Generic.IReadOnlyList<Drilling.Common.Review.ST_REVIEW_PLAN_POINT>?, bool, System.Collections.Generic.IReadOnlySet<int>?, Drilling.UI.Menu.Menus.ST_REVIEW_GLASS_AXIS_INDICATOR?, System.Collections.Generic.IReadOnlyList<Drilling.UI.Menu.Menus.ST_REVIEW_GLASS_AXIS_INDICATOR>?)	CCellPreviewDrawing.CreateDistortionKeyPreviews	recipe	호출자 스레드	기존 식 평가 시점	기존 호출자에게 직접 전달	중간	이름 있는 메서드 또는 명시적 반복문
Lambda	Drilling.UI	Drilling.UI/Menu/Menus/CReviewGlassPreviewBuilder.cs	46	Drilling.UI.Menu.Menus.CReviewGlassPreviewBuilder.Build(Drilling.Common.Managers.ST_RECIPE_DATA, int, int, int, System.Collections.Generic.IReadOnlyList<Drilling.Common.Review.ST_REVIEW_PLAN_POINT>?, bool, System.Collections.Generic.IReadOnlySet<int>?, Drilling.UI.Menu.Menus.ST_REVIEW_GLASS_AXIS_INDICATOR?, System.Collections.Generic.IReadOnlyList<Drilling.UI.Menu.Menus.ST_REVIEW_GLASS_AXIS_INDICATOR>?)	reviewPointList              .GroupBy	-	열거를 수행하는 호출자 스레드	기존 LINQ 열거 시점	기존 열거 시 호출자에게 전달	낮음	이름 있는 조건/선택 메서드 또는 for/foreach
Lambda	Drilling.UI	Drilling.UI/Menu/Menus/CReviewGlassPreviewBuilder.cs	47	Drilling.UI.Menu.Menus.CReviewGlassPreviewBuilder.Build(Drilling.Common.Managers.ST_RECIPE_DATA, int, int, int, System.Collections.Generic.IReadOnlyList<Drilling.Common.Review.ST_REVIEW_PLAN_POINT>?, bool, System.Collections.Generic.IReadOnlySet<int>?, Drilling.UI.Menu.Menus.ST_REVIEW_GLASS_AXIS_INDICATOR?, System.Collections.Generic.IReadOnlyList<Drilling.UI.Menu.Menus.ST_REVIEW_GLASS_AXIS_INDICATOR>?)	reviewPointList              .GroupBy(point => (point.CellNo, point.HoleNo))              .ToDictionary	-	열거를 수행하는 호출자 스레드	기존 LINQ 열거 시점	기존 열거 시 호출자에게 전달	낮음	이름 있는 조건/선택 메서드 또는 for/foreach
Lambda	Drilling.UI	Drilling.UI/Menu/Menus/CReviewGlassPreviewBuilder.cs	47	Drilling.UI.Menu.Menus.CReviewGlassPreviewBuilder.Build(Drilling.Common.Managers.ST_RECIPE_DATA, int, int, int, System.Collections.Generic.IReadOnlyList<Drilling.Common.Review.ST_REVIEW_PLAN_POINT>?, bool, System.Collections.Generic.IReadOnlySet<int>?, Drilling.UI.Menu.Menus.ST_REVIEW_GLASS_AXIS_INDICATOR?, System.Collections.Generic.IReadOnlyList<Drilling.UI.Menu.Menus.ST_REVIEW_GLASS_AXIS_INDICATOR>?)	reviewPointList              .GroupBy(point => (point.CellNo, point.HoleNo))              .ToDictionary	-	열거를 수행하는 호출자 스레드	기존 LINQ 열거 시점	기존 열거 시 호출자에게 전달	낮음	이름 있는 조건/선택 메서드 또는 for/foreach
Lambda	Drilling.UI	Drilling.UI/Menu/Menus/CReviewGlassPreviewBuilder.cs	49	Drilling.UI.Menu.Menus.CReviewGlassPreviewBuilder.Build(Drilling.Common.Managers.ST_RECIPE_DATA, int, int, int, System.Collections.Generic.IReadOnlyList<Drilling.Common.Review.ST_REVIEW_PLAN_POINT>?, bool, System.Collections.Generic.IReadOnlySet<int>?, Drilling.UI.Menu.Menus.ST_REVIEW_GLASS_AXIS_INDICATOR?, System.Collections.Generic.IReadOnlyList<Drilling.UI.Menu.Menus.ST_REVIEW_GLASS_AXIS_INDICATOR>?)	reviewPointList              .GroupBy	-	열거를 수행하는 호출자 스레드	기존 LINQ 열거 시점	기존 열거 시 호출자에게 전달	낮음	이름 있는 조건/선택 메서드 또는 for/foreach
Lambda	Drilling.UI	Drilling.UI/Menu/Menus/CReviewGlassPreviewBuilder.cs	50	Drilling.UI.Menu.Menus.CReviewGlassPreviewBuilder.Build(Drilling.Common.Managers.ST_RECIPE_DATA, int, int, int, System.Collections.Generic.IReadOnlyList<Drilling.Common.Review.ST_REVIEW_PLAN_POINT>?, bool, System.Collections.Generic.IReadOnlySet<int>?, Drilling.UI.Menu.Menus.ST_REVIEW_GLASS_AXIS_INDICATOR?, System.Collections.Generic.IReadOnlyList<Drilling.UI.Menu.Menus.ST_REVIEW_GLASS_AXIS_INDICATOR>?)	reviewPointList              .GroupBy(point => (point.CellNo, point.HoleNo))              .ToDictionary	-	열거를 수행하는 호출자 스레드	기존 LINQ 열거 시점	기존 열거 시 호출자에게 전달	낮음	이름 있는 조건/선택 메서드 또는 for/foreach
Lambda	Drilling.UI	Drilling.UI/Menu/Menus/CReviewGlassPreviewBuilder.cs	50	Drilling.UI.Menu.Menus.CReviewGlassPreviewBuilder.Build(Drilling.Common.Managers.ST_RECIPE_DATA, int, int, int, System.Collections.Generic.IReadOnlyList<Drilling.Common.Review.ST_REVIEW_PLAN_POINT>?, bool, System.Collections.Generic.IReadOnlySet<int>?, Drilling.UI.Menu.Menus.ST_REVIEW_GLASS_AXIS_INDICATOR?, System.Collections.Generic.IReadOnlyList<Drilling.UI.Menu.Menus.ST_REVIEW_GLASS_AXIS_INDICATOR>?)	reviewPointList              .GroupBy(point => (point.CellNo, point.HoleNo))              .ToDictionary	-	열거를 수행하는 호출자 스레드	기존 LINQ 열거 시점	기존 열거 시 호출자에게 전달	낮음	이름 있는 조건/선택 메서드 또는 for/foreach
Lambda	Drilling.UI	Drilling.UI/Menu/Menus/CReviewGlassPreviewBuilder.cs	54	Drilling.UI.Menu.Menus.CReviewGlassPreviewBuilder.Build(Drilling.Common.Managers.ST_RECIPE_DATA, int, int, int, System.Collections.Generic.IReadOnlyList<Drilling.Common.Review.ST_REVIEW_PLAN_POINT>?, bool, System.Collections.Generic.IReadOnlySet<int>?, Drilling.UI.Menu.Menus.ST_REVIEW_GLASS_AXIS_INDICATOR?, System.Collections.Generic.IReadOnlyList<Drilling.UI.Menu.Menus.ST_REVIEW_GLASS_AXIS_INDICATOR>?)	visibleCellNos                  .Where	cellCount	열거를 수행하는 호출자 스레드	기존 LINQ 열거 시점	기존 열거 시 호출자에게 전달	중간	이름 있는 조건/선택 메서드 또는 for/foreach
Lambda	Drilling.UI	Drilling.UI/Menu/Menus/CReviewGlassPreviewBuilder.cs	56	Drilling.UI.Menu.Menus.CReviewGlassPreviewBuilder.Build(Drilling.Common.Managers.ST_RECIPE_DATA, int, int, int, System.Collections.Generic.IReadOnlyList<Drilling.Common.Review.ST_REVIEW_PLAN_POINT>?, bool, System.Collections.Generic.IReadOnlySet<int>?, Drilling.UI.Menu.Menus.ST_REVIEW_GLASS_AXIS_INDICATOR?, System.Collections.Generic.IReadOnlyList<Drilling.UI.Menu.Menus.ST_REVIEW_GLASS_AXIS_INDICATOR>?)	visibleCellNos                  .Where(cellNo => cellNo >= 1 && cellNo <= cellCount)                  .Distinct()                  .OrderBy	-	열거를 수행하는 호출자 스레드	기존 LINQ 열거 시점	기존 열거 시 호출자에게 전달	낮음	이름 있는 조건/선택 메서드 또는 for/foreach
Lambda	Drilling.UI	Drilling.UI/Menu/Menus/CReviewGlassPreviewBuilder.cs	194	Drilling.UI.Menu.Menus.CReviewGlassPreviewBuilder.Build(Drilling.Common.Managers.ST_RECIPE_DATA, int, int, int, System.Collections.Generic.IReadOnlyList<Drilling.Common.Review.ST_REVIEW_PLAN_POINT>?, bool, System.Collections.Generic.IReadOnlySet<int>?, Drilling.UI.Menu.Menus.ST_REVIEW_GLASS_AXIS_INDICATOR?, System.Collections.Generic.IReadOnlyList<Drilling.UI.Menu.Menus.ST_REVIEW_GLASS_AXIS_INDICATOR>?)	holeVisuals.GroupBy	-	열거를 수행하는 호출자 스레드	기존 LINQ 열거 시점	기존 열거 시 호출자에게 전달	낮음	이름 있는 조건/선택 메서드 또는 for/foreach
Lambda	Drilling.UI	Drilling.UI/Menu/Menus/CReviewGlassPreviewBuilder.cs	265	Drilling.UI.Menu.Menus.CReviewGlassPreviewBuilder.Build(Drilling.Common.Managers.ST_RECIPE_DATA, int, int, int, System.Collections.Generic.IReadOnlyList<Drilling.Common.Review.ST_REVIEW_PLAN_POINT>?, bool, System.Collections.Generic.IReadOnlySet<int>?, Drilling.UI.Menu.Menus.ST_REVIEW_GLASS_AXIS_INDICATOR?, System.Collections.Generic.IReadOnlyList<Drilling.UI.Menu.Menus.ST_REVIEW_GLASS_AXIS_INDICATOR>?)	labels              .Select	frameLeft,frameTop,paddingX,paddingY,previewRect	열거를 수행하는 호출자 스레드	기존 LINQ 열거 시점	기존 열거 시 호출자에게 전달	중간	이름 있는 조건/선택 메서드 또는 for/foreach
Lambda	Drilling.UI	Drilling.UI/Menu/Menus/CReviewGlassPreviewBuilder.cs	596	Drilling.UI.Menu.Menus.CReviewGlassPreviewBuilder.ReadText(Drilling.Common.Managers.ST_RECIPE_DATA, params string[])	recipe.Parameters.FirstOrDefault	key	열거를 수행하는 호출자 스레드	기존 LINQ 열거 시점	기존 열거 시 호출자에게 전달	중간	이름 있는 조건/선택 메서드 또는 for/foreach
ExpressionBody	Drilling.UI	Drilling.UI/Menu/Menus/CReviewGlassPreviewBuilder.cs	630	Drilling.UI.Menu.Menus.ST_REVIEW_CURRENT_HOLE_MARKER.Height.get	PropertyDeclaration	-	호출자 스레드	기존 식 평가 시점	기존 호출자에게 직접 전달	낮음	블록 본문과 명시적 return/get/set
Lambda	Drilling.UI	Drilling.UI/Menu/Menus/CScannerStatusPollingService.cs	29	Drilling.UI.Menu.Menus.CScannerStatusPollingService.Start()	Task.Run	this	기존 작업/스레드/타이머 실행 스레드	기존 작업 예약 또는 타이머 발생 시점	기존 Task/스레드 경로 유지	높음	이름 있는 작업/스레드 콜백
Lambda	Drilling.UI	Drilling.UI/Menu/Menus/CScannerStatusPollingService.cs	151	Drilling.UI.Menu.Menus.CScannerStatusPollingService.BuildAxisDefinitions(System.Collections.Generic.IReadOnlyList<Drilling.Common.Managers.ST_SYSTEM_PARAMETER>)	Enumerable.Range(1, 8)              .SelectMany	settings	열거를 수행하는 호출자 스레드	기존 LINQ 열거 시점	기존 열거 시 호출자에게 전달	중간	이름 있는 조건/선택 메서드 또는 for/foreach
ExpressionBody	Drilling.UI	Drilling.UI/Menu/Menus/IMenu.cs	38	Drilling.UI.Menu.Menus.ST_DISPLAY_ITEM.ValueBrush.get	PropertyDeclaration	-	호출자 스레드	기존 식 평가 시점	기존 호출자에게 직접 전달	낮음	블록 본문과 명시적 return/get/set
ExpressionBody	Drilling.UI	Drilling.UI/Menu/Menus/IMenu.cs	40	Drilling.UI.Menu.Menus.ST_DISPLAY_ITEM.StateBrush.get	PropertyDeclaration	-	호출자 스레드	기존 식 평가 시점	기존 호출자에게 직접 전달	낮음	블록 본문과 명시적 return/get/set
ExpressionBody	Drilling.UI	Drilling.UI/Menu/Menus/IMenu.cs	79	Drilling.UI.Menu.Menus.CStatusBrush.PrimaryText.get	PropertyDeclaration	-	호출자 스레드	기존 식 평가 시점	기존 호출자에게 직접 전달	낮음	블록 본문과 명시적 return/get/set
ExpressionBody	Drilling.UI	Drilling.UI/Menu/Menus/IMenu.cs	80	Drilling.UI.Menu.Menus.CStatusBrush.Recipe.get	PropertyDeclaration	-	호출자 스레드	기존 식 평가 시점	기존 호출자에게 직접 전달	낮음	블록 본문과 명시적 return/get/set
ExpressionBody	Drilling.UI	Drilling.UI/Menu/Menus/IMenu.cs	81	Drilling.UI.Menu.Menus.CStatusBrush.Online.get	PropertyDeclaration	-	호출자 스레드	기존 식 평가 시점	기존 호출자에게 직접 전달	낮음	블록 본문과 명시적 return/get/set
ExpressionBody	Drilling.UI	Drilling.UI/Menu/Menus/IMenu.cs	82	Drilling.UI.Menu.Menus.CStatusBrush.Simul.get	PropertyDeclaration	-	호출자 스레드	기존 식 평가 시점	기존 호출자에게 직접 전달	낮음	블록 본문과 명시적 return/get/set
ExpressionBody	Drilling.UI	Drilling.UI/Menu/Menus/IMenu.cs	83	Drilling.UI.Menu.Menus.CStatusBrush.Offline.get	PropertyDeclaration	-	호출자 스레드	기존 식 평가 시점	기존 호출자에게 직접 전달	낮음	블록 본문과 명시적 return/get/set
ExpressionBody	Drilling.UI	Drilling.UI/Menu/Menus/IMenu.cs	84	Drilling.UI.Menu.Menus.CStatusBrush.Wait.get	PropertyDeclaration	-	호출자 스레드	기존 식 평가 시점	기존 호출자에게 직접 전달	낮음	블록 본문과 명시적 return/get/set
ExpressionBody	Drilling.UI	Drilling.UI/Menu/Menus/IMenu.cs	85	Drilling.UI.Menu.Menus.CStatusBrush.Active.get	PropertyDeclaration	-	호출자 스레드	기존 식 평가 시점	기존 호출자에게 직접 전달	낮음	블록 본문과 명시적 return/get/set
ExpressionBody	Drilling.UI	Drilling.UI/Menu/Menus/IMenu.cs	86	Drilling.UI.Menu.Menus.CStatusBrush.Muted.get	PropertyDeclaration	-	호출자 스레드	기존 식 평가 시점	기존 호출자에게 직접 전달	낮음	블록 본문과 명시적 return/get/set
ExpressionBody	Drilling.UI	Drilling.UI/Menu/Menus/IMenu.cs	87	Drilling.UI.Menu.Menus.CStatusBrush.CommandBlue.get	PropertyDeclaration	-	호출자 스레드	기존 식 평가 시점	기존 호출자에게 직접 전달	낮음	블록 본문과 명시적 return/get/set
ExpressionBody	Drilling.UI	Drilling.UI/Menu/Menus/IMenu.cs	88	Drilling.UI.Menu.Menus.CStatusBrush.CommandBlueBorder.get	PropertyDeclaration	-	호출자 스레드	기존 식 평가 시점	기존 호출자에게 직접 전달	낮음	블록 본문과 명시적 return/get/set
ExpressionBody	Drilling.UI	Drilling.UI/Menu/Menus/IMenu.cs	89	Drilling.UI.Menu.Menus.CStatusBrush.CommandGreen.get	PropertyDeclaration	-	호출자 스레드	기존 식 평가 시점	기존 호출자에게 직접 전달	낮음	블록 본문과 명시적 return/get/set
ExpressionBody	Drilling.UI	Drilling.UI/Menu/Menus/IMenu.cs	90	Drilling.UI.Menu.Menus.CStatusBrush.CommandGreenBorder.get	PropertyDeclaration	-	호출자 스레드	기존 식 평가 시점	기존 호출자에게 직접 전달	낮음	블록 본문과 명시적 return/get/set
ExpressionBody	Drilling.UI	Drilling.UI/Menu/Menus/IMenu.cs	91	Drilling.UI.Menu.Menus.CStatusBrush.CommandRed.get	PropertyDeclaration	-	호출자 스레드	기존 식 평가 시점	기존 호출자에게 직접 전달	낮음	블록 본문과 명시적 return/get/set
ExpressionBody	Drilling.UI	Drilling.UI/Menu/Menus/IMenu.cs	92	Drilling.UI.Menu.Menus.CStatusBrush.CommandRedBorder.get	PropertyDeclaration	-	호출자 스레드	기존 식 평가 시점	기존 호출자에게 직접 전달	낮음	블록 본문과 명시적 return/get/set
ExpressionBody	Drilling.UI	Drilling.UI/Menu/Menus/IMenu.cs	93	Drilling.UI.Menu.Menus.CStatusBrush.CommandDark.get	PropertyDeclaration	-	호출자 스레드	기존 식 평가 시점	기존 호출자에게 직접 전달	낮음	블록 본문과 명시적 return/get/set
ExpressionBody	Drilling.UI	Drilling.UI/Menu/Menus/IMenu.cs	94	Drilling.UI.Menu.Menus.CStatusBrush.CommandDarkBorder.get	PropertyDeclaration	-	호출자 스레드	기존 식 평가 시점	기존 호출자에게 직접 전달	낮음	블록 본문과 명시적 return/get/set
SwitchExpression	Drilling.UI	Drilling.UI/Menu/Menus/IMenu.cs	98	Drilling.UI.Menu.Menus.CStatusBrush.ForHeaderState(string)	ReturnStatement	-	호출자 스레드	기존 식 평가 시점	기존 호출자에게 직접 전달	중간	일반 switch 문과 명시적 return/대입
SwitchExpression	Drilling.UI	Drilling.UI/Menu/Menus/IMenu.cs	112	Drilling.UI.Menu.Menus.CStatusBrush.ForDisplayState(string)	ReturnStatement	-	호출자 스레드	기존 식 평가 시점	기존 호출자에게 직접 전달	중간	일반 switch 문과 명시적 return/대입
SwitchExpression	Drilling.UI	Drilling.UI/Menu/Menus/IMenu.cs	126	Drilling.UI.Menu.Menus.CStatusBrush.ForHeadStatus(string)	ReturnStatement	-	호출자 스레드	기존 식 평가 시점	기존 호출자에게 직접 전달	중간	일반 switch 문과 명시적 return/대입
ExpressionBody	Drilling.UI	Drilling.UI/Menu/Menus/IMenu.cs	166	Drilling.UI.Menu.Menus.ST_HEADER_STATUS_ITEM.AccentBrush.get	PropertyDeclaration	-	호출자 스레드	기존 식 평가 시점	기존 호출자에게 직접 전달	낮음	블록 본문과 명시적 return/get/set
ExpressionBody	Drilling.UI	Drilling.UI/Menu/Menus/IMenu.cs	168	Drilling.UI.Menu.Menus.ST_HEADER_STATUS_ITEM.ValueBrush.get	PropertyDeclaration	-	호출자 스레드	기존 식 평가 시점	기존 호출자에게 직접 전달	낮음	블록 본문과 명시적 return/get/set
ExpressionBody	Drilling.UI	Drilling.UI/Menu/Menus/IMenu.cs	170	Drilling.UI.Menu.Menus.ST_HEADER_STATUS_ITEM.Previous.get	PropertyDeclaration	-	호출자 스레드	기존 식 평가 시점	기존 호출자에게 직접 전달	낮음	블록 본문과 명시적 return/get/set
ExpressionBody	Drilling.UI	Drilling.UI/Menu/Menus/IMenu.cs	172	Drilling.UI.Menu.Menus.ST_HEADER_STATUS_ITEM.Next.get	PropertyDeclaration	-	호출자 스레드	기존 식 평가 시점	기존 호출자에게 직접 전달	낮음	블록 본문과 명시적 return/get/set
ExpressionBody	Drilling.UI	Drilling.UI/Menu/Menus/IMenu.cs	174	Drilling.UI.Menu.Menus.ST_HEADER_STATUS_ITEM.Open.get	PropertyDeclaration	-	호출자 스레드	기존 식 평가 시점	기존 호출자에게 직접 전달	낮음	블록 본문과 명시적 return/get/set
ExpressionBody	Drilling.UI	Drilling.UI/Menu/Menus/IMenu.cs	228	Drilling.UI.Menu.Menus.CScreenViewModel.IsMainLayout.get	PropertyDeclaration	-	호출자 스레드	기존 식 평가 시점	기존 호출자에게 직접 전달	낮음	블록 본문과 명시적 return/get/set
ExpressionBody	Drilling.UI	Drilling.UI/Menu/Menus/IMenu.cs	230	Drilling.UI.Menu.Menus.CScreenViewModel.IsManualLayout.get	PropertyDeclaration	-	호출자 스레드	기존 식 평가 시점	기존 호출자에게 직접 전달	낮음	블록 본문과 명시적 return/get/set
ExpressionBody	Drilling.UI	Drilling.UI/Menu/Menus/IMenu.cs	232	Drilling.UI.Menu.Menus.CScreenViewModel.IsRecipeLayout.get	PropertyDeclaration	-	호출자 스레드	기존 식 평가 시점	기존 호출자에게 직접 전달	낮음	블록 본문과 명시적 return/get/set
ExpressionBody	Drilling.UI	Drilling.UI/Menu/Menus/IMenu.cs	234	Drilling.UI.Menu.Menus.CScreenViewModel.IsSettingLayout.get	PropertyDeclaration	-	호출자 스레드	기존 식 평가 시점	기존 호출자에게 직접 전달	낮음	블록 본문과 명시적 return/get/set
ExpressionBody	Drilling.UI	Drilling.UI/Menu/Menus/IMenu.cs	236	Drilling.UI.Menu.Menus.CScreenViewModel.IsAlarmLayout.get	PropertyDeclaration	-	호출자 스레드	기존 식 평가 시점	기존 호출자에게 직접 전달	낮음	블록 본문과 명시적 return/get/set
ExpressionBody	Drilling.UI	Drilling.UI/Menu/Menus/IMenu.cs	238	Drilling.UI.Menu.Menus.CScreenViewModel.IsMonitorLayout.get	PropertyDeclaration	-	호출자 스레드	기존 식 평가 시점	기존 호출자에게 직접 전달	낮음	블록 본문과 명시적 return/get/set
ExpressionBody	Drilling.UI	Drilling.UI/Menu/Menus/IMenu.cs	240	Drilling.UI.Menu.Menus.CScreenViewModel.IsReviewLayout.get	PropertyDeclaration	-	호출자 스레드	기존 식 평가 시점	기존 호출자에게 직접 전달	낮음	블록 본문과 명시적 return/get/set
ExpressionBody	Drilling.UI	Drilling.UI/Menu/Menus/IMenu.cs	242	Drilling.UI.Menu.Menus.CScreenViewModel.IsCorrectionLayout.get	PropertyDeclaration	-	호출자 스레드	기존 식 평가 시점	기존 호출자에게 직접 전달	낮음	블록 본문과 명시적 return/get/set
ExpressionBody	Drilling.UI	Drilling.UI/Menu/Menus/IMenu.cs	244	Drilling.UI.Menu.Menus.CScreenViewModel.IsPmLayout.get	PropertyDeclaration	-	호출자 스레드	기존 식 평가 시점	기존 호출자에게 직접 전달	낮음	블록 본문과 명시적 return/get/set
ExpressionBody	Drilling.UI	Drilling.UI/Menu/Menus/IMenu.cs	246	Drilling.UI.Menu.Menus.CScreenViewModel.IsGenericLayout.get	PropertyDeclaration	-	호출자 스레드	기존 식 평가 시점	기존 호출자에게 직접 전달	낮음	블록 본문과 명시적 return/get/set
ExpressionBody	Drilling.UI	Drilling.UI/Menu/Menus/IMenu.cs	264	Drilling.UI.Menu.Menus.CMenuItem.IconGeometry.get	PropertyDeclaration	-	호출자 스레드	기존 식 평가 시점	기존 호출자에게 직접 전달	낮음	블록 본문과 명시적 return/get/set
ExpressionBody	Drilling.UI	Drilling.UI/Menu/Menus/IMenu.cs	266	Drilling.UI.Menu.Menus.CMenuItem.Description.get	PropertyDeclaration	-	호출자 스레드	기존 식 평가 시점	기존 호출자에게 직접 전달	낮음	블록 본문과 명시적 return/get/set
SwitchExpression	Drilling.UI	Drilling.UI/Menu/Menus/IMenu.cs	266	Drilling.UI.Menu.Menus.CMenuItem.Description.get	ArrowExpressionClause	-	호출자 스레드	기존 식 평가 시점	기존 호출자에게 직접 전달	중간	일반 switch 문과 명시적 return/대입
Lambda	Drilling.UI	Drilling.UI/Popup/CInterfaceStatusDialog.xaml.cs	17	Drilling.UI.Popup.CInterfaceStatusDialog.CInterfaceStatusDialog(string, System.Collections.Generic.IReadOnlyList<Drilling.Common.Interface.ST_INTERFACE_COMM_STATUS>)	statuses              .OrderBy	-	열거를 수행하는 호출자 스레드	기존 LINQ 열거 시점	기존 열거 시 호출자에게 전달	낮음	이름 있는 조건/선택 메서드 또는 for/foreach
Lambda	Drilling.UI	Drilling.UI/Popup/CInterfaceStatusDialog.xaml.cs	18	Drilling.UI.Popup.CInterfaceStatusDialog.CInterfaceStatusDialog(string, System.Collections.Generic.IReadOnlyList<Drilling.Common.Interface.ST_INTERFACE_COMM_STATUS>)	statuses              .OrderBy(status => status.Number)              .ThenBy	-	열거를 수행하는 호출자 스레드	기존 LINQ 열거 시점	기존 열거 시 호출자에게 전달	낮음	이름 있는 조건/선택 메서드 또는 for/foreach
Lambda	Drilling.UI	Drilling.UI/Popup/CInterfaceStatusDialog.xaml.cs	19	Drilling.UI.Popup.CInterfaceStatusDialog.CInterfaceStatusDialog(string, System.Collections.Generic.IReadOnlyList<Drilling.Common.Interface.ST_INTERFACE_COMM_STATUS>)	statuses              .OrderBy(status => status.Number)              .ThenBy(status => status.NickName, StringComparer.OrdinalIgnoreCase)              .Select	-	열거를 수행하는 호출자 스레드	기존 LINQ 열거 시점	기존 열거 시 호출자에게 전달	낮음	이름 있는 조건/선택 메서드 또는 for/foreach
SwitchExpression	Drilling.UI	Drilling.UI/Popup/CInterfaceStatusDialog.xaml.cs	62	Drilling.UI.Popup.CInterfaceStatusDialog.CInterfaceStatusRow.ToStateText(Drilling.Common.Interface.EN_COMM_STATE)	ReturnStatement	-	호출자 스레드	기존 식 평가 시점	기존 호출자에게 직접 전달	중간	일반 switch 문과 명시적 return/대입
Lambda	Drilling.UI	Drilling.UI/Popup/CPasswordInputDialog.xaml.cs	14	Drilling.UI.Popup.CPasswordInputDialog.CPasswordInputDialog(string)	event:Loaded	this	이벤트 발생 스레드	기존 이벤트 발생 시점	기존 이벤트 디스패치 경로	높음	이름 있는 이벤트 처리 메서드
ExpressionBody	Drilling.UI	Drilling.UI/Popup/CPasswordInputDialog.xaml.cs	17	Drilling.UI.Popup.CPasswordInputDialog.ResultPassword.get	PropertyDeclaration	-	호출자 스레드	기존 식 평가 시점	기존 호출자에게 직접 전달	낮음	블록 본문과 명시적 return/get/set
Lambda	Drilling.UI	Drilling.UI/Popup/CPasswordInputDialog.xaml.cs	21	Drilling.UI.Popup.CPasswordInputDialog.BuildKeys()	"1234567890QWERTYUIOPASDFGHJKLZXCVBNM_-./:".Select	-	열거를 수행하는 호출자 스레드	기존 LINQ 열거 시점	기존 열거 시 호출자에게 전달	낮음	이름 있는 조건/선택 메서드 또는 for/foreach
ExpressionBody	Drilling.UI	Drilling.UI/Popup/CPasswordInputDialog.xaml.cs	39	Drilling.UI.Popup.CPasswordInputDialog.SpaceClick(object, System.Windows.RoutedEventArgs)	MethodDeclaration	-	호출자 스레드	기존 식 평가 시점	기존 호출자에게 직접 전달	낮음	블록 본문과 명시적 return/get/set
ExpressionBody	Drilling.UI	Drilling.UI/Popup/CPasswordInputDialog.xaml.cs	46	Drilling.UI.Popup.CPasswordInputDialog.ClearClick(object, System.Windows.RoutedEventArgs)	MethodDeclaration	-	호출자 스레드	기존 식 평가 시점	기존 호출자에게 직접 전달	낮음	블록 본문과 명시적 return/get/set
ExpressionBody	Drilling.UI	Drilling.UI/Popup/CPasswordInputDialog.xaml.cs	48	Drilling.UI.Popup.CPasswordInputDialog.CancelClick(object, System.Windows.RoutedEventArgs)	MethodDeclaration	-	호출자 스레드	기존 식 평가 시점	기존 호출자에게 직접 전달	낮음	블록 본문과 명시적 return/get/set
ExpressionBody	Drilling.UI	Drilling.UI/Popup/CPasswordInputDialog.xaml.cs	50	Drilling.UI.Popup.CPasswordInputDialog.OkClick(object, System.Windows.RoutedEventArgs)	MethodDeclaration	-	호출자 스레드	기존 식 평가 시점	기존 호출자에게 직접 전달	낮음	블록 본문과 명시적 return/get/set
ExpressionBody	Drilling.UI	Drilling.UI/Popup/CRecipeNameDialog.xaml.cs	29	Drilling.UI.Popup.CRecipeNameDialog.RecipeName.get	PropertyDeclaration	-	호출자 스레드	기존 식 평가 시점	기존 호출자에게 직접 전달	낮음	블록 본문과 명시적 return/get/set
Lambda	Drilling.UI	Drilling.UI/Popup/CValueInputDialog.xaml.cs	33	Drilling.UI.Popup.CValueInputDialog.CValueInputDialog(string, string, Drilling.Common.Managers.EN_RECIPE_DATA_TYPE, double, double)	event:Loaded	this	이벤트 발생 스레드	기존 이벤트 발생 시점	기존 이벤트 디스패치 경로	높음	이름 있는 이벤트 처리 메서드
ExpressionBody	Drilling.UI	Drilling.UI/Popup/CValueInputDialog.xaml.cs	40	Drilling.UI.Popup.CValueInputDialog.ResultValue.get	PropertyDeclaration	-	호출자 스레드	기존 식 평가 시점	기존 호출자에게 직접 전달	낮음	블록 본문과 명시적 return/get/set
SwitchExpression	Drilling.UI	Drilling.UI/Popup/CValueInputDialog.xaml.cs	44	Drilling.UI.Popup.CValueInputDialog.BuildKeys()	EqualsValueClause	-	호출자 스레드	기존 식 평가 시점	기존 호출자에게 직접 전달	중간	일반 switch 문과 명시적 return/대입
Lambda	Drilling.UI	Drilling.UI/Popup/CValueInputDialog.xaml.cs	48	Drilling.UI.Popup.CValueInputDialog.BuildKeys()	"1234567890QWERTYUIOPASDFGHJKLZXCVBNM_-./:".Select	-	열거를 수행하는 호출자 스레드	기존 LINQ 열거 시점	기존 열거 시 호출자에게 전달	낮음	이름 있는 조건/선택 메서드 또는 for/foreach
ExpressionBody	Drilling.UI	Drilling.UI/Popup/CValueInputDialog.xaml.cs	106	Drilling.UI.Popup.CValueInputDialog.ClearClick(object, System.Windows.RoutedEventArgs)	MethodDeclaration	-	호출자 스레드	기존 식 평가 시점	기존 호출자에게 직접 전달	낮음	블록 본문과 명시적 return/get/set
ExpressionBody	Drilling.UI	Drilling.UI/Popup/CValueInputDialog.xaml.cs	155	Drilling.UI.Popup.CValueInputDialog.CancelClick(object, System.Windows.RoutedEventArgs)	MethodDeclaration	-	호출자 스레드	기존 식 평가 시점	기존 호출자에게 직접 전달	낮음	블록 본문과 명시적 return/get/set
SwitchExpression	Drilling.UI	Drilling.UI/Views/CMonitorView.xaml.cs	122	Drilling.UI.Views.CMonitorView.OpenBetTableInput(object, System.Windows.RoutedEventArgs)	EqualsValueClause	-	호출자 스레드	기존 식 평가 시점	기존 호출자에게 직접 전달	중간	일반 switch 문과 명시적 return/대입
ExpressionBody	Drilling.UI	Drilling.UI/Views/CPmView.xaml.cs	29	Drilling.UI.Views.CPmView.ClearPmPassword(object, System.Windows.RoutedEventArgs)	MethodDeclaration	-	호출자 스레드	기존 식 평가 시점	기존 호출자에게 직접 전달	낮음	블록 본문과 명시적 return/get/set
SwitchExpression	Drilling.UI	Drilling.UI/Views/CRecipeView.xaml.cs	35	Drilling.UI.Views.CRecipeView.OpenCellOverviewInput(object, System.Windows.RoutedEventArgs)	EqualsValueClause	-	호출자 스레드	기존 식 평가 시점	기존 호출자에게 직접 전달	중간	일반 switch 문과 명시적 return/대입
SwitchExpression	Drilling.UI	Drilling.UI/Views/CSettingView.xaml.cs	69	Drilling.UI.Views.CSettingView.OpenInterfaceValueInput(object, System.Windows.RoutedEventArgs)	EqualsValueClause	-	호출자 스레드	기존 식 평가 시점	기존 호출자에게 직접 전달	중간	일반 switch 문과 명시적 return/대입
